"image","xmin","ymin","xmax","ymax","label"
"Montreal_Kistler1.jpg",295.0450928381963,241.29377431906616,607.5190097259062,463.5505836575876,"car"
"Montreal_Kistler1.jpg",98.34836427939877,178.41439688715954,417.6693191865606,345.2626459143969,"car"
"Montreal_Kistler1.jpg",32.99027409372237,155.64202334630352,201.6763925729443,231.33268482490274,"car"
"Montreal_Kistler1.jpg",529.0893015030947,144.795719844358,593.2024756852344,215.7684824902724,"car"
"Montreal_Kistler1.jpg",374.7197170645447,131.09922178988327,469.9557913351017,182.77237354085605,"car"
"Montreal_Kistler1.jpg",261.4323607427056,121.40077821011673,369.11759504862954,162.8501945525292,"car"
"Montreal_Kistler1.jpg",585.1105216622459,183.39494163424123,662.2953138815209,247.51945525291828,"empty"
"Montreal_Kistler1.jpg",651.0910698496906,205.80739299610894,704.0000000000001,256.8579766536965,"empty"
"Montreal_Kistler1.jpg",425.76127320954913,157.24708171206225,529.711759504863,200.82684824902725,"empty"
"Montreal_Kistler1.jpg",301.2696728558798,149.77626459143968,395.88328912466847,176.18677042801556,"empty"
"Montreal_Kistler1.jpg",56.0212201591512,217.63618677042803,141.92042440318303,281.76070038910507,"empty"
"Montreal_Kistler1.jpg",552.1202475685235,288.6089494163424,704.0000000000001,480,"empty"
"Hicksville_Kistler2.PNG",439.64633068081343,156.2355008187773,501.3386383731211,217.26170169213975,"car"
"Hicksville_Kistler2.PNG",382.20866489832,151.26825191048036,430.4279398762157,215.84248771834064,"car"
"Hicksville_Kistler2.PNG",388.59062776304154,88.11323007641921,431.8461538461538,149.8490379366812,"car"
"Hicksville_Kistler2.PNG",434.68258178603,99.46694186681223,499.920424403183,160.49314274017468,"empty"
"Hicksville_Kistler2.PNG",337.53492484526964,103.01497680131006,386.46330680813435,156.23550081877733,"empty"
"Hicksville_Kistler2.PNG",325.48010610079575,159.78353575327512,382.2086648983201,221.51934361353713,"empty"
"Hicksville_Kistler2.PNG",295.6976127320955,79.59794623362446,336.11671087533153,147.01060998908298,"car"
"Hicksville_Kistler2.PNG",272.29708222811666,152.68746588427948,319.80725022104326,220.80973662663757,"car"
"Hicksville_Kistler2.PNG",242.51458885941642,88.82283706331879,289.31564986737396,149.13943094978166,"car"
"Hicksville_Kistler2.PNG",218.4049513704686,159.0739287663756,270.8788682581786,218.68091566593895,"empty"
"Hicksville_Kistler2.PNG",197.84084880636604,93.79008597161572,239.67816091954023,149.13943094978168,"empty"
"Hicksville_Kistler2.PNG",173.02210433244915,147.01060998908298,212.0229885057471,213.00405977074237,"car"
"Hicksville_Kistler2.PNG",152.45800176834658,83.85558815502183,189.33156498673736,139.20493313318778,"car"
"Hicksville_Kistler2.PNG",114.16622458001767,144.17218204148472,174.44031830238725,203.77916894104806,"car"
"Hicksville_Kistler2.PNG",64.52873563218391,142.7529680676856,118.42086648983201,204.48877592794761,"car"
"Hicksville_Kistler2.PNG",117.71175950486294,93.08047898471617,149.62157382847036,147.01060998908298,"empty"
"Hicksville_Kistler2.PNG",70.91069849690538,95.91890693231441,113.45711759504862,138.49532614628822,"empty"
"Hicksville_Kistler2.PNG",19.854995579133508,153.39707287117906,79.41998231653403,208.03681086244544,"empty"
"Hicksville_Kistler2.PNG",13.473032714412025,78.17873225982534,45.38284703801945,132.81847025109172,"car"
"Hicksville_Kistler2.PNG",404.19098143236073,9.346854530567686,448.8647214854111,48.37523881004367,"empty"
"Hicksville_Kistler2.PNG",448.8647214854111,1.5411776746724892,488.57471264367814,41.279168941048034,"car"
"Hicksville_Kistler2.PNG",355.97170645446505,10.766068504366812,404.90008841732975,51.92327374454149,"empty"
"Hicksville_Kistler2.PNG",313.4252873563218,9.346854530567686,364.4809902740937,50.50405977074236,"empty"
"Hicksville_Kistler2.PNG",275.84261715296196,0.8315706877729259,319.09814323607424,44.827203875545855,"car"
"Hicksville_Kistler2.PNG",229.0415561450044,10.766068504366812,282.2245800176834,46.956024836244545,"empty"
"Hicksville_Kistler2.PNG",184.367816091954,9.346854530567686,243.93280282935453,49.7944527838428,"empty"
"Hicksville_Kistler2.PNG",150.33068081343941,10.766068504366812,204.93191865605655,48.37523881004367,"empty"
"Hicksville_Kistler2.PNG",85.80194518125552,7.9276405567685595,137.56675508399644,44.827203875545855,"empty"
"Hicksville_Kistler2.PNG",56.728558797524315,10.05646151746725,107.07515473032714,44.827203875545855,"empty"
"Hicksville_Kistler2.PNG",19.854995579133508,9.346854530567686,67.36516357206011,42.69838291484716,"empty"
"Kwangmyong_Kistler1.PNG",104.82758620689654,66.39815914489311,188.68965517241378,232.91597387173397,"car"
"Kwangmyong_Kistler1.PNG",204.41379310344826,80.8209619952494,311.8620689655172,235.53830166270782,"car"
"Kwangmyong_Kistler1.PNG",310.55172413793105,91.31027315914488,402.2758620689655,236.84946555819477,"car"
"Kwangmyong_Kistler1.PNG",404.8965517241379,89.99910926365796,499.24137931034477,255.20576009501184,"car"
"Kwangmyong_Kistler1.PNG",491.37931034482756,99.17725653206651,590.9655172413793,251.27226840855107,"car"
"Kwangmyong_Kistler1.PNG",590.9655172413793,79.98099762470308,681.3793103448276,246.02761282660327,"car"
"Kwangmyong_Kistler1.PNG",691.8620689655172,79.50979809976246,774.4137931034483,242.0941211401425,"car"
"Kwangmyong_Kistler1.PNG",877.9310344827586,97.86609263657955,961.7931034482758,257.82808788598567,"car"
"Kwangmyong_Kistler1.PNG",969.655172413793,108.35540380047506,1037.7931034482758,252.583432304038,"car"
"Kwangmyong_Kistler1.PNG",1115.103448275862,112.28889548693586,1214.6896551724137,276.18438242280286,"car"
"Kwangmyong_Kistler1.PNG",0,276.18438242280286,149.3793103448276,371.8993467933492,"car"
"Kwangmyong_Kistler1.PNG",777.0344827586207,93.93260095011874,872.6896551724138,259.1392517814726,"empty"
"Kwangmyong_Kistler1.PNG",1043.0344827586207,120.15587885985748,1112.4827586206898,287.98485748218525,"empty"
"Kwangmyong_Kistler1.PNG",155.9310344827586,273.56205463182897,427.17241379310343,385.0109857482185,"empty"
"Kiruna_Kistler1.PNG",420.44562334217505,140.8426745951417,485.2201591511936,205.6402454453441,"car"
"Kiruna_Kistler1.PNG",631.2572944297082,153.80218876518217,690.1432360742705,200.92769483805665,"car"
"Kiruna_Kistler1.PNG",741.9628647214854,151.44591346153845,824.4031830238727,204.46210779352225,"car"
"Kiruna_Kistler1.PNG",776.1167108753316,217.42162196356273,893.8885941644562,268.0815409919028,"car"
"Kiruna_Kistler1.PNG",161.3474801061008,213.88720900809716,288.54111405835545,283.39733046558706,"car"
"Kiruna_Kistler1.PNG",97.75066312997347,81.93579200404858,137.79310344827587,114.92364625506073,"car"
"Kiruna_Kistler1.PNG",153.10344827586206,73.68882844129554,181.368700265252,98.42971912955466,"car"
"Kiruna_Kistler1.PNG",320.3395225464191,85.47020495951416,352.1379310344828,111.38923329959513,"car"
"Kiruna_Kistler1.PNG",184.90185676392574,76.04510374493927,215.52254641909815,104.32040738866397,"car"
"Kiruna_Kistler1.PNG",394.53580901856765,93.7171685222672,422.80106100795757,117.27992155870444,"car"
"Kiruna_Kistler1.PNG",500.53050397877985,94.89530617408906,535.8620689655172,127.88316042510121,"car"
"Kiruna_Kistler1.PNG",617.1246684350133,120.81433451417003,660.7002652519894,150.2677758097166,"car"
"Kiruna_Kistler1.PNG",730.185676392573,118.4580592105263,773.7612732095491,142.02081224696354,"car"
"Kiruna_Kistler1.PNG",650.1007957559682,112.56737095141699,677.1883289124669,139.66453694331983,"car"
"Kiruna_Kistler1.PNG",14.13262599469496,167.93984058704453,58.88594164456234,241.51821862348177,"car"
"Kiruna_Kistler1.PNG",14.13262599469496,223.312310222672,155.45888594164455,278.0404858299595,"empty"
"Kiruna_Kistler1.PNG",316.80636604774537,246.87506325910928,420.44562334217505,275.150366902834,"empty"
"Kiruna_Kistler1.PNG",414.55702917771885,251.58761386639674,511.1299734748011,273.9722292510121,"empty"
"Kiruna_Kistler1.PNG",499.3527851458886,248.05320091093117,615.946949602122,272.79409159919027,"empty"
"Kiruna_Kistler1.PNG",594.7480106100795,242.16251265182186,714.8753315649867,273.97222925101215,"empty"
"Kiruna_Kistler1.PNG",686.6100795755968,236.27182439271255,812.6259946949602,273.97222925101215,"empty"
"Kiruna_Kistler1.PNG",545.2838196286472,184.4337677125506,633.6127320954906,206.818383097166,"empty"
"Kiruna_Kistler1.PNG",341.53846153846155,179.72121710526315,419.2679045092838,202.10583248987854,"empty"
"Kiruna_Kistler1.PNG",136.6153846153846,167.93984058704453,228.47745358090185,189.68016194331983,"empty"
"Kiruna_Kistler1.PNG",70.6631299734748,159.69287702429145,168.41379310344826,184.96761133603238,"empty"
"Kiruna_Kistler1.PNG",20.021220159151195,150.2677758097166,120.12732095490716,175.5425101214575,"empty"
"Kiruna_Kistler1.PNG",174.30238726790452,147.91150050607285,255.56498673740055,162.0491523279352,"empty"
"Kiruna_Kistler1.PNG",80.08488063660478,132.59571103238866,142.50397877984085,160.87101467611336,"empty"
"Kiruna_Kistler1.PNG",15.310344827586206,128.41700404858298,90.684350132626,154.980326417004,"empty"
"Kiruna_Kistler1.PNG",362.737400530504,153.80218876518217,423.9787798408488,173.8305288461538,"empty"
"Kiruna_Kistler1.PNG",121.3050397877984,140.8426745951417,187.25729442970822,165.5835652834008,"empty"
"Kiruna_Kistler1.PNG",528.7957559681697,163.22728997975707,606.5251989389919,187.96818066801617,"empty"
"Kiruna_Kistler1.PNG",694.8541114058355,180.899354757085,753.7400530503978,209.1746584008097,"empty"
"Kiruna_Kistler1.PNG",320.3395225464191,127.88316042510121,386.2917771883289,143.19894989878543,"empty"
"Kiruna_Kistler1.PNG",182.54641909814325,116.10178390688259,260.2758620689655,133.77384868421052,"empty"
"Kiruna_Kistler1.PNG",138.9708222811671,113.74550860323886,207.27851458885942,130.77327935222672,"empty"
"Kiruna_Kistler1.PNG",524.0848806366048,136.13012398785423,564.1273209549072,152.6240511133603,"empty"
"Kiruna_Kistler1.PNG",660.7002652519894,140.8426745951417,713.6976127320955,154.98032641700402,"empty"
"Kiruna_Kistler1.PNG",16.488063660477454,104.32040738866397,74.19628647214854,114.92364625506073,"empty"
"Kiruna_Kistler1.PNG",375.6923076923077,125.52688512145748,421.6233421750663,149.08963815789474,"empty"
"Kiruna_Kistler1.PNG",863.2679045092838,223.31231022267204,1005.7718832891246,263.36899038461536,"empty"
"Hicksville_Kistler1.PNG",436,573.1952408256881,491.51193633952255,640.2411123853211,"car"
"Hicksville_Kistler1.PNG",373.54907161803715,573.1952408256881,426.7480106100796,636.7732224770642,"car"
"Hicksville_Kistler1.PNG",326.132625994695,577.8190940366973,368.92307692307696,637.9291857798165,"car"
"Hicksville_Kistler1.PNG",294.90716180371356,499.21358944954125,328.44562334217505,562.7915711009174,"car"
"Hicksville_Kistler1.PNG",242.86472148541117,516.5530389908257,286.81167108753317,567.4154243119266,"car"
"Hicksville_Kistler1.PNG",144.56233421750665,508.4612958715596,183.88328912466847,563.9475344036697,"car"
"Hicksville_Kistler1.PNG",71.70291777188329,562.7915711009174,108.71087533156499,624.057626146789,"car"
"Hicksville_Kistler1.PNG",116.80636604774539,567.4154243119266,164.22281167108756,629.8374426605504,"car"
"Hicksville_Kistler1.PNG",9.251989389920425,632.149369266055,106.39787798408489,676.0759747706422,"car"
"Hicksville_Kistler1.PNG",281.0291777188329,419.452121559633,313.41114058355436,469.1585435779816,"car"
"Hicksville_Kistler1.PNG",445.2519893899204,412.51634174311926,483.41644562334216,468.0025802752293,"car"
"Hicksville_Kistler1.PNG",157.28381962864722,426.3879013761468,191.9787798408488,463.3787270642202,"car"
"Hicksville_Kistler1.PNG",441.7824933687003,305.01175458715596,474.1644562334218,348.9383600917431,"car"
"Hicksville_Kistler1.PNG",540.0848806366048,315.4154243119266,568.9973474801061,355.87413990825684,"car"
"Hicksville_Kistler1.PNG",505.3899204244032,310.7915711009174,535.4588859416446,348.9383600917431,"car"
"Hicksville_Kistler1.PNG",255.58620689655174,310.7915711009174,286.81167108753317,347.7823967889908,"car"
"Hicksville_Kistler1.PNG",173.47480106100795,305.01175458715596,203.54376657824935,347.7823967889908,"car"
"Hicksville_Kistler1.PNG",25.44297082228117,307.32368119266056,57.824933687002655,343.1585435779817,"car"
"Hicksville_Kistler1.PNG",434.84350132625997,257.77981651376143,464.91246684350136,292.2961582568807,"car"
"Hicksville_Kistler1.PNG",548.1803713527852,231.03010321100916,585.1883289124669,270.33285550458714,"car"
"Hicksville_Kistler1.PNG",436,227.5622133027523,463.7559681697613,258.7732224770642,"car"
"Hicksville_Kistler1.PNG",326.132625994695,226.40625,352.73209549071623,265.709002293578,"car"
"Hicksville_Kistler1.PNG",200.0742705570292,229.87413990825686,224.36074270557032,264.55303899082566,"car"
"Hicksville_Kistler1.PNG",101.77188328912467,231.03010321100916,124.90185676392574,264.55303899082566,"car"
"Hicksville_Kistler1.PNG",70.54641909814325,231.03010321100916,98.30238726790452,265.70900229357795,"car"
"Hicksville_Kistler1.PNG",490.3554376657825,194.03927752293578,513.4854111405836,222.9383600917431,"car"
"Hicksville_Kistler1.PNG",412.87002652519897,190.57138761467888,440.62599469496024,228.71817660550457,"car"
"Hicksville_Kistler1.PNG",368.92307692307696,199.81909403669724,393.2095490716181,221.7823967889908,"car"
"Hicksville_Kistler1.PNG",374.70557029177724,180.16771788990826,393.2095490716181,202.13102064220183,"car"
"Hicksville_Kistler1.PNG",294.90716180371356,194.03927752293578,320.3501326259947,224.0943233944954,"car"
"Hicksville_Kistler1.PNG",176.94429708222813,199.81909403669724,201.23076923076925,224.0943233944954,"car"
"Hicksville_Kistler1.PNG",107.55437665782495,196.35120412844037,135.31034482758622,219.47047018348624,"car"
"Hicksville_Kistler1.PNG",257.89920424403186,187.10349770642202,278.71618037135283,210.2227637614679,"car"
"Hicksville_Kistler1.PNG",233.61273209549074,179.01175458715596,254.4297082228117,216.00258027522935,"car"
"Hicksville_Kistler1.PNG",535.4588859416446,157.0484518348624,556.2758620689655,183.63560779816515,"car"
"Hicksville_Kistler1.PNG",489.1989389920425,158.20441513761466,507.70291777188334,182.47964449541283,"car"
"Hicksville_Kistler1.PNG",469.53846153846155,143.17689220183485,488.0424403183024,172.07597477064218,"car"
"Hicksville_Kistler1.PNG",257.89920424403186,159.36037844036696,275.2466843501327,176.69982798165137,"car"
"Hicksville_Kistler1.PNG",138.77984084880637,154.7365252293578,158.44031830238728,177.85579128440367,"car"
"Hicksville_Kistler1.PNG",238.23872679045093,157.0484518348624,255.58620689655172,175.5438646788991,"car"
"Hicksville_Kistler1.PNG",227.83023872679047,143.17689220183485,240.55172413793105,167.452121559633,"car"
"Hicksville_Kistler1.PNG",247.49071618037135,142.02092889908258,264.83819628647217,160.51634174311928,"car"
"Hicksville_Kistler1.PNG",525.0503978779841,117.7456995412844,543.554376657825,140.86496559633025,"car"
"Hicksville_Kistler1.PNG",503.0769230769231,114.27780963302752,527.3633952254642,137.3970756880734,"car"
"Hicksville_Kistler1.PNG",483.4164456233422,117.7456995412844,504.2334217506632,140.86496559633025,"car"
"Hicksville_Kistler1.PNG",486.88594164456237,98.0943233944954,503.0769230769231,122.36955275229357,"car"
"Hicksville_Kistler1.PNG",460.2864721485411,98.0943233944954,483.41644562334216,121.21358944954127,"car"
"Hicksville_Kistler1.PNG",448.72148541114063,114.27780963302752,464.91246684350136,140.86496559633028,"car"
"Hicksville_Kistler1.PNG",433.68700265251994,124.68147935779815,448.72148541114063,145.48881880733944,"car"
"Hicksville_Kistler1.PNG",414.026525198939,116.58973623853211,430.2175066312997,138.55303899082568,"car"
"Hicksville_Kistler1.PNG",395.52254641909815,115.43377293577981,415.18302387267903,138.55303899082568,"car"
"Hicksville_Kistler1.PNG",378.1750663129974,116.58973623853211,396.67904509283824,138.55303899082568,"car"
"Hicksville_Kistler1.PNG",356.2015915119364,116.58973623853211,377.01856763925736,136.24111238532112,"car"
"Hicksville_Kistler1.PNG",341.1671087533157,115.43377293577981,360.82758620689657,136.2411123853211,"car"
"Hicksville_Kistler1.PNG",320.3501326259947,116.58973623853211,344.63660477453584,137.3970756880734,"car"
"Hicksville_Kistler1.PNG",268.3076923076923,116.58973623853211,290.2811671087533,138.55303899082568,"car"
"Hicksville_Kistler1.PNG",253.27320954907162,116.58973623853211,269.46419098143235,136.24111238532112,"car"
"Hicksville_Kistler1.PNG",237.0822281167109,116.58973623853211,253.27320954907162,138.55303899082568,"car"
"Hicksville_Kistler1.PNG",200.0742705570292,120.05762614678899,218.57824933687004,139.70900229357798,"car"
"Hicksville_Kistler1.PNG",175.78779840848807,131.61725917431193,189.6657824933687,147.80074541284404,"car"
"Hicksville_Kistler1.PNG",124.90185676392574,130.46129587155963,143.40583554376659,148.95670871559633,"car"
"Hicksville_Kistler1.PNG",152.657824933687,121.21358944954127,168.84880636604777,137.3970756880734,"car"
"Hicksville_Kistler1.PNG",102.92838196286475,126.99340596330275,121.43236074270558,147.96330275229357,"car"
"Hicksville_Kistler1.PNG",385.1140583554377,96.93836009174312,401.3050397877984,117.74569954128441,"car"
"Hicksville_Kistler1.PNG",370.079575596817,100.40625,383.9575596816976,118.9016628440367,"car"
"Hicksville_Kistler1.PNG",344.63660477453584,90.00258027522935,368.92307692307696,118.90166284403668,"car"
"Hicksville_Kistler1.PNG",323.81962864721487,98.0943233944954,335.3846153846154,121.21358944954127,"car"
"Hicksville_Kistler1.PNG",299.53315649867375,95.78239678899082,322.66312997347484,117.7456995412844,"car"
"Hicksville_Kistler1.PNG",285.65517241379314,96.93836009174312,299.53315649867375,122.36955275229357,"car"
"Hicksville_Kistler1.PNG",264.83819628647217,98.0943233944954,282.185676392573,118.9016628440367,"car"
"Hicksville_Kistler1.PNG",250.96021220159153,100.40625,264.83819628647217,121.21358944954129,"car"
"Hicksville_Kistler1.PNG",233.61273209549074,98.0943233944954,253.27320954907165,120.05762614678898,"car"
"Hicksville_Kistler1.PNG",333.0716180371353,528.1126720183486,385.1140583554377,575.5071674311926,"empty"
"Hicksville_Kistler1.PNG",429.0610079575597,523.4888188073394,496.1379310344828,576.6631307339449,"empty"
"Hicksville_Kistler1.PNG",382.80106100795757,511.9291857798165,434.84350132625997,574.3512041284404,"empty"
"Hicksville_Kistler1.PNG",272.9336870026525,576.663130733945,323.8196286472148,657.5805619266055,"empty"
"Hicksville_Kistler1.PNG",211.6392572944297,568.5713876146789,275.2466843501326,650.6447821100917,"empty"
"Hicksville_Kistler1.PNG",171.16180371352786,572.0392775229358,225.51724137931035,641.3970756880734,"empty"
"Hicksville_Kistler1.PNG",193.13527851458886,516.5530389908257,242.86472148541114,570.8833142201835,"empty"
"Hicksville_Kistler1.PNG",104.08488063660478,518.8649655963303,146.87533156498674,566.2594610091744,"empty"
"Hicksville_Kistler1.PNG",40.47745358090186,518.8649655963303,112.18037135278516,566.2594610091744,"empty"
"Hicksville_Kistler1.PNG",10.408488063660478,562.7915711009174,71.70291777188329,624.057626146789,"empty"
"Hicksville_Kistler1.PNG",397.83554376657827,419.452121559633,444.0954907161804,472.6264334862385,"empty"
"Hicksville_Kistler1.PNG",351.57559681697614,419.452121559633,398.9920424403183,470.4770642201834,"empty"
"Hicksville_Kistler1.PNG",222.0477453580902,421.7640481651376,281.0291777188329,469.1585435779816,"empty"
"Hicksville_Kistler1.PNG",314.56763925729445,419.452121559633,358.51458885941645,480.71817660550454,"empty"
"Hicksville_Kistler1.PNG",180.41379310344828,421.7640481651376,238.23872679045093,476.0943233944954,"empty"
"Hicksville_Kistler1.PNG",78.64190981432361,427.54386467889907,139.93633952254643,468.0025802752293,"empty"
"Hicksville_Kistler1.PNG",42.790450928381965,428.69982798165137,100.61538461538461,468.0025802752293,"empty"
"Hicksville_Kistler1.PNG",4.625994694960212,426.3879013761468,57.824933687002655,468.0025802752293,"empty"
"Hicksville_Kistler1.PNG",0,501.52551605504584,41.63395225464191,550.0759747706421,"car"
"Hicksville_Kistler1.PNG",407.0875331564987,323.50716743119267,437.1564986737401,343.1585435779817,"empty"
"Hicksville_Kistler1.PNG",373.54907161803715,321.1952408256881,414.026525198939,350.0943233944954,"empty"
"Hicksville_Kistler1.PNG",473.0079575596817,310.7915711009174,499.60742705570294,353.56221330275224,"empty"
"Hicksville_Kistler1.PNG",343.48010610079575,314.2594610091743,382.80106100795757,351.2502866972477,"empty"
"Hicksville_Kistler1.PNG",315.7241379310345,316.5713876146789,349.262599469496,350.0943233944954,"empty"
"Hicksville_Kistler1.PNG",291.43766578249335,314.2594610091743,315.7241379310345,351.2502866972477,"empty"
"Hicksville_Kistler1.PNG",224.36074270557032,318.8833142201835,253.27320954907165,350.0943233944954,"empty"
"Maebashi_Kistler1.PNG",340.90716180371356,87.42317541613316,501.52077807250225,187.7663252240717,"car"
"Maebashi_Kistler1.PNG",262.82228116710877,75.35659411011524,402.48629531388156,152.20166453265045,"car"
"Maebashi_Kistler1.PNG",191.72060123784263,67.73559539052496,335.1936339522547,133.7842509603073,"car"
"Maebashi_Kistler1.PNG",125.06277630415562,49.31818181818181,246.95137046861186,104.57042253521126,"car"
"Maebashi_Kistler1.PNG",94.59062776304157,35.98143405889885,180.92838196286473,88.05825864276568,"car"
"Tokyo_Kistler2.PNG",113.99204244031831,82.85820252679939,227.98408488063663,184.98683958652373,"car"
"Tokyo_Kistler2.PNG",159.94694960212203,274.57336332312406,470.291777188329,371.92405245022974,"car"
"Tokyo_Kistler2.PNG",22.082228116710876,95.40031584992343,105.0397877984085,205.29311830015314,"car"
"Tokyo_Kistler2.PNG",313.3289124668435,76.2885241194487,432.0954907161804,164.083317381317,"car"
"Tokyo_Kistler2.PNG",402.85145888594167,72.10781967840735,506.1007957559682,157.5136389739663,"car"
"Tokyo_Kistler2.PNG",478.64721485411144,79.27474157733538,569.3633952254643,156.91639548238896,"car"
"Tokyo_Kistler2.PNG",522.8116710875332,83.45544601837672,607.5596816976129,155.7219084992343,"car"
"Tokyo_Kistler2.PNG",571.1538461538462,91.81685490045942,643.3687002652521,153.9301780245023,"car"
"Tokyo_Kistler2.PNG",612.9310344827586,93.60858537519142,661.2732095490716,152.1384475497703,"car"
"Tokyo_Kistler2.PNG",537.1352785145889,211.2655532159265,663.6604774535809,279.35131125574276,"car"
"Tokyo_Kistler2.PNG",204.11140583554376,98.38653330781011,354.50928381962865,182.00062212863708,"empty"
"Osaka_Kistler1.PNG",190.22546419098146,207.5453265765766,445.67108753315654,375.950731981982,"empty"
"Osaka_Kistler1.PNG",62.20070733863838,235.91469594594597,262.0884173297967,385.60838963963965,"empty"
"Osaka_Kistler1.PNG",292.8868258178603,178.57235360360363,536.2546419098144,357.2390202702703,"empty"
"Osaka_Kistler1.PNG",373.8081343943413,162.8786599099099,553.7674624226349,284.20298423423424,"empty"
"Osaka_Kistler1.PNG",219.816091954023,66.90568693693695,293.49071618037135,102.51829954954957,"empty"
"Osaka_Kistler1.PNG",182.97877984084883,59.662443693693696,231.290008841733,104.32911036036037,"empty"
"Osaka_Kistler1.PNG",123.79752431476571,63.284065315315324,179.95932802829356,112.77956081081082,"empty"
"Osaka_Kistler1.PNG",78.50574712643679,48.19397522522523,125.0053050397878,104.32911036036037,"car"
"Tokyo_Kistler1.PNG",54.30592396109637,107.0214573732719,136.0919540229885,226.77260944700464,"car"
"Tokyo_Kistler1.PNG",155.7206012378426,89.35325460829493,244.0495137046861,210.41316244239633,"car"
"Tokyo_Kistler1.PNG",357.2413793103448,98.51454493087559,463.89036251105216,170.49611175115209,"car"
"Tokyo_Kistler1.PNG",446.87886825817856,96.55141129032259,542.4049513704686,167.87860023041475,"car"
"Tokyo_Kistler1.PNG",529.3191865605659,105.71270161290323,601.9451812555261,165.26108870967744,"car"
"Tokyo_Kistler1.PNG",567.2679045092838,109.63896889400922,641.2024756852343,160.6804435483871,"car"
"Tokyo_Kistler1.PNG",613.0680813439434,107.0214573732719,677.1883289124668,155.44542050691246,"car"
"Tokyo_Kistler1.PNG",240.1237842617153,102.44081221198158,380.7957559681697,190.7818260368664,"empty"
"Tokyo_Kistler1.PNG",600.6366047745357,227.42698732718895,678.496905393457,294.17353110599083,"car"
"Tokyo_Kistler1.PNG",200.21220159151193,288.28413018433184,493.3333333333333,383.16892281105993,"car"
"Mobile_Kistler1.PNG",392,368.34033795493934,596,444.30740901213176,"car"
"Mobile_Kistler1.PNG",540,357.6782928942808,710.6666666666666,430.9798526863085,"car"
"Mobile_Kistler1.PNG",650.6666666666666,340.3524696707106,844,413.6540294627383,"car"
"Mobile_Kistler1.PNG",765.3333333333333,345.6834922010399,939.9999999999999,398.9937175043328,"car"
"Mobile_Kistler1.PNG",878.6666666666666,331.0231802426344,1066.6666666666665,401.15944540727907,"car"
"Mobile_Kistler1.PNG",998.6666666666666,323.0266464471404,1144,386.99891681109193,"car"
"Mobile_Kistler1.PNG",1072,299.0370450606586,1293.3333333333333,380.3351386481803,"car"
"Mobile_Kistler1.PNG",1225.3333333333333,295.0387781629116,1398.6666666666665,357.6782928942808,"car"
"Mobile_Kistler1.PNG",1346.6666666666665,308.3663344887349,1487.9999999999998,361.6765597920278,"empty"
"Mobile_Kistler1.PNG",1401.3333333333333,269.7164211438475,1494.6666666666665,332.3559358752167,"car"
"Mobile_Kistler1.PNG",1378.6666666666665,381.6678942807626,1481.3333333333333,505.61416811091857,"car"
"Mobile_Kistler1.PNG",1256,388.3316724436742,1349.3333333333333,509.61243500866556,"car"
"Mobile_Kistler1.PNG",1090.6666666666665,397.66096187175043,1222.6666666666665,533.6020363951473,"car"
"Mobile_Kistler1.PNG",933.3333333333333,400.3264731369151,1080,542.9313258232237,"car"
"Mobile_Kistler1.PNG",772,430.9798526863085,969.3333333333333,570.419410745234,"car"
"Mobile_Kistler1.PNG",408,465.6314991334489,634.6666666666666,626.8949306759099,"car"
"Mobile_Kistler1.PNG",608,429.1473136915078,820,589.0779896013864,"car"
"Mobile_Kistler1.PNG",954.6666666666666,546.9295927209706,1174.6666666666665,734.848136915078,"car"
"Mobile_Kistler1.PNG",1154.6666666666665,564.2554159445408,1318.6666666666665,750.8412045060659,"car"
"Mobile_Kistler1.PNG",1337.3333333333333,505.61416811091857,1485.3333333333333,728.1843587521664,"car"
"Mobile_Kistler1.PNG",456,601.5725736568457,644,768.1670277296361,"car"
"Mobile_Kistler1.PNG",794.6666666666666,562.9226603119585,978.6666666666666,672.2086221837089,"car"
"Mobile_Kistler1.PNG",165.33333333333331,516.2762131715772,453.3333333333333,668.2103552859619,"empty"
"Mobile_Kistler1.PNG",244,411.8214904679376,500,478.9590554592722,"empty"
"Mobile_Kistler1.PNG",130.66666666666666,438.9763864818025,373.3333333333333,494.95212305026,"empty"
"Mobile_Kistler1.PNG",136,670.8758665511266,446.66666666666663,768.1670277296362,"empty"
"Maebashi_Kistler2.PNG",337.42528735632186,81.67655846253231,488.72855879752433,192.46467215762277,"car"
"Maebashi_Kistler2.PNG",255.75950486295315,69.64813468992249,400.09902740937224,163.34322512919897,"car"
"Maebashi_Kistler2.PNG",188.0212201591512,58.25278585271318,324.13085764809904,139.91945251937986,"car"
"Maebashi_Kistler2.PNG",148.7709991158267,70.91428456072352,228.53757736516357,126.62487887596899,"empty"
"Maebashi_Kistler2.PNG",120.28293545534925,43.05898740310078,246.89655172413794,109.53185562015506,"car"
"Maebashi_Kistler2.PNG",87.99646330680814,31.03056363049096,175.3598585322723,91.80575742894058,"car"
"Tyumen_Kistler1.PNG",642.4880636604775,308.06267333597464,994.608311229001,545.8582359350238,"car"
"Tyumen_Kistler1.PNG",0,411.8518967908082,512.4137931034483,747.5451664025356,"car"
"Tyumen_Kistler1.PNG",1153.5879752431476,365.86932943740095,1438.7002652519893,543.2306606576863,"car"
"Tyumen_Kistler1.PNG",84.08841732979664,197.70451168779715,244.3819628647215,380.32099346275754,"car"
"Tyumen_Kistler1.PNG",254.89301503094606,164.85982072107765,420.4420866489832,306.1125198098257,"car"
"Tyumen_Kistler1.PNG",400.73386383731213,145.15300614104595,591.2466843501327,284.4144958399366,"car"
"Tyumen_Kistler1.PNG",596.502210433245,126.75997919968304,752.8541114058356,268.01267828843106,"car"
"Tyumen_Kistler1.PNG",688.47391688771,129.3875544770206,875.0450928381963,250.25601723454832,"car"
"Tyumen_Kistler1.PNG",798.8399646330681,139.89785558637084,930.2281167108754,238.43192848652933,"car"
"Tyumen_Kistler1.PNG",880.3006189213086,130.70134211568939,1002.4916003536694,243.68707904120444,"car"
"Tyumen_Kistler1.PNG",973.5862068965517,155.6633072503962,1078.6967285587975,248.94222959587955,"car"
"Montreal_Kistler2.PNG",285.75455555555556,236.45535714285714,602.6434444444444,490.6607142857143,"car"
"Montreal_Kistler2.PNG",115.26833333333333,189.54464285714286,415.1244444444444,354.36607142857144,"car"
"Montreal_Kistler2.PNG",48.721666666666664,144.53571428571428,190.6878888888889,241.52678571428572,"car"
"Montreal_Kistler2.PNG",51.89055555555556,196.51785714285714,221.10922222222223,285.9017857142857,"empty"
"Montreal_Kistler2.PNG",537.9981111111111,296.04464285714283,704.0478888888889,486.85714285714283,"empty"
"Montreal_Kistler2.PNG",587.4327777777778,185.74107142857142,660.951,246.59821428571428,"empty"
"Montreal_Kistler2.PNG",646.3741111111111,204.125,705.3154444444444,255.47321428571428,"empty"
"Montreal_Kistler2.PNG",516.4496666666666,161.01785714285714,604.5447777777778,217.4375,"car"
"Montreal_Kistler2.PNG",420.7492222222222,170.52678571428567,537.9981111111111,211.09821428571428,"empty"
"Montreal_Kistler2.PNG",353.56877777777777,159.74999999999997,482.8594444444444,196.51785714285714,"empty"
"Montreal_Kistler2.PNG",304.7678888888889,152.77678571428567,427.72077777777776,184.47321428571428,"empty"
"Montreal_Kistler2.PNG",276.2478888888889,126.15178571428571,370.6807777777778,173.69642857142856,"car"
"Zwolle_Kistler1.PNG",51.170339968976215,148.49617346938774,124.92938857290588,320.59438775510205,"car"
"Zwolle_Kistler1.PNG",98.3761310754912,104.24234693877551,226.22514865563596,292.07525510204084,"car"
"Zwolle_Kistler1.PNG",187.87044338159254,73.7563775510204,254.7453141158221,271.4234693877551,"car"
"Zwolle_Kistler1.PNG",243.8965873836608,0,419.9655829886244,261.5892857142857,"car"
"Zwolle_Kistler1.PNG",383.5777856773526,0,550.7649625129266,173.08163265306123,"car"
"Zwolle_Kistler1.PNG",562.5664102895553,0,695.3326977766287,132.76147959183675,"car"
"Zwolle_Kistler1.PNG",719.9190473112719,0,868.420598500517,94.40816326530611,"car"
"Zwolle_Kistler1.PNG",853.6380558428128,0,950.9999999999999,70.8061224489796,"car"
"Savanah_Kistler1.PNG",549.7437739463602,257.0459183673469,663.5138888888889,394.0854591836735,"car"
"Savanah_Kistler1.PNG",662.7399425287356,233.81887755102042,749.4219348659003,349.17984693877554,"car"
"Savanah_Kistler1.PNG",401.14607279693485,269.43367346938777,528.8472222222222,377.05229591836735,"car"
"Savanah_Kistler1.PNG",223.91235632183907,222.9795918367347,415.07710727969345,358.47066326530614,"car"
"Savanah_Kistler1.PNG",101.62883141762453,211.36607142857144,269.5751915708812,330.59821428571433,"car"
"Savanah_Kistler1.PNG",18.042624521072796,202.0752551020408,154.257183908046,302.72576530612247,"car"
"Savanah_Kistler1.PNG",551.0498084291188,198.97831632653063,642.617337164751,278.7244897959184,"car"
"Savanah_Kistler1.PNG",444.2452107279693,183.4936224489796,534.264846743295,270.2079081632653,"car"
"Savanah_Kistler1.PNG",316.7859195402299,178.07397959183675,439.8433908045977,235.36734693877554,"car"
"Savanah_Kistler1.PNG",443.713122605364,144.0076530612245,572.9621647509579,196.65561224489795,"car"
"Savanah_Kistler1.PNG",667.3836206896551,173.42857142857144,716.9161877394636,214.46301020408166,"car"
"Savanah_Kistler1.PNG",305.17672413793105,131.61989795918367,399.59818007662835,174.97704081632654,"car"
"Phoenix_Kistler.jpg",18.72680196360153,125.375,231.03523108237547,211.76785714285714,"car"
"Phoenix_Kistler.jpg",2.3953843390804597,124.84821428571429,87.74021192528737,187.53571428571428,"car"
"Phoenix_Kistler.jpg",403.8321659482759,124.32142857142857,518.1520893199233,174.89285714285714,"car"
"Phoenix_Kistler.jpg",510.77661039272033,133.80357142857144,550,185.95535714285717,"car"
"Phoenix_Kistler.jpg",323.2287176724138,122.74107142857143,419.10994372605364,166.46428571428572,"car"
"Phoenix_Kistler.jpg",278.44902418582376,123.26785714285715,342.72105483716473,157.50892857142858,"car"
"Phoenix_Kistler.jpg",233.14251077586206,116.41964285714286,309.53139966475095,156.45535714285714,"car"
"Phoenix_Kistler.jpg",196.26511613984675,116.41964285714286,264.2248862547893,141.70535714285714,"car"
"Phoenix_Kistler.jpg",23.46818127394636,198.0714285714286,467.81609195402297,328.1875000000001,"empty"
"LewisPark_Kistler.jpg",494.34482758620686,327.02830188679246,813.0433244916003,430.2735849056604,"car"
"LewisPark_Kistler.jpg",447.2643678160919,346.95283018867923,589.4111405835544,407.6320754716981,"car"
"LewisPark_Kistler.jpg",399.2785145888594,318.87735849056605,520.6012378426171,365.9716981132076,"car"
"LewisPark_Kistler.jpg",422.81874447391687,335.1792452830189,593.0327144120247,387.70754716981133,"car"
"LewisPark_Kistler.jpg",380.2652519893899,319.7830188679245,524.2228116710876,353.29245283018867,"car"
"LewisPark_Kistler.jpg",499.7771883289124,445.6698113207547,966.0548187444738,496.3867924528302,"empty"
"Marketplace_Kistler.jpg",100.29619805481873,372.7128537735849,914.946949602122,808.7600235849056,"car"
"Marketplace_Kistler.jpg",276.3262599469495,802.4905660377359,1359.1158267020335,1300.0807783018872,"car"
"Marketplace_Kistler.jpg",1039.8054818744474,716.6373820754717,2237.2192749778956,1287.7977594339623,"car"
"Marketplace_Kistler.jpg",1479.8806366047745,550.8166273584906,2315,1054.4204009433963,"car"
"Marketplace_Kistler.jpg",1793.0503978779836,440.1415094339623,2315,661.3637971698114,"car"
"Marketplace_Kistler.jpg",677.5110521662245,196.52830188679246,994.7745358090185,350.0660377358491,"car"
"Marketplace_Kistler.jpg",474.87179487179486,200.7505896226415,673.4173297966402,387.0430424528302,"car"
"Marketplace_Kistler.jpg",221.06100795755967,221.22228773584908,452.35632183908046,393.1845518867925,"car"
"Marketplace_Kistler.jpg",2.046861184792219,276.49587264150944,120.76480990274094,450.5053066037736,"car"
"Marketplace_Kistler.jpg",591.5428824049513,145.47700471698113,767.5729442970821,221.22228773584905,"car"
"Marketplace_Kistler.jpg",374.57559681697603,165.9487028301887,558.7931034482758,276.3679245283019,"car"
"Marketplace_Kistler.jpg",180.1237842617153,145.3490566037736,395.0442086648983,239.64681603773585,"car"
"Marketplace_Kistler.jpg",0,190.51474056603774,133.04597701149424,294.92040094339626,"car"
"Marketplace_Kistler.jpg",1045.9460654288237,143.42983490566039,1299.756852343059,233.5053066037736,"car"
"Marketplace_Kistler.jpg",1420.5216622458001,127.05247641509435,1723.4571175950487,231.45813679245285,"car"
"Marketplace_Kistler.jpg",1684.5667550839964,94.29775943396227,1944.5181255526084,178.23172169811323,"car"
"Marketplace_Kistler.jpg",1842.1750663129972,82.01474056603774,2081.6578249336867,167.99587264150944,"car"
"Marketplace_Kistler.jpg",2022.2988505747126,75.87323113207547,2179.9071618037133,155.71285377358492,"car"
"Marketplace_Kistler.jpg",886.2908930150309,96.21698113207547,1099.1644562334213,180.27889150943398,"car"
"Marketplace_Kistler.jpg",1158.523430592396,104.53360849056604,1342.7409372236957,172.09021226415095,"car"
"Marketplace_Kistler.jpg",1226.0698496905393,77.92040094339623,1473.7400530503978,165.9487028301887,"car"
"Marketplace_Kistler.jpg",1438.9434129089298,65.50943396226415,1678.4261715296193,129.0996462264151,"car"
"Marketplace_Kistler.jpg",1524.9115826702032,24.693985849056606,1756.206896551724,100.43926886792453,"car"
"Marketplace_Kistler.jpg",364.341290893015,75.87323113207547,507.62157382847033,131.14681603773585,"car"
"Marketplace_Kistler.jpg",245.62334217506626,83.93396226415095,380.7161803713527,147.5241745283019,"car"
"Marketplace_Kistler.jpg",0,94.16981132075472,112.57736516357204,167.99587264150944,"car"
"Marketplace_Kistler.jpg",2095.9858532272324,61.54304245283019,2265.8753315649865,133.19398584905662,"car"
"Marketplace_Kistler.jpg",857.6348364279398,26.74115566037736,1002.9619805481874,90.20341981132076,"car"
"Marketplace_Kistler.jpg",589.4960212201592,34.92983490566038,716.4014146772768,82.01474056603774,"car"
"Marketplace_Kistler.jpg",108.48364279398761,63.59021226415095,210.82670203359856,114.76945754716982,"car"
"Marketplace_Kistler.jpg",278.3731211317418,6.269457547169812,360.2475685234306,69.7317216981132,"car"
"Marketplace_Kistler.jpg",2190.1414677276744,53.35436320754717,2310.9062776304154,120.91096698113208,"car"
"CatoctinMountain_Kistler.jpg",1065.5741626794259,1558.2857142857142,3403.7483253588516,2055.8571428571427,"empty"
"CatoctinMountain_Kistler.jpg",1686.7722488038278,1434.857142857143,3600.5253588516744,1716.4285714285716,"empty"
"CatoctinMountain_Kistler.jpg",2022.4507177033493,1377,3716.2765550239233,1577.5714285714287,"empty"
"CatoctinMountain_Kistler.jpg",2346.554066985646,1338.4285714285716,3766.4354066985643,1411.7142857142858,"empty"
"CatoctinMountain_Kistler.jpg",2770.311961722488,1053,3704.7014354066987,1334.5714285714284,"car"
"Minneapolis_Kistler.PNG",137.09814323607426,76.54016688481676,201.92749778956676,123.30456479057592,"car"
"Minneapolis_Kistler.PNG",202.99027409372235,64.84906740837697,271.0079575596817,121.17891034031415,"car"
"Minneapolis_Kistler.PNG",264.631299734748,49.969486256544506,330.5234305923961,100.98519306282722,"car"
"Minneapolis_Kistler.PNG",332.64898320070733,46.781004581151834,394.29000884173297,94.60822971204189,"car"
"Minneapolis_Kistler.PNG",388.9761273209549,40.404041230366495,454.868258178603,88.23126636125656,"car"
"Minneapolis_Kistler.PNG",447.42882404951365,31.901423429319372,509.0698496905393,81.8543030104712,"car"
"Minneapolis_Kistler.PNG",501.63041556145,37.21555955497382,560.0831122900088,75.47733965968587,"car"
"Minneapolis_Kistler.PNG",540.9531388152077,19.147496727748692,611.0963748894783,70.16320353403141,"car"
"Minneapolis_Kistler.PNG",590.9036251105216,15.959015052356023,655.7329796640141,58.47210405759163,"car"
"Minneapolis_Kistler.PNG",642.9796640141467,15.959015052356023,704.6206896551723,59.53493128272252,"car"
"Minneapolis_Kistler.PNG",688.6790450928381,7.456397251308901,749.2572944297082,53.15796793193717,"car"
"Minneapolis_Kistler.PNG",738.629531388152,0,786.4544650751546,46.781004581151834,"car"
"Minneapolis_Kistler.PNG",775.8267020335985,0,832.1538461538461,38.27838678010472,"car"
"Minneapolis_Kistler.PNG",849.1582670203359,7.456397251308901,922.4898320070732,51.032313481675395,"car"
"Minneapolis_Kistler.PNG",894.8576480990273,19.147496727748692,957.5614500442085,77.60299410994764,"car"
"Minneapolis_Kistler.PNG",935.2431476569407,37.21555955497382,1012.8258178603005,97.79671138743456,"car"
"Minneapolis_Kistler.PNG",999.0097259062776,58.47210405759163,1048.9602122015915,106.29932918848169,"car"
"Minneapolis_Kistler.PNG",1044.709106984969,65.91189463350786,1126.5428824049513,133.93283704188482,"car"
"Minneapolis_Kistler.PNG",1090.4084880636603,93.545402486911,1164.8028293545533,156.2522087696335,"car"
"Minneapolis_Kistler.PNG",1147.7984084880636,108.42498363874346,1202,175.38309882198953,"car"
"Minneapolis_Kistler.PNG",995.8213969938107,154.12655431937173,1090.4084880636603,224.2731511780105,"car"
"Minneapolis_Kistler.PNG",850.2210433244916,92.48257526178011,988.3819628647215,163.69199934554973,"car"
"Minneapolis_Kistler.PNG",285.88682581786026,277.414512434555,438.9266136162687,406,"car"
"Minneapolis_Kistler.PNG",375.1600353669319,233.8385962041885,531.3881520778073,357.12655431937173,"car"
"Minneapolis_Kistler.PNG",471.8726790450928,217.89618782722513,602.5941644562333,327.3673920157068,"car"
"Minneapolis_Kistler.PNG",538.8275862068965,196.63964332460733,669.549071618037,299.7338841623037,"car"
"Minneapolis_Kistler.PNG",607.9080459770114,180.69723494764398,735.4412024756851,276.3516852094241,"car"
"Minneapolis_Kistler.PNG",665.2979664014147,160.50351767015707,780.077807250221,250.8438318062827,"car"
"Minneapolis_Kistler.PNG",709.9345711759504,140.30980039267016,836.4049513704686,228.52446007853405,"car"
"Minneapolis_Kistler.PNG",774.7639257294429,124.36739201570681,877.8532272325375,209.39357002617803,"car"
"Minneapolis_Kistler.PNG",818.337754199823,110.55063808900525,928.8664898320069,192.38833442408378,"car"
"Minneapolis_Kistler.PNG",941.6198054818743,180.69723494764398,1068.0901856763924,272.10037630890054,"car"
"Minneapolis_Kistler.PNG",899.1087533156498,206.20508835078536,1028.7674624226347,292.2940935863875,"car"
"Minneapolis_Kistler.PNG",842.7816091954022,230.65011452879583,983.0680813439433,312.48781086387436,"car"
"Minneapolis_Kistler.PNG",798.1450044208664,244.4668684554974,933.1175950486294,332.6815281413613,"car"
"Minneapolis_Kistler.PNG",733.315649867374,266.7862401832461,872.5393457117594,363.50351767015707,"car"
"Minneapolis_Kistler.PNG",663.1724137931034,298.6710569371728,814.0866489832006,392.1998527486911,"car"
"Minneapolis_Kistler.PNG",595.1547303271441,342.2469731675393,746.0689655172414,402.828125,"car"
"Minneapolis_Kistler.PNG",510.13262599469493,366.67539267015707,645.105216622458,406,"car"
"Sacramento_Kistler.jpg",0,184.375,99.85707016283526,373.49107142857144,"car"
"Sacramento_Kistler.jpg",84.57929238505747,209.6607142857143,274.2344647988506,341.88392857142856,"car"
"Sacramento_Kistler.jpg",246.8398287835249,207.02678571428572,455.98733836206895,325.0267857142857,"car"
"Sacramento_Kistler.jpg",417.5294839559387,202.28571428571428,532.3762272509579,315.0178571428571,"car"
"Unknown_Kistler3.jpg",0,205.8197971635884,68.35720601237843,245.18787104221636,"car"
"Unknown_Kistler3.jpg",244.45623342175065,217.58496866754618,339.9752431476569,257.4055491424802,"car"
"Unknown_Kistler3.jpg",440.47391688770995,224.3725676121372,510.6419098143235,277.31583937994725,"car"
"Unknown_Kistler3.jpg",373.92749778956676,217.1324620712401,434.58885941644564,237.94776550131925,"car"
"Unknown_Kistler3.jpg",304.2122015915119,205.3672905672823,357.63041556145004,242.47283146437994,"car"
"Unknown_Kistler3.jpg",199.6392572944297,213.51240930079155,267.09106984969054,242.02032486807386,"car"
"Unknown_Kistler3.jpg",160.7073386383731,209.892356530343,219.105216622458,235.6852325197889,"car"
"Unknown_Kistler3.jpg",361.70468611847923,215.32243568601584,374.83289124668437,230.2551533641161,"car"
"Unknown_Kistler3.jpg",337.7117595048629,271.4332536279683,509.73651635720597,304.9187417546174,"empty"
"Unknown_Kistler3.jpg",269.3545534924845,256.048029353562,415.1229000884173,282.293411939314,"empty"
"Unknown_Kistler3.jpg",380.2652519893899,244.73536444591028,439.5685234305924,270.07573383905014,"empty"
"Unknown_Kistler3.jpg",0,244.28285784960423,70.1679929266136,260.5730953166227,"empty"
"Unknown_Kistler3.jpg",190.5853227232537,243.4485488126649,240.38196286472146,256.9530425461741,"empty"
"Unknown_Kistler1.jpg",204.061004784689,279.64285714285717,320.5011961722488,335.43367346938777,"car"
"Unknown_Kistler1.jpg",323.25717703349284,286.53061224489795,428.555023923445,367.8061224489796,"car"
"Unknown_Kistler1.jpg",481.72607655502395,276.19897959183675,578.1854066985646,338.8775510204082,"car"
"Unknown_Kistler1.jpg",547.1806220095694,304.4387755102041,634.683014354067,371.9387755102041,"car"
"Unknown_Kistler1.jpg",622.2811004784689,318.9030612244898,720,387.78061224489795,"car"
"Unknown_Kistler1.jpg",434.18540669856463,252.09183673469389,514.1088516746412,321.65816326530614,"car"
"Unknown_Kistler1.jpg",558.8935406698565,219.71938775510205,624.348086124402,247.9591836734694,"car"
"Unknown_Kistler1.jpg",425.91746411483257,195.6122448979592,497.57296650717706,221.78571428571428,"car"
"Unknown_Kistler1.jpg",359.7739234449761,174.26020408163265,425.91746411483257,207.32142857142856,"car"
"Unknown_Kistler1.jpg",318.43421052631584,175.6377551020408,374.9318181818182,204.56632653061223,"car"
"Unknown_Kistler1.jpg",260.5586124401914,166.68367346938777,316.36722488038276,196.98979591836735,"car"
"Unknown_Kistler1.jpg",220.59688995215313,157.04081632653063,271.5825358851675,184.5918367346939,"car"
"Unknown_Kistler1.jpg",186.83612440191388,147.3979591836735,241.95574162679426,177.015306122449,"car"
"Unknown_Kistler1.jpg",227.48684210526318,230.73979591836735,316.3672248803828,270,"car"
"Unknown_Kistler1.jpg",148.94138755980862,199.0561224489796,245.4007177033493,251.40306122448982,"car"
"Unknown_Kistler1.jpg",119.31459330143541,196.30102040816328,201.305023923445,241.76020408163268,"car"
"Unknown_Kistler1.jpg",102.0897129186603,195.6122448979592,157.89832535885168,227.98469387755102,"car"
"Unknown_Kistler1.jpg",15.96531100478469,214.8979591836735,95.88875598086125,250.02551020408166,"car"
"Unknown_Kistler1.jpg",80.04186602870814,180.4591836734694,141.36244019138758,221.7857142857143,"car"
"Unknown_Kistler1.jpg",30.43421052631579,170.12755102040816,94.51076555023924,210.0765306122449,"car"
"Unknown_Kistler1.jpg",0.11842105263157895,196.30102040816328,23.544258373205743,225.9183673469388,"car"
"Unknown_Kistler1.jpg",2.874401913875598,154.9744897959184,46.162679425837325,185.9693877551021,"car"
"Unknown_Kistler1.jpg",141.36244019138758,278.265306122449,259.8696172248804,313.3928571428571,"empty"
"Unknown_Kistler1.jpg",244.7117224880383,307.1938775510204,355.6399521531101,347.83163265306126,"empty"
"Unknown_Kistler1.jpg",116.5586124401914,269.31122448979596,220.5968899521531,316.1479591836735,"empty"
"Unknown_Kistler1.jpg",74.5299043062201,258.2908163265306,194.41507177033495,285.84183673469386,"empty"
"Unknown_Kistler1.jpg",56.616028708133975,250.02551020408166,155.83133971291866,279.64285714285717,"empty"
"Unknown_Kistler1.jpg",14.58732057416268,237.6275510204082,125.51555023923446,261.734693877551,"empty"
"Unknown_Kistler1.jpg",279.16148325358853,260.3571428571429,371.4868421052632,281.7091836734694,"empty"
"Unknown_Kistler1.jpg",310.1662679425838,274.1326530612245,420.40550239234454,303.06122448979596,"empty"
"Unknown_Kistler1.jpg",614.7021531100479,244.51530612244903,719.4294258373207,285.1530612244898,"empty"
"Unknown_Kistler1.jpg",692.5586124401914,222.47448979591837,720,253.46938775510205,"empty"
"Unknown_Kistler1.jpg",602.9892344497608,215.58673469387756,673.2667464114834,234.18367346938777,"empty"
"Unknown_Kistler1.jpg",555.4485645933015,207.32142857142858,621.5921052631579,226.60714285714286,"empty"
"Unknown_Kistler1.jpg",498.95095693779905,221.0969387755102,571.2954545454545,242.44897959183675,"empty"
"Unknown_Kistler1.jpg",456.92224880382776,213.52040816326533,543.0466507177034,234.87244897959187,"empty"
"Unknown_Kistler1.jpg",523.6363636363636,190.10204081632654,567.8504784688996,224.5408163265306,"empty"
"Unknown_Kistler1.jpg",383.19976076555025,201.12244897959184,439.00837320574163,221.0969387755102,"empty"
"Unknown_Kistler1.jpg",489.994019138756,186.65816326530617,527.7703349282297,212.1428571428572,"empty"
"Unknown_Kistler1.jpg",415.5825358851675,181.83673469387756,477.5921052631579,195.6122448979592,"empty"
"Syracuse_Kistler.jpg",450.0444976076554,608.8775510204082,1277.7574162679425,1136.5714285714287,"empty"
"Syracuse_Kistler.jpg",4.953588516746411,576.0918367346939,592.1612440191387,1122.5204081632653,"empty"
"Syracuse_Kistler.jpg",1126.2703349282297,626.0510204081633,1629.144976076555,1111.591836734694,"empty"
"Syracuse_Kistler.jpg",768.635885167464,409.0408163265306,979.4684210526315,477.734693877551,"empty"
"Syracuse_Kistler.jpg",962.2894736842104,401.234693877551,1210.6033492822964,471.48979591836735,"empty"
"Syracuse_Kistler.jpg",1143.4492822966506,404.3571428571429,1408.9421052631578,469.92857142857144,"empty"
"Syracuse_Kistler.jpg",1340.2263157894736,405.9183673469388,1599.4722488038276,465.2448979591837,"empty"
"Syracuse_Kistler.jpg",549.9947368421052,407.4795918367347,785.8148325358851,465.2448979591837,"empty"
"Syracuse_Kistler.jpg",312.61291866028705,407.4795918367347,579.6674641148325,469.92857142857144,"empty"
"Syracuse_Kistler.jpg",106.46555023923445,405.9183673469388,389.1373205741627,471.48979591836735,"empty"
"Syracuse_Kistler.jpg",1.8301435406698563,398.1122448979592,234.5267942583732,452.7551020408164,"empty"
"Syracuse_Kistler.jpg",792.0617224880382,359.08163265306126,912.3143540669855,380.9387755102041,"empty"
"Syracuse_Kistler.jpg",1018.5114832535885,355.9591836734694,1159.0665071770334,380.9387755102041,"empty"
"Syracuse_Kistler.jpg",918.5612440191387,354.3979591836735,1024.7583732057415,384.06122448979596,"empty"
"Syracuse_Kistler.jpg",1124.7086124401912,355.9591836734694,1285.566028708134,373.1326530612245,"empty"
"Syracuse_Kistler.jpg",1273.0722488038277,355.9591836734694,1416.7507177033492,374.6938775510204,"empty"
"Syracuse_Kistler.jpg",1380.831100478469,355.9591836734694,1544.811961722488,377.81632653061223,"empty"
"Syracuse_Kistler.jpg",657.7535885167464,352.8367346938776,796.7468899521531,376.2551020408164,"empty"
"Syracuse_Kistler.jpg",537.5009569377991,349.7142857142857,696.7966507177034,374.6938775510204,"empty"
"Syracuse_Kistler.jpg",414.1248803827751,352.8367346938776,576.5440191387559,379.3775510204082,"empty"
"Syracuse_Kistler.jpg",282.94019138755976,348.1530612244898,454.7296650717703,376.2551020408163,"empty"
"Syracuse_Kistler.jpg",154.87894736842105,351.2755102040816,328.2301435406698,371.57142857142856,"empty"
"Syracuse_Kistler.jpg",25.255980861244016,351.2755102040816,226.7181818181818,376.2551020408163,"empty"
"Syracuse_Kistler.jpg",1260.5784688995213,334.10204081632656,1412.0655502392342,349.7142857142857,"empty"
"Syracuse_Kistler.jpg",1185.6157894736837,332.5408163265306,1296.4980861244014,352.8367346938775,"empty"
"Syracuse_Kistler.jpg",1079.4186602870814,334.10204081632656,1207.47990430622,355.9591836734694,"empty"
"Syracuse_Kistler.jpg",981.0301435406698,334.10204081632656,1102.8444976076555,363.76530612244903,"empty"
"Syracuse_Kistler.jpg",887.3267942583732,330.9795918367347,1010.7028708133971,355.9591836734694,"empty"
"Syracuse_Kistler.jpg",792.0617224880382,330.9795918367347,906.0674641148324,362.2040816326531,"empty"
"Syracuse_Kistler.jpg",685.8645933014353,335.66326530612247,804.5555023923444,359.08163265306126,"empty"
"Syracuse_Kistler.jpg",578.1057416267943,326.2959183673469,679.6177033492822,365.3265306122449,"empty"
"Syracuse_Kistler.jpg",484.40239234449757,329.4183673469388,601.5315789473684,363.765306122449,"empty"
"Syracuse_Kistler.jpg",378.2052631578947,341.90816326530614,532.8157894736842,359.08163265306126,"empty"
"Syracuse_Kistler.jpg",290.7488038277512,337.2244897959184,428.1803827751196,359.0816326530612,"empty"
"Syracuse_Kistler.jpg",175.18133971291866,335.66326530612247,279.8167464114832,360.64285714285717,"empty"
"Unknown_Kistler2.png",0,332.17910447761193,186.73740053050398,605.5854063018242,"car"
"Unknown_Kistler2.png",161.27320954907162,338.97180762852406,568.7002652519894,559.7346600331675,"car"
"Unknown_Kistler2.png",521.1671087533157,345.76451077943614,862.3872679045094,512.1857379767828,"car"
"Unknown_Kistler2.png",736.763925729443,337.27363184079604,986.3129973474802,495.2039800995025,"car"
"Unknown_Kistler2.png",864.0848806366048,284.63018242122723,1266.4190981432362,478.2222222222223,"car"
"Unknown_Kistler2.png",1252.838196286472,313.49917081260367,1425.9946949602122,445.9568822553897,"car"
"Unknown_Kistler2.png",1336.0212201591512,318.5936981757877,1524.4562334217508,420.4842454394693,"car"
"Unknown_Kistler2.png",1470.132625994695,313.49917081260367,1588.9655172413793,417.08789386401327,"car"
"Unknown_Kistler2.png",1568.5941644562336,354.2553897180763,1661.9628647214856,411.9933665008292,"car"
"Unknown_Kistler4.jpg",480.9902740937224,253.43455188679243,742.7055702917772,362.3968160377358,"car"
"Unknown_Kistler4.jpg",1042.6171529619805,270.41568396226415,1600,469.9439858490566,"car"
"Unknown_Kistler4.jpg",919.5402298850576,465.69870283018867,1600,615.6987028301887,"empty"
"Unknown_Kistler4.jpg",151.37046861184794,338.3402122641509,630.9460654288241,406.26474056603774,"empty"
"Unknown_Kistler4.jpg",19.80548187444739,356.7364386792453,417.32979664014147,433.1515330188679,"empty"