{
    "asset": {
        "format": "jpg",
        "id": "0a21bd82f8574af9d8d9789ac22b5531",
        "name": "Montreal_Kistler1.jpg",
        "path": "file:C:/Users/Conno/Desktop/Parking%20Oracle/Original%20Images/Montreal_Kistler1.jpg",
        "size": {
            "width": 704,
            "height": 480
        },
        "state": 2,
        "type": 1
    },
    "regions": [
        {
            "id": "azTwc1XNv",
            "type": "RECTANGLE",
            "tags": [
                "car"
            ],
            "boundingBox": {
                "height": 222.2568093385214,
                "width": 312.47391688771,
                "left": 295.0450928381963,
                "top": 241.29377431906616
            },
            "points": [
                {
                    "x": 295.0450928381963,
                    "y": 241.29377431906616
                },
                {
                    "x": 607.5190097259064,
                    "y": 241.29377431906616
                },
                {
                    "x": 607.5190097259064,
                    "y": 463.55058365758754
                },
                {
                    "x": 295.0450928381963,
                    "y": 463.55058365758754
                }
            ]
        },
        {
            "id": "3_OpDzVd7",
            "type": "RECTANGLE",
            "tags": [
                "car"
            ],
            "boundingBox": {
                "height": 166.84824902723736,
                "width": 319.3209549071618,
                "left": 98.34836427939877,
                "top": 178.41439688715954
            },
            "points": [
                {
                    "x": 98.34836427939877,
                    "y": 178.41439688715954
                },
                {
                    "x": 417.6693191865606,
                    "y": 178.41439688715954
                },
                {
                    "x": 417.6693191865606,
                    "y": 345.2626459143969
                },
                {
                    "x": 98.34836427939877,
                    "y": 345.2626459143969
                }
            ]
        },
        {
            "id": "EtWmSMc4E",
            "type": "RECTANGLE",
            "tags": [
                "car"
            ],
            "boundingBox": {
                "height": 75.69066147859922,
                "width": 168.68611847922193,
                "left": 32.99027409372237,
                "top": 155.64202334630352
            },
            "points": [
                {
                    "x": 32.99027409372237,
                    "y": 155.64202334630352
                },
                {
                    "x": 201.6763925729443,
                    "y": 155.64202334630352
                },
                {
                    "x": 201.6763925729443,
                    "y": 231.3326848249027
                },
                {
                    "x": 32.99027409372237,
                    "y": 231.3326848249027
                }
            ]
        },
        {
            "id": "J66b6Ed2z",
            "type": "RECTANGLE",
            "tags": [
                "car"
            ],
            "boundingBox": {
                "height": 70.9727626459144,
                "width": 64.1131741821397,
                "left": 529.0893015030947,
                "top": 144.795719844358
            },
            "points": [
                {
                    "x": 529.0893015030947,
                    "y": 144.795719844358
                },
                {
                    "x": 593.2024756852344,
                    "y": 144.795719844358
                },
                {
                    "x": 593.2024756852344,
                    "y": 215.7684824902724
                },
                {
                    "x": 529.0893015030947,
                    "y": 215.7684824902724
                }
            ]
        },
        {
            "id": "ALqtucEcq",
            "type": "RECTANGLE",
            "tags": [
                "car"
            ],
            "boundingBox": {
                "height": 51.673151750972764,
                "width": 95.23607427055704,
                "left": 374.7197170645447,
                "top": 131.09922178988327
            },
            "points": [
                {
                    "x": 374.7197170645447,
                    "y": 131.09922178988327
                },
                {
                    "x": 469.9557913351017,
                    "y": 131.09922178988327
                },
                {
                    "x": 469.9557913351017,
                    "y": 182.77237354085602
                },
                {
                    "x": 374.7197170645447,
                    "y": 182.77237354085602
                }
            ]
        },
        {
            "id": "KissKnJVN",
            "type": "RECTANGLE",
            "tags": [
                "car"
            ],
            "boundingBox": {
                "height": 41.449416342412455,
                "width": 107.68523430592394,
                "left": 261.4323607427056,
                "top": 121.40077821011673
            },
            "points": [
                {
                    "x": 261.4323607427056,
                    "y": 121.40077821011673
                },
                {
                    "x": 369.11759504862954,
                    "y": 121.40077821011673
                },
                {
                    "x": 369.11759504862954,
                    "y": 162.8501945525292
                },
                {
                    "x": 261.4323607427056,
                    "y": 162.8501945525292
                }
            ]
        },
        {
            "id": "rKkAKYE5D",
            "type": "RECTANGLE",
            "tags": [
                "empty"
            ],
            "boundingBox": {
                "height": 64.12451361867704,
                "width": 77.18479221927498,
                "left": 585.1105216622459,
                "top": 183.39494163424123
            },
            "points": [
                {
                    "x": 585.1105216622459,
                    "y": 183.39494163424123
                },
                {
                    "x": 662.2953138815209,
                    "y": 183.39494163424123
                },
                {
                    "x": 662.2953138815209,
                    "y": 247.51945525291828
                },
                {
                    "x": 585.1105216622459,
                    "y": 247.51945525291828
                }
            ]
        },
        {
            "id": "SQpLR5vga",
            "type": "RECTANGLE",
            "tags": [
                "empty"
            ],
            "boundingBox": {
                "height": 51.05058365758755,
                "width": 52.908930150309466,
                "left": 651.0910698496906,
                "top": 205.80739299610894
            },
            "points": [
                {
                    "x": 651.0910698496906,
                    "y": 205.80739299610894
                },
                {
                    "x": 704.0000000000001,
                    "y": 205.80739299610894
                },
                {
                    "x": 704.0000000000001,
                    "y": 256.8579766536965
                },
                {
                    "x": 651.0910698496906,
                    "y": 256.8579766536965
                }
            ]
        },
        {
            "id": "Cww4eFtGy",
            "type": "RECTANGLE",
            "tags": [
                "empty"
            ],
            "boundingBox": {
                "height": 43.57976653696498,
                "width": 103.9504862953139,
                "left": 425.76127320954913,
                "top": 157.24708171206225
            },
            "points": [
                {
                    "x": 425.76127320954913,
                    "y": 157.24708171206225
                },
                {
                    "x": 529.711759504863,
                    "y": 157.24708171206225
                },
                {
                    "x": 529.711759504863,
                    "y": 200.82684824902725
                },
                {
                    "x": 425.76127320954913,
                    "y": 200.82684824902725
                }
            ]
        },
        {
            "id": "KR31YvXkw",
            "type": "RECTANGLE",
            "tags": [
                "empty"
            ],
            "boundingBox": {
                "height": 26.410505836575876,
                "width": 94.61361626878869,
                "left": 301.2696728558798,
                "top": 149.77626459143968
            },
            "points": [
                {
                    "x": 301.2696728558798,
                    "y": 149.77626459143968
                },
                {
                    "x": 395.88328912466847,
                    "y": 149.77626459143968
                },
                {
                    "x": 395.88328912466847,
                    "y": 176.18677042801556
                },
                {
                    "x": 301.2696728558798,
                    "y": 176.18677042801556
                }
            ]
        },
        {
            "id": "CRAo8nJIb",
            "type": "RECTANGLE",
            "tags": [
                "empty"
            ],
            "boundingBox": {
                "height": 64.12451361867704,
                "width": 85.89920424403184,
                "left": 56.0212201591512,
                "top": 217.63618677042803
            },
            "points": [
                {
                    "x": 56.0212201591512,
                    "y": 217.63618677042803
                },
                {
                    "x": 141.92042440318303,
                    "y": 217.63618677042803
                },
                {
                    "x": 141.92042440318303,
                    "y": 281.76070038910507
                },
                {
                    "x": 56.0212201591512,
                    "y": 281.76070038910507
                }
            ]
        },
        {
            "id": "qynwS9s-l",
            "type": "RECTANGLE",
            "tags": [
                "empty"
            ],
            "boundingBox": {
                "height": 191.39105058365763,
                "width": 151.8797524314766,
                "left": 552.1202475685235,
                "top": 288.6089494163424
            },
            "points": [
                {
                    "x": 552.1202475685235,
                    "y": 288.6089494163424
                },
                {
                    "x": 704.0000000000001,
                    "y": 288.6089494163424
                },
                {
                    "x": 704.0000000000001,
                    "y": 480
                },
                {
                    "x": 552.1202475685235,
                    "y": 480
                }
            ]
        }
    ],
    "version": "2.2.0"
}