{
    "asset": {
        "format": "PNG",
        "id": "1f25d6b0a2e99a7f887a218e4e8ebe99",
        "name": "Hicksville_Kistler2.PNG",
        "path": "file:C:/Users/Conno/Desktop/Parking%20Oracle/Original%20Images/Hicksville_Kistler2.PNG",
        "size": {
            "width": 802,
            "height": 325
        },
        "state": 2,
        "type": 1
    },
    "regions": [
        {
            "id": "k5SwzTkjJ",
            "type": "RECTANGLE",
            "tags": [
                "car"
            ],
            "boundingBox": {
                "height": 61.02620087336245,
                "width": 61.692307692307686,
                "left": 439.64633068081343,
                "top": 156.2355008187773
            },
            "points": [
                {
                    "x": 439.64633068081343,
                    "y": 156.2355008187773
                },
                {
                    "x": 501.3386383731211,
                    "y": 156.2355008187773
                },
                {
                    "x": 501.3386383731211,
                    "y": 217.26170169213975
                },
                {
                    "x": 439.64633068081343,
                    "y": 217.26170169213975
                }
            ]
        },
        {
            "id": "sj880PzVW",
            "type": "RECTANGLE",
            "tags": [
                "car"
            ],
            "boundingBox": {
                "height": 64.57423580786026,
                "width": 48.219274977895665,
                "left": 382.20866489832,
                "top": 151.26825191048036
            },
            "points": [
                {
                    "x": 382.20866489832,
                    "y": 151.26825191048036
                },
                {
                    "x": 430.4279398762157,
                    "y": 151.26825191048036
                },
                {
                    "x": 430.4279398762157,
                    "y": 215.84248771834064
                },
                {
                    "x": 382.20866489832,
                    "y": 215.84248771834064
                }
            ]
        },
        {
            "id": "SwX-KjI3z",
            "type": "RECTANGLE",
            "tags": [
                "car"
            ],
            "boundingBox": {
                "height": 61.735807860262014,
                "width": 43.25552608311229,
                "left": 388.59062776304154,
                "top": 88.11323007641921
            },
            "points": [
                {
                    "x": 388.59062776304154,
                    "y": 88.11323007641921
                },
                {
                    "x": 431.8461538461538,
                    "y": 88.11323007641921
                },
                {
                    "x": 431.8461538461538,
                    "y": 149.84903793668124
                },
                {
                    "x": 388.59062776304154,
                    "y": 149.84903793668124
                }
            ]
        },
        {
            "id": "_55zzfTnV",
            "type": "RECTANGLE",
            "tags": [
                "empty"
            ],
            "boundingBox": {
                "height": 61.02620087336245,
                "width": 65.23784261715296,
                "left": 434.68258178603,
                "top": 99.46694186681223
            },
            "points": [
                {
                    "x": 434.68258178603,
                    "y": 99.46694186681223
                },
                {
                    "x": 499.920424403183,
                    "y": 99.46694186681223
                },
                {
                    "x": 499.920424403183,
                    "y": 160.49314274017468
                },
                {
                    "x": 434.68258178603,
                    "y": 160.49314274017468
                }
            ]
        },
        {
            "id": "ydS0-JIcm",
            "type": "RECTANGLE",
            "tags": [
                "empty"
            ],
            "boundingBox": {
                "height": 53.220524017467255,
                "width": 48.92838196286472,
                "left": 337.53492484526964,
                "top": 103.01497680131006
            },
            "points": [
                {
                    "x": 337.53492484526964,
                    "y": 103.01497680131006
                },
                {
                    "x": 386.46330680813435,
                    "y": 103.01497680131006
                },
                {
                    "x": 386.46330680813435,
                    "y": 156.2355008187773
                },
                {
                    "x": 337.53492484526964,
                    "y": 156.2355008187773
                }
            ]
        },
        {
            "id": "i76ncZgfH",
            "type": "RECTANGLE",
            "tags": [
                "empty"
            ],
            "boundingBox": {
                "height": 61.735807860262014,
                "width": 56.728558797524315,
                "left": 325.48010610079575,
                "top": 159.78353575327512
            },
            "points": [
                {
                    "x": 325.48010610079575,
                    "y": 159.78353575327512
                },
                {
                    "x": 382.20866489832,
                    "y": 159.78353575327512
                },
                {
                    "x": 382.20866489832,
                    "y": 221.51934361353713
                },
                {
                    "x": 325.48010610079575,
                    "y": 221.51934361353713
                }
            ]
        },
        {
            "id": "-G3ByND9g",
            "type": "RECTANGLE",
            "tags": [
                "car"
            ],
            "boundingBox": {
                "height": 67.41266375545852,
                "width": 40.41909814323607,
                "left": 295.6976127320955,
                "top": 79.59794623362446
            },
            "points": [
                {
                    "x": 295.6976127320955,
                    "y": 79.59794623362446
                },
                {
                    "x": 336.11671087533153,
                    "y": 79.59794623362446
                },
                {
                    "x": 336.11671087533153,
                    "y": 147.01060998908298
                },
                {
                    "x": 295.6976127320955,
                    "y": 147.01060998908298
                }
            ]
        },
        {
            "id": "dSumIDdJR",
            "type": "RECTANGLE",
            "tags": [
                "car"
            ],
            "boundingBox": {
                "height": 68.12227074235808,
                "width": 47.51016799292661,
                "left": 272.29708222811666,
                "top": 152.68746588427948
            },
            "points": [
                {
                    "x": 272.29708222811666,
                    "y": 152.68746588427948
                },
                {
                    "x": 319.8072502210433,
                    "y": 152.68746588427948
                },
                {
                    "x": 319.8072502210433,
                    "y": 220.80973662663757
                },
                {
                    "x": 272.29708222811666,
                    "y": 220.80973662663757
                }
            ]
        },
        {
            "id": "b_tD0K-Cj",
            "type": "RECTANGLE",
            "tags": [
                "car"
            ],
            "boundingBox": {
                "height": 60.316593886462876,
                "width": 46.80106100795756,
                "left": 242.51458885941642,
                "top": 88.82283706331879
            },
            "points": [
                {
                    "x": 242.51458885941642,
                    "y": 88.82283706331879
                },
                {
                    "x": 289.31564986737396,
                    "y": 88.82283706331879
                },
                {
                    "x": 289.31564986737396,
                    "y": 149.13943094978166
                },
                {
                    "x": 242.51458885941642,
                    "y": 149.13943094978166
                }
            ]
        },
        {
            "id": "FE9_99rBE",
            "type": "RECTANGLE",
            "tags": [
                "empty"
            ],
            "boundingBox": {
                "height": 59.60698689956336,
                "width": 52.47391688770999,
                "left": 218.4049513704686,
                "top": 159.0739287663756
            },
            "points": [
                {
                    "x": 218.4049513704686,
                    "y": 159.0739287663756
                },
                {
                    "x": 270.8788682581786,
                    "y": 159.0739287663756
                },
                {
                    "x": 270.8788682581786,
                    "y": 218.68091566593895
                },
                {
                    "x": 218.4049513704686,
                    "y": 218.68091566593895
                }
            ]
        },
        {
            "id": "e79MGffXG",
            "type": "RECTANGLE",
            "tags": [
                "empty"
            ],
            "boundingBox": {
                "height": 55.349344978165945,
                "width": 41.83731211317418,
                "left": 197.84084880636604,
                "top": 93.79008597161572
            },
            "points": [
                {
                    "x": 197.84084880636604,
                    "y": 93.79008597161572
                },
                {
                    "x": 239.6781609195402,
                    "y": 93.79008597161572
                },
                {
                    "x": 239.6781609195402,
                    "y": 149.13943094978166
                },
                {
                    "x": 197.84084880636604,
                    "y": 149.13943094978166
                }
            ]
        },
        {
            "id": "4JNKgschq",
            "type": "RECTANGLE",
            "tags": [
                "car"
            ],
            "boundingBox": {
                "height": 65.9934497816594,
                "width": 39.00088417329796,
                "left": 173.02210433244915,
                "top": 147.01060998908298
            },
            "points": [
                {
                    "x": 173.02210433244915,
                    "y": 147.01060998908298
                },
                {
                    "x": 212.02298850574712,
                    "y": 147.01060998908298
                },
                {
                    "x": 212.02298850574712,
                    "y": 213.00405977074237
                },
                {
                    "x": 173.02210433244915,
                    "y": 213.00405977074237
                }
            ]
        },
        {
            "id": "Zi76fnIfU",
            "type": "RECTANGLE",
            "tags": [
                "car"
            ],
            "boundingBox": {
                "height": 55.349344978165945,
                "width": 36.8735632183908,
                "left": 152.45800176834658,
                "top": 83.85558815502183
            },
            "points": [
                {
                    "x": 152.45800176834658,
                    "y": 83.85558815502183
                },
                {
                    "x": 189.3315649867374,
                    "y": 83.85558815502183
                },
                {
                    "x": 189.3315649867374,
                    "y": 139.20493313318778
                },
                {
                    "x": 152.45800176834658,
                    "y": 139.20493313318778
                }
            ]
        },
        {
            "id": "GALL0psrf",
            "type": "RECTANGLE",
            "tags": [
                "car"
            ],
            "boundingBox": {
                "height": 59.606986899563324,
                "width": 60.27409372236958,
                "left": 114.16622458001767,
                "top": 144.17218204148472
            },
            "points": [
                {
                    "x": 114.16622458001767,
                    "y": 144.17218204148472
                },
                {
                    "x": 174.44031830238725,
                    "y": 144.17218204148472
                },
                {
                    "x": 174.44031830238725,
                    "y": 203.77916894104806
                },
                {
                    "x": 114.16622458001767,
                    "y": 203.77916894104806
                }
            ]
        },
        {
            "id": "8Ngn442OU",
            "type": "RECTANGLE",
            "tags": [
                "car"
            ],
            "boundingBox": {
                "height": 61.735807860262014,
                "width": 53.8921308576481,
                "left": 64.52873563218391,
                "top": 142.7529680676856
            },
            "points": [
                {
                    "x": 64.52873563218391,
                    "y": 142.7529680676856
                },
                {
                    "x": 118.420866489832,
                    "y": 142.7529680676856
                },
                {
                    "x": 118.420866489832,
                    "y": 204.48877592794761
                },
                {
                    "x": 64.52873563218391,
                    "y": 204.48877592794761
                }
            ]
        },
        {
            "id": "u7zLeQDGC",
            "type": "RECTANGLE",
            "tags": [
                "empty"
            ],
            "boundingBox": {
                "height": 53.930131004366814,
                "width": 31.909814323607424,
                "left": 117.71175950486294,
                "top": 93.08047898471617
            },
            "points": [
                {
                    "x": 117.71175950486294,
                    "y": 93.08047898471617
                },
                {
                    "x": 149.62157382847036,
                    "y": 93.08047898471617
                },
                {
                    "x": 149.62157382847036,
                    "y": 147.01060998908298
                },
                {
                    "x": 117.71175950486294,
                    "y": 147.01060998908298
                }
            ]
        },
        {
            "id": "PVZwwMt1B",
            "type": "RECTANGLE",
            "tags": [
                "empty"
            ],
            "boundingBox": {
                "height": 42.5764192139738,
                "width": 42.54641909814323,
                "left": 70.91069849690538,
                "top": 95.91890693231441
            },
            "points": [
                {
                    "x": 70.91069849690538,
                    "y": 95.91890693231441
                },
                {
                    "x": 113.45711759504863,
                    "y": 95.91890693231441
                },
                {
                    "x": 113.45711759504863,
                    "y": 138.49532614628822
                },
                {
                    "x": 70.91069849690538,
                    "y": 138.49532614628822
                }
            ]
        },
        {
            "id": "oWiPIDD43",
            "type": "RECTANGLE",
            "tags": [
                "empty"
            ],
            "boundingBox": {
                "height": 54.63973799126638,
                "width": 59.564986737400524,
                "left": 19.854995579133508,
                "top": 153.39707287117906
            },
            "points": [
                {
                    "x": 19.854995579133508,
                    "y": 153.39707287117906
                },
                {
                    "x": 79.41998231653403,
                    "y": 153.39707287117906
                },
                {
                    "x": 79.41998231653403,
                    "y": 208.03681086244544
                },
                {
                    "x": 19.854995579133508,
                    "y": 208.03681086244544
                }
            ]
        },
        {
            "id": "GW6BxRq0d",
            "type": "RECTANGLE",
            "tags": [
                "car"
            ],
            "boundingBox": {
                "height": 54.63973799126638,
                "width": 31.909814323607424,
                "left": 13.473032714412025,
                "top": 78.17873225982534
            },
            "points": [
                {
                    "x": 13.473032714412025,
                    "y": 78.17873225982534
                },
                {
                    "x": 45.38284703801945,
                    "y": 78.17873225982534
                },
                {
                    "x": 45.38284703801945,
                    "y": 132.81847025109172
                },
                {
                    "x": 13.473032714412025,
                    "y": 132.81847025109172
                }
            ]
        },
        {
            "id": "g_P4Jkn1J",
            "type": "RECTANGLE",
            "tags": [
                "empty"
            ],
            "boundingBox": {
                "height": 39.028384279475986,
                "width": 44.673740053050395,
                "left": 404.19098143236073,
                "top": 9.346854530567686
            },
            "points": [
                {
                    "x": 404.19098143236073,
                    "y": 9.346854530567686
                },
                {
                    "x": 448.8647214854111,
                    "y": 9.346854530567686
                },
                {
                    "x": 448.8647214854111,
                    "y": 48.37523881004367
                },
                {
                    "x": 404.19098143236073,
                    "y": 48.37523881004367
                }
            ]
        },
        {
            "id": "2rjTZDAxr",
            "type": "RECTANGLE",
            "tags": [
                "car"
            ],
            "boundingBox": {
                "height": 39.737991266375545,
                "width": 39.709991158267016,
                "left": 448.8647214854111,
                "top": 1.5411776746724892
            },
            "points": [
                {
                    "x": 448.8647214854111,
                    "y": 1.5411776746724892
                },
                {
                    "x": 488.57471264367814,
                    "y": 1.5411776746724892
                },
                {
                    "x": 488.57471264367814,
                    "y": 41.279168941048034
                },
                {
                    "x": 448.8647214854111,
                    "y": 41.279168941048034
                }
            ]
        },
        {
            "id": "vBye14DiW",
            "type": "RECTANGLE",
            "tags": [
                "empty"
            ],
            "boundingBox": {
                "height": 41.157205240174676,
                "width": 48.92838196286472,
                "left": 355.97170645446505,
                "top": 10.766068504366812
            },
            "points": [
                {
                    "x": 355.97170645446505,
                    "y": 10.766068504366812
                },
                {
                    "x": 404.90008841732975,
                    "y": 10.766068504366812
                },
                {
                    "x": 404.90008841732975,
                    "y": 51.92327374454149
                },
                {
                    "x": 355.97170645446505,
                    "y": 51.92327374454149
                }
            ]
        },
        {
            "id": "ZPv-lWEtk",
            "type": "RECTANGLE",
            "tags": [
                "empty"
            ],
            "boundingBox": {
                "height": 41.157205240174676,
                "width": 51.05570291777188,
                "left": 313.4252873563218,
                "top": 9.346854530567686
            },
            "points": [
                {
                    "x": 313.4252873563218,
                    "y": 9.346854530567686
                },
                {
                    "x": 364.4809902740937,
                    "y": 9.346854530567686
                },
                {
                    "x": 364.4809902740937,
                    "y": 50.50405977074236
                },
                {
                    "x": 313.4252873563218,
                    "y": 50.50405977074236
                }
            ]
        },
        {
            "id": "iSg9yx_A-",
            "type": "RECTANGLE",
            "tags": [
                "car"
            ],
            "boundingBox": {
                "height": 43.99563318777293,
                "width": 43.25552608311229,
                "left": 275.84261715296196,
                "top": 0.8315706877729259
            },
            "points": [
                {
                    "x": 275.84261715296196,
                    "y": 0.8315706877729259
                },
                {
                    "x": 319.09814323607424,
                    "y": 0.8315706877729259
                },
                {
                    "x": 319.09814323607424,
                    "y": 44.827203875545855
                },
                {
                    "x": 275.84261715296196,
                    "y": 44.827203875545855
                }
            ]
        },
        {
            "id": "gTr2-bi2f",
            "type": "RECTANGLE",
            "tags": [
                "empty"
            ],
            "boundingBox": {
                "height": 36.18995633187773,
                "width": 53.183023872679044,
                "left": 229.0415561450044,
                "top": 10.766068504366812
            },
            "points": [
                {
                    "x": 229.0415561450044,
                    "y": 10.766068504366812
                },
                {
                    "x": 282.2245800176834,
                    "y": 10.766068504366812
                },
                {
                    "x": 282.2245800176834,
                    "y": 46.956024836244545
                },
                {
                    "x": 229.0415561450044,
                    "y": 46.956024836244545
                }
            ]
        },
        {
            "id": "MsSxqqx3w",
            "type": "RECTANGLE",
            "tags": [
                "empty"
            ],
            "boundingBox": {
                "height": 40.44759825327511,
                "width": 59.564986737400524,
                "left": 184.367816091954,
                "top": 9.346854530567686
            },
            "points": [
                {
                    "x": 184.367816091954,
                    "y": 9.346854530567686
                },
                {
                    "x": 243.93280282935453,
                    "y": 9.346854530567686
                },
                {
                    "x": 243.93280282935453,
                    "y": 49.7944527838428
                },
                {
                    "x": 184.367816091954,
                    "y": 49.7944527838428
                }
            ]
        },
        {
            "id": "6NAhZXaoO",
            "type": "RECTANGLE",
            "tags": [
                "empty"
            ],
            "boundingBox": {
                "height": 37.609170305676855,
                "width": 54.60123784261715,
                "left": 150.33068081343941,
                "top": 10.766068504366812
            },
            "points": [
                {
                    "x": 150.33068081343941,
                    "y": 10.766068504366812
                },
                {
                    "x": 204.93191865605658,
                    "y": 10.766068504366812
                },
                {
                    "x": 204.93191865605658,
                    "y": 48.37523881004367
                },
                {
                    "x": 150.33068081343941,
                    "y": 48.37523881004367
                }
            ]
        },
        {
            "id": "m4B2f0Uw5",
            "type": "RECTANGLE",
            "tags": [
                "empty"
            ],
            "boundingBox": {
                "height": 36.8995633187773,
                "width": 51.764809902740936,
                "left": 85.80194518125552,
                "top": 7.9276405567685595
            },
            "points": [
                {
                    "x": 85.80194518125552,
                    "y": 7.9276405567685595
                },
                {
                    "x": 137.56675508399644,
                    "y": 7.9276405567685595
                },
                {
                    "x": 137.56675508399644,
                    "y": 44.827203875545855
                },
                {
                    "x": 85.80194518125552,
                    "y": 44.827203875545855
                }
            ]
        },
        {
            "id": "lCG5AIgZo",
            "type": "RECTANGLE",
            "tags": [
                "empty"
            ],
            "boundingBox": {
                "height": 34.77074235807861,
                "width": 50.34659593280283,
                "left": 56.728558797524315,
                "top": 10.05646151746725
            },
            "points": [
                {
                    "x": 56.728558797524315,
                    "y": 10.05646151746725
                },
                {
                    "x": 107.07515473032714,
                    "y": 10.05646151746725
                },
                {
                    "x": 107.07515473032714,
                    "y": 44.827203875545855
                },
                {
                    "x": 56.728558797524315,
                    "y": 44.827203875545855
                }
            ]
        },
        {
            "id": "F073-VaOX",
            "type": "RECTANGLE",
            "tags": [
                "empty"
            ],
            "boundingBox": {
                "height": 33.351528384279476,
                "width": 47.51016799292661,
                "left": 19.854995579133508,
                "top": 9.346854530567686
            },
            "points": [
                {
                    "x": 19.854995579133508,
                    "y": 9.346854530567686
                },
                {
                    "x": 67.36516357206013,
                    "y": 9.346854530567686
                },
                {
                    "x": 67.36516357206013,
                    "y": 42.698382914847166
                },
                {
                    "x": 19.854995579133508,
                    "y": 42.698382914847166
                }
            ]
        }
    ],
    "version": "2.2.0"
}