{
    "asset": {
        "format": "PNG",
        "id": "21e4023d5c7a694d5ec398359fa93d2c",
        "name": "Tokyo_Kistler2.PNG",
        "path": "file:C:/Users/Conno/Desktop/Parking%20Oracle/Original%20Images/Tokyo_Kistler2.PNG",
        "size": {
            "width": 675,
            "height": 390
        },
        "state": 2,
        "type": 1
    },
    "regions": [
        {
            "id": "xiMNCJotJ",
            "type": "RECTANGLE",
            "tags": [
                "car"
            ],
            "boundingBox": {
                "height": 102.12863705972434,
                "width": 113.99204244031831,
                "left": 113.99204244031831,
                "top": 82.85820252679939
            },
            "points": [
                {
                    "x": 113.99204244031831,
                    "y": 82.85820252679939
                },
                {
                    "x": 227.98408488063663,
                    "y": 82.85820252679939
                },
                {
                    "x": 227.98408488063663,
                    "y": 184.98683958652373
                },
                {
                    "x": 113.99204244031831,
                    "y": 184.98683958652373
                }
            ]
        },
        {
            "id": "QBqvAkUo-",
            "type": "RECTANGLE",
            "tags": [
                "car"
            ],
            "boundingBox": {
                "height": 97.35068912710567,
                "width": 310.3448275862069,
                "left": 159.94694960212203,
                "top": 274.57336332312406
            },
            "points": [
                {
                    "x": 159.94694960212203,
                    "y": 274.57336332312406
                },
                {
                    "x": 470.2917771883289,
                    "y": 274.57336332312406
                },
                {
                    "x": 470.2917771883289,
                    "y": 371.9240524502297
                },
                {
                    "x": 159.94694960212203,
                    "y": 371.9240524502297
                }
            ]
        },
        {
            "id": "cTb9mmjb2",
            "type": "RECTANGLE",
            "tags": [
                "car"
            ],
            "boundingBox": {
                "height": 109.89280245022971,
                "width": 82.95755968169762,
                "left": 22.082228116710876,
                "top": 95.40031584992343
            },
            "points": [
                {
                    "x": 22.082228116710876,
                    "y": 95.40031584992343
                },
                {
                    "x": 105.0397877984085,
                    "y": 95.40031584992343
                },
                {
                    "x": 105.0397877984085,
                    "y": 205.29311830015314
                },
                {
                    "x": 22.082228116710876,
                    "y": 205.29311830015314
                }
            ]
        },
        {
            "id": "zgBQGalG2",
            "type": "RECTANGLE",
            "tags": [
                "car"
            ],
            "boundingBox": {
                "height": 87.79479326186829,
                "width": 118.76657824933687,
                "left": 313.3289124668435,
                "top": 76.2885241194487
            },
            "points": [
                {
                    "x": 313.3289124668435,
                    "y": 76.2885241194487
                },
                {
                    "x": 432.0954907161804,
                    "y": 76.2885241194487
                },
                {
                    "x": 432.0954907161804,
                    "y": 164.083317381317
                },
                {
                    "x": 313.3289124668435,
                    "y": 164.083317381317
                }
            ]
        },
        {
            "id": "2FTEK4aNI",
            "type": "RECTANGLE",
            "tags": [
                "car"
            ],
            "boundingBox": {
                "height": 85.40581929555896,
                "width": 103.24933687002653,
                "left": 402.85145888594167,
                "top": 72.10781967840735
            },
            "points": [
                {
                    "x": 402.85145888594167,
                    "y": 72.10781967840735
                },
                {
                    "x": 506.1007957559682,
                    "y": 72.10781967840735
                },
                {
                    "x": 506.1007957559682,
                    "y": 157.5136389739663
                },
                {
                    "x": 402.85145888594167,
                    "y": 157.5136389739663
                }
            ]
        },
        {
            "id": "6GOzf--2W",
            "type": "RECTANGLE",
            "tags": [
                "car"
            ],
            "boundingBox": {
                "height": 77.6416539050536,
                "width": 90.71618037135279,
                "left": 478.64721485411144,
                "top": 79.27474157733538
            },
            "points": [
                {
                    "x": 478.64721485411144,
                    "y": 79.27474157733538
                },
                {
                    "x": 569.3633952254643,
                    "y": 79.27474157733538
                },
                {
                    "x": 569.3633952254643,
                    "y": 156.91639548238896
                },
                {
                    "x": 478.64721485411144,
                    "y": 156.91639548238896
                }
            ]
        },
        {
            "id": "Viv690bqO",
            "type": "RECTANGLE",
            "tags": [
                "car"
            ],
            "boundingBox": {
                "height": 72.26646248085758,
                "width": 84.74801061007958,
                "left": 522.8116710875332,
                "top": 83.45544601837672
            },
            "points": [
                {
                    "x": 522.8116710875332,
                    "y": 83.45544601837672
                },
                {
                    "x": 607.5596816976127,
                    "y": 83.45544601837672
                },
                {
                    "x": 607.5596816976127,
                    "y": 155.7219084992343
                },
                {
                    "x": 522.8116710875332,
                    "y": 155.7219084992343
                }
            ]
        },
        {
            "id": "pjB7ijxEL",
            "type": "RECTANGLE",
            "tags": [
                "car"
            ],
            "boundingBox": {
                "height": 62.11332312404288,
                "width": 72.21485411140584,
                "left": 571.1538461538462,
                "top": 91.81685490045942
            },
            "points": [
                {
                    "x": 571.1538461538462,
                    "y": 91.81685490045942
                },
                {
                    "x": 643.3687002652521,
                    "y": 91.81685490045942
                },
                {
                    "x": 643.3687002652521,
                    "y": 153.93017802450228
                },
                {
                    "x": 571.1538461538462,
                    "y": 153.93017802450228
                }
            ]
        },
        {
            "id": "Xzv5J2tlr",
            "type": "RECTANGLE",
            "tags": [
                "car"
            ],
            "boundingBox": {
                "height": 58.52986217457887,
                "width": 48.342175066313,
                "left": 612.9310344827586,
                "top": 93.60858537519142
            },
            "points": [
                {
                    "x": 612.9310344827586,
                    "y": 93.60858537519142
                },
                {
                    "x": 661.2732095490717,
                    "y": 93.60858537519142
                },
                {
                    "x": 661.2732095490717,
                    "y": 152.1384475497703
                },
                {
                    "x": 612.9310344827586,
                    "y": 152.1384475497703
                }
            ]
        },
        {
            "id": "rwrZq3A2p",
            "type": "RECTANGLE",
            "tags": [
                "car"
            ],
            "boundingBox": {
                "height": 68.08575803981623,
                "width": 126.52519893899205,
                "left": 537.1352785145889,
                "top": 211.2655532159265
            },
            "points": [
                {
                    "x": 537.1352785145889,
                    "y": 211.2655532159265
                },
                {
                    "x": 663.6604774535809,
                    "y": 211.2655532159265
                },
                {
                    "x": 663.6604774535809,
                    "y": 279.3513112557427
                },
                {
                    "x": 537.1352785145889,
                    "y": 279.3513112557427
                }
            ]
        },
        {
            "id": "HinSzvwW5",
            "type": "RECTANGLE",
            "tags": [
                "empty"
            ],
            "boundingBox": {
                "height": 83.61408882082695,
                "width": 150.3978779840849,
                "left": 204.11140583554376,
                "top": 98.38653330781011
            },
            "points": [
                {
                    "x": 204.11140583554376,
                    "y": 98.38653330781011
                },
                {
                    "x": 354.50928381962865,
                    "y": 98.38653330781011
                },
                {
                    "x": 354.50928381962865,
                    "y": 182.00062212863705
                },
                {
                    "x": 204.11140583554376,
                    "y": 182.00062212863705
                }
            ]
        }
    ],
    "version": "2.2.0"
}