{
    "asset": {
        "format": "PNG",
        "id": "4a305eeb77dc7d449b1dbb4f987b46c8",
        "name": "Tyumen_Kistler1.PNG",
        "path": "file:C:/Users/Conno/Desktop/Parking%20Oracle/Original%20Images/Tyumen_Kistler1.PNG",
        "size": {
            "width": 1486,
            "height": 829
        },
        "state": 2,
        "type": 1
    },
    "regions": [
        {
            "id": "b1Zos6619",
            "type": "RECTANGLE",
            "tags": [
                "car"
            ],
            "boundingBox": {
                "height": 237.79556259904913,
                "width": 352.12024756852344,
                "left": 642.4880636604775,
                "top": 308.06267333597464
            },
            "points": [
                {
                    "x": 642.4880636604775,
                    "y": 308.06267333597464
                },
                {
                    "x": 994.608311229001,
                    "y": 308.06267333597464
                },
                {
                    "x": 994.608311229001,
                    "y": 545.8582359350238
                },
                {
                    "x": 642.4880636604775,
                    "y": 545.8582359350238
                }
            ]
        },
        {
            "id": "rZzyW_XYl",
            "type": "RECTANGLE",
            "tags": [
                "car"
            ],
            "boundingBox": {
                "height": 335.69326961172743,
                "width": 512.4137931034483,
                "left": 0,
                "top": 411.8518967908082
            },
            "points": [
                {
                    "x": 0,
                    "y": 411.8518967908082
                },
                {
                    "x": 512.4137931034483,
                    "y": 411.8518967908082
                },
                {
                    "x": 512.4137931034483,
                    "y": 747.5451664025356
                },
                {
                    "x": 0,
                    "y": 747.5451664025356
                }
            ]
        },
        {
            "id": "anzf9q_92",
            "type": "RECTANGLE",
            "tags": [
                "car"
            ],
            "boundingBox": {
                "height": 177.36133122028525,
                "width": 285.11229000884174,
                "left": 1153.5879752431476,
                "top": 365.86932943740095
            },
            "points": [
                {
                    "x": 1153.5879752431476,
                    "y": 365.86932943740095
                },
                {
                    "x": 1438.7002652519893,
                    "y": 365.86932943740095
                },
                {
                    "x": 1438.7002652519893,
                    "y": 543.2306606576861
                },
                {
                    "x": 1153.5879752431476,
                    "y": 543.2306606576861
                }
            ]
        },
        {
            "id": "Zb28gsbfi",
            "type": "RECTANGLE",
            "tags": [
                "car"
            ],
            "boundingBox": {
                "height": 182.61648177496036,
                "width": 160.29354553492485,
                "left": 84.08841732979664,
                "top": 197.70451168779715
            },
            "points": [
                {
                    "x": 84.08841732979664,
                    "y": 197.70451168779715
                },
                {
                    "x": 244.3819628647215,
                    "y": 197.70451168779715
                },
                {
                    "x": 244.3819628647215,
                    "y": 380.32099346275754
                },
                {
                    "x": 84.08841732979664,
                    "y": 380.32099346275754
                }
            ]
        },
        {
            "id": "TA4iZ-zzR",
            "type": "RECTANGLE",
            "tags": [
                "car"
            ],
            "boundingBox": {
                "height": 141.25269908874802,
                "width": 165.54907161803715,
                "left": 254.89301503094606,
                "top": 164.85982072107765
            },
            "points": [
                {
                    "x": 254.89301503094606,
                    "y": 164.85982072107765
                },
                {
                    "x": 420.4420866489832,
                    "y": 164.85982072107765
                },
                {
                    "x": 420.4420866489832,
                    "y": 306.11251980982564
                },
                {
                    "x": 254.89301503094606,
                    "y": 306.11251980982564
                }
            ]
        },
        {
            "id": "Y2P1rq6St",
            "type": "RECTANGLE",
            "tags": [
                "car"
            ],
            "boundingBox": {
                "height": 139.26148969889064,
                "width": 190.51282051282053,
                "left": 400.73386383731213,
                "top": 145.15300614104595
            },
            "points": [
                {
                    "x": 400.73386383731213,
                    "y": 145.15300614104595
                },
                {
                    "x": 591.2466843501327,
                    "y": 145.15300614104595
                },
                {
                    "x": 591.2466843501327,
                    "y": 284.4144958399366
                },
                {
                    "x": 400.73386383731213,
                    "y": 284.4144958399366
                }
            ]
        },
        {
            "id": "pVQjKTUJa",
            "type": "RECTANGLE",
            "tags": [
                "car"
            ],
            "boundingBox": {
                "height": 141.25269908874802,
                "width": 156.3519009725907,
                "left": 596.502210433245,
                "top": 126.75997919968304
            },
            "points": [
                {
                    "x": 596.502210433245,
                    "y": 126.75997919968304
                },
                {
                    "x": 752.8541114058357,
                    "y": 126.75997919968304
                },
                {
                    "x": 752.8541114058357,
                    "y": 268.01267828843106
                },
                {
                    "x": 596.502210433245,
                    "y": 268.01267828843106
                }
            ]
        },
        {
            "id": "KUOVcCoDc",
            "type": "RECTANGLE",
            "tags": [
                "car"
            ],
            "boundingBox": {
                "height": 120.86846275752774,
                "width": 186.5711759504863,
                "left": 688.47391688771,
                "top": 129.3875544770206
            },
            "points": [
                {
                    "x": 688.47391688771,
                    "y": 129.3875544770206
                },
                {
                    "x": 875.0450928381963,
                    "y": 129.3875544770206
                },
                {
                    "x": 875.0450928381963,
                    "y": 250.25601723454832
                },
                {
                    "x": 688.47391688771,
                    "y": 250.25601723454832
                }
            ]
        },
        {
            "id": "hLe8rJ_TK",
            "type": "RECTANGLE",
            "tags": [
                "car"
            ],
            "boundingBox": {
                "height": 98.53407290015848,
                "width": 131.38815207780726,
                "left": 798.8399646330681,
                "top": 139.89785558637084
            },
            "points": [
                {
                    "x": 798.8399646330681,
                    "y": 139.89785558637084
                },
                {
                    "x": 930.2281167108754,
                    "y": 139.89785558637084
                },
                {
                    "x": 930.2281167108754,
                    "y": 238.4319284865293
                },
                {
                    "x": 798.8399646330681,
                    "y": 238.4319284865293
                }
            ]
        },
        {
            "id": "b2pwokddc",
            "type": "RECTANGLE",
            "tags": [
                "car"
            ],
            "boundingBox": {
                "height": 112.98573692551506,
                "width": 122.19098143236074,
                "left": 880.3006189213086,
                "top": 130.70134211568939
            },
            "points": [
                {
                    "x": 880.3006189213086,
                    "y": 130.70134211568939
                },
                {
                    "x": 1002.4916003536694,
                    "y": 130.70134211568939
                },
                {
                    "x": 1002.4916003536694,
                    "y": 243.68707904120444
                },
                {
                    "x": 880.3006189213086,
                    "y": 243.68707904120444
                }
            ]
        },
        {
            "id": "ZXqsNjb1Z",
            "type": "RECTANGLE",
            "tags": [
                "car"
            ],
            "boundingBox": {
                "height": 93.27892234548335,
                "width": 105.1105216622458,
                "left": 973.5862068965517,
                "top": 155.6633072503962
            },
            "points": [
                {
                    "x": 973.5862068965517,
                    "y": 155.6633072503962
                },
                {
                    "x": 1078.6967285587975,
                    "y": 155.6633072503962
                },
                {
                    "x": 1078.6967285587975,
                    "y": 248.94222959587955
                },
                {
                    "x": 973.5862068965517,
                    "y": 248.94222959587955
                }
            ]
        }
    ],
    "version": "2.2.0"
}