{
    "asset": {
        "format": "PNG",
        "id": "72c2fad2c9fb347343f43bd8a28c5ac5",
        "name": "Maebashi_Kistler2.PNG",
        "path": "file:C:/Users/Conno/Desktop/Parking%20Oracle/Original%20Images/Maebashi_Kistler2.PNG",
        "size": {
            "width": 716,
            "height": 490
        },
        "state": 2,
        "type": 1
    },
    "regions": [
        {
            "id": "mlvraQ-LW",
            "type": "RECTANGLE",
            "tags": [
                "car"
            ],
            "boundingBox": {
                "height": 110.78811369509044,
                "width": 151.30327144120247,
                "left": 337.42528735632186,
                "top": 81.67655846253231
            },
            "points": [
                {
                    "x": 337.42528735632186,
                    "y": 81.67655846253231
                },
                {
                    "x": 488.72855879752433,
                    "y": 81.67655846253231
                },
                {
                    "x": 488.72855879752433,
                    "y": 192.46467215762274
                },
                {
                    "x": 337.42528735632186,
                    "y": 192.46467215762274
                }
            ]
        },
        {
            "id": "Osq4CScSh",
            "type": "RECTANGLE",
            "tags": [
                "car"
            ],
            "boundingBox": {
                "height": 93.6950904392765,
                "width": 144.3395225464191,
                "left": 255.75950486295315,
                "top": 69.64813468992249
            },
            "points": [
                {
                    "x": 255.75950486295315,
                    "y": 69.64813468992249
                },
                {
                    "x": 400.09902740937224,
                    "y": 69.64813468992249
                },
                {
                    "x": 400.09902740937224,
                    "y": 163.34322512919897
                },
                {
                    "x": 255.75950486295315,
                    "y": 163.34322512919897
                }
            ]
        },
        {
            "id": "KKVAmN6p1",
            "type": "RECTANGLE",
            "tags": [
                "car"
            ],
            "boundingBox": {
                "height": 81.66666666666667,
                "width": 136.10963748894784,
                "left": 188.0212201591512,
                "top": 58.25278585271318
            },
            "points": [
                {
                    "x": 188.0212201591512,
                    "y": 58.25278585271318
                },
                {
                    "x": 324.13085764809904,
                    "y": 58.25278585271318
                },
                {
                    "x": 324.13085764809904,
                    "y": 139.91945251937986
                },
                {
                    "x": 188.0212201591512,
                    "y": 139.91945251937986
                }
            ]
        },
        {
            "id": "hzsJ-kcc4",
            "type": "RECTANGLE",
            "tags": [
                "empty"
            ],
            "boundingBox": {
                "height": 55.71059431524548,
                "width": 79.76657824933687,
                "left": 148.7709991158267,
                "top": 70.91428456072352
            },
            "points": [
                {
                    "x": 148.7709991158267,
                    "y": 70.91428456072352
                },
                {
                    "x": 228.53757736516357,
                    "y": 70.91428456072352
                },
                {
                    "x": 228.53757736516357,
                    "y": 126.624878875969
                },
                {
                    "x": 148.7709991158267,
                    "y": 126.624878875969
                }
            ]
        },
        {
            "id": "ue_KCwtgA",
            "type": "RECTANGLE",
            "tags": [
                "car"
            ],
            "boundingBox": {
                "height": 66.47286821705427,
                "width": 126.61361626878869,
                "left": 120.28293545534925,
                "top": 43.05898740310078
            },
            "points": [
                {
                    "x": 120.28293545534925,
                    "y": 43.05898740310078
                },
                {
                    "x": 246.89655172413794,
                    "y": 43.05898740310078
                },
                {
                    "x": 246.89655172413794,
                    "y": 109.53185562015504
                },
                {
                    "x": 120.28293545534925,
                    "y": 109.53185562015504
                }
            ]
        },
        {
            "id": "GT6DGudAx",
            "type": "RECTANGLE",
            "tags": [
                "car"
            ],
            "boundingBox": {
                "height": 60.77519379844962,
                "width": 87.36339522546419,
                "left": 87.99646330680814,
                "top": 31.03056363049096
            },
            "points": [
                {
                    "x": 87.99646330680814,
                    "y": 31.03056363049096
                },
                {
                    "x": 175.35985853227234,
                    "y": 31.03056363049096
                },
                {
                    "x": 175.35985853227234,
                    "y": 91.80575742894058
                },
                {
                    "x": 87.99646330680814,
                    "y": 91.80575742894058
                }
            ]
        }
    ],
    "version": "2.2.0"
}