{
    "asset": {
        "format": "jpg",
        "id": "81702d25ecf344b9dffcf94b94b36a81",
        "name": "Marketplace_Kistler.jpg",
        "path": "file:C:/Users/Conno/Desktop/Parking%20Oracle/Original%20Images/Marketplace_Kistler.jpg",
        "size": {
            "width": 2315,
            "height": 1302
        },
        "state": 2,
        "type": 1
    },
    "regions": [
        {
            "id": "jIovMNrkE",
            "type": "RECTANGLE",
            "tags": [
                "car"
            ],
            "boundingBox": {
                "height": 436.04716981132077,
                "width": 814.6507515473032,
                "left": 100.29619805481873,
                "top": 372.7128537735849
            },
            "points": [
                {
                    "x": 100.29619805481873,
                    "y": 372.7128537735849
                },
                {
                    "x": 914.946949602122,
                    "y": 372.7128537735849
                },
                {
                    "x": 914.946949602122,
                    "y": 808.7600235849058
                },
                {
                    "x": 100.29619805481873,
                    "y": 808.7600235849058
                }
            ]
        },
        {
            "id": "6BoeW6qCT",
            "type": "RECTANGLE",
            "tags": [
                "car"
            ],
            "boundingBox": {
                "height": 497.5902122641512,
                "width": 1082.789566755084,
                "left": 276.3262599469495,
                "top": 802.4905660377359
            },
            "points": [
                {
                    "x": 276.3262599469495,
                    "y": 802.4905660377359
                },
                {
                    "x": 1359.1158267020335,
                    "y": 802.4905660377359
                },
                {
                    "x": 1359.1158267020335,
                    "y": 1300.080778301887
                },
                {
                    "x": 276.3262599469495,
                    "y": 1300.080778301887
                }
            ]
        },
        {
            "id": "htdAR1XaT",
            "type": "RECTANGLE",
            "tags": [
                "car"
            ],
            "boundingBox": {
                "height": 571.1603773584906,
                "width": 1197.4137931034481,
                "left": 1039.8054818744474,
                "top": 716.6373820754717
            },
            "points": [
                {
                    "x": 1039.8054818744474,
                    "y": 716.6373820754717
                },
                {
                    "x": 2237.2192749778956,
                    "y": 716.6373820754717
                },
                {
                    "x": 2237.2192749778956,
                    "y": 1287.7977594339623
                },
                {
                    "x": 1039.8054818744474,
                    "y": 1287.7977594339623
                }
            ]
        },
        {
            "id": "7dF228axQ",
            "type": "RECTANGLE",
            "tags": [
                "car"
            ],
            "boundingBox": {
                "height": 503.6037735849057,
                "width": 835.1193633952254,
                "left": 1479.8806366047745,
                "top": 550.8166273584906
            },
            "points": [
                {
                    "x": 1479.8806366047745,
                    "y": 550.8166273584906
                },
                {
                    "x": 2315,
                    "y": 550.8166273584906
                },
                {
                    "x": 2315,
                    "y": 1054.4204009433963
                },
                {
                    "x": 1479.8806366047745,
                    "y": 1054.4204009433963
                }
            ]
        },
        {
            "id": "2v78I7SDp",
            "type": "RECTANGLE",
            "tags": [
                "car"
            ],
            "boundingBox": {
                "height": 221.22228773584908,
                "width": 521.9496021220161,
                "left": 1793.0503978779836,
                "top": 440.1415094339623
            },
            "points": [
                {
                    "x": 1793.0503978779836,
                    "y": 440.1415094339623
                },
                {
                    "x": 2315,
                    "y": 440.1415094339623
                },
                {
                    "x": 2315,
                    "y": 661.3637971698114
                },
                {
                    "x": 1793.0503978779836,
                    "y": 661.3637971698114
                }
            ]
        },
        {
            "id": "67KqO6NNc",
            "type": "RECTANGLE",
            "tags": [
                "car"
            ],
            "boundingBox": {
                "height": 153.53773584905662,
                "width": 317.263483642794,
                "left": 677.5110521662245,
                "top": 196.52830188679246
            },
            "points": [
                {
                    "x": 677.5110521662245,
                    "y": 196.52830188679246
                },
                {
                    "x": 994.7745358090185,
                    "y": 196.52830188679246
                },
                {
                    "x": 994.7745358090185,
                    "y": 350.0660377358491
                },
                {
                    "x": 677.5110521662245,
                    "y": 350.0660377358491
                }
            ]
        },
        {
            "id": "dDcrSgnER",
            "type": "RECTANGLE",
            "tags": [
                "car"
            ],
            "boundingBox": {
                "height": 186.2924528301887,
                "width": 198.54553492484524,
                "left": 474.87179487179486,
                "top": 200.7505896226415
            },
            "points": [
                {
                    "x": 474.87179487179486,
                    "y": 200.7505896226415
                },
                {
                    "x": 673.41732979664,
                    "y": 200.7505896226415
                },
                {
                    "x": 673.41732979664,
                    "y": 387.0430424528302
                },
                {
                    "x": 474.87179487179486,
                    "y": 387.0430424528302
                }
            ]
        },
        {
            "id": "0fmYW2tQa",
            "type": "RECTANGLE",
            "tags": [
                "car"
            ],
            "boundingBox": {
                "height": 171.9622641509434,
                "width": 231.29531388152077,
                "left": 221.06100795755967,
                "top": 221.22228773584908
            },
            "points": [
                {
                    "x": 221.06100795755967,
                    "y": 221.22228773584908
                },
                {
                    "x": 452.3563218390804,
                    "y": 221.22228773584908
                },
                {
                    "x": 452.3563218390804,
                    "y": 393.18455188679246
                },
                {
                    "x": 221.06100795755967,
                    "y": 393.18455188679246
                }
            ]
        },
        {
            "id": "Q6nZ4Rx1G",
            "type": "RECTANGLE",
            "tags": [
                "car"
            ],
            "boundingBox": {
                "height": 174.00943396226415,
                "width": 118.71794871794872,
                "left": 2.046861184792219,
                "top": 276.49587264150944
            },
            "points": [
                {
                    "x": 2.046861184792219,
                    "y": 276.49587264150944
                },
                {
                    "x": 120.76480990274092,
                    "y": 276.49587264150944
                },
                {
                    "x": 120.76480990274092,
                    "y": 450.5053066037736
                },
                {
                    "x": 2.046861184792219,
                    "y": 450.5053066037736
                }
            ]
        },
        {
            "id": "bxzeCpWPk",
            "type": "RECTANGLE",
            "tags": [
                "car"
            ],
            "boundingBox": {
                "height": 75.74528301886792,
                "width": 176.03006189213085,
                "left": 591.5428824049513,
                "top": 145.47700471698113
            },
            "points": [
                {
                    "x": 591.5428824049513,
                    "y": 145.47700471698113
                },
                {
                    "x": 767.5729442970821,
                    "y": 145.47700471698113
                },
                {
                    "x": 767.5729442970821,
                    "y": 221.22228773584908
                },
                {
                    "x": 591.5428824049513,
                    "y": 221.22228773584908
                }
            ]
        },
        {
            "id": "4SyvssKID",
            "type": "RECTANGLE",
            "tags": [
                "car"
            ],
            "boundingBox": {
                "height": 110.41922169811322,
                "width": 184.21750663129978,
                "left": 374.57559681697603,
                "top": 165.9487028301887
            },
            "points": [
                {
                    "x": 374.57559681697603,
                    "y": 165.9487028301887
                },
                {
                    "x": 558.7931034482758,
                    "y": 165.9487028301887
                },
                {
                    "x": 558.7931034482758,
                    "y": 276.3679245283019
                },
                {
                    "x": 374.57559681697603,
                    "y": 276.3679245283019
                }
            ]
        },
        {
            "id": "PzBQtwfOe",
            "type": "RECTANGLE",
            "tags": [
                "car"
            ],
            "boundingBox": {
                "height": 94.29775943396227,
                "width": 214.920424403183,
                "left": 180.1237842617153,
                "top": 145.3490566037736
            },
            "points": [
                {
                    "x": 180.1237842617153,
                    "y": 145.3490566037736
                },
                {
                    "x": 395.0442086648983,
                    "y": 145.3490566037736
                },
                {
                    "x": 395.0442086648983,
                    "y": 239.64681603773587
                },
                {
                    "x": 180.1237842617153,
                    "y": 239.64681603773587
                }
            ]
        },
        {
            "id": "acdGjV_oD",
            "type": "RECTANGLE",
            "tags": [
                "car"
            ],
            "boundingBox": {
                "height": 104.4056603773585,
                "width": 133.04597701149424,
                "left": 0,
                "top": 190.51474056603774
            },
            "points": [
                {
                    "x": 0,
                    "y": 190.51474056603774
                },
                {
                    "x": 133.04597701149424,
                    "y": 190.51474056603774
                },
                {
                    "x": 133.04597701149424,
                    "y": 294.92040094339626
                },
                {
                    "x": 0,
                    "y": 294.92040094339626
                }
            ]
        },
        {
            "id": "tkpRen7KQ",
            "type": "RECTANGLE",
            "tags": [
                "car"
            ],
            "boundingBox": {
                "height": 90.0754716981132,
                "width": 253.8107869142354,
                "left": 1045.9460654288237,
                "top": 143.42983490566039
            },
            "points": [
                {
                    "x": 1045.9460654288237,
                    "y": 143.42983490566039
                },
                {
                    "x": 1299.756852343059,
                    "y": 143.42983490566039
                },
                {
                    "x": 1299.756852343059,
                    "y": 233.5053066037736
                },
                {
                    "x": 1045.9460654288237,
                    "y": 233.5053066037736
                }
            ]
        },
        {
            "id": "686nyCMYg",
            "type": "RECTANGLE",
            "tags": [
                "car"
            ],
            "boundingBox": {
                "height": 104.4056603773585,
                "width": 302.93545534924846,
                "left": 1420.5216622458001,
                "top": 127.05247641509435
            },
            "points": [
                {
                    "x": 1420.5216622458001,
                    "y": 127.05247641509435
                },
                {
                    "x": 1723.4571175950484,
                    "y": 127.05247641509435
                },
                {
                    "x": 1723.4571175950484,
                    "y": 231.45813679245285
                },
                {
                    "x": 1420.5216622458001,
                    "y": 231.45813679245285
                }
            ]
        },
        {
            "id": "8Vg1c9hIY",
            "type": "RECTANGLE",
            "tags": [
                "car"
            ],
            "boundingBox": {
                "height": 83.93396226415095,
                "width": 259.95137046861186,
                "left": 1684.5667550839964,
                "top": 94.29775943396227
            },
            "points": [
                {
                    "x": 1684.5667550839964,
                    "y": 94.29775943396227
                },
                {
                    "x": 1944.5181255526081,
                    "y": 94.29775943396227
                },
                {
                    "x": 1944.5181255526081,
                    "y": 178.2317216981132
                },
                {
                    "x": 1684.5667550839964,
                    "y": 178.2317216981132
                }
            ]
        },
        {
            "id": "RgsZUdM3y",
            "type": "RECTANGLE",
            "tags": [
                "car"
            ],
            "boundingBox": {
                "height": 85.9811320754717,
                "width": 239.48275862068965,
                "left": 1842.1750663129972,
                "top": 82.01474056603774
            },
            "points": [
                {
                    "x": 1842.1750663129972,
                    "y": 82.01474056603774
                },
                {
                    "x": 2081.6578249336867,
                    "y": 82.01474056603774
                },
                {
                    "x": 2081.6578249336867,
                    "y": 167.99587264150944
                },
                {
                    "x": 1842.1750663129972,
                    "y": 167.99587264150944
                }
            ]
        },
        {
            "id": "-pKIZu7yI",
            "type": "RECTANGLE",
            "tags": [
                "car"
            ],
            "boundingBox": {
                "height": 79.83962264150944,
                "width": 157.60831122900086,
                "left": 2022.2988505747126,
                "top": 75.87323113207547
            },
            "points": [
                {
                    "x": 2022.2988505747126,
                    "y": 75.87323113207547
                },
                {
                    "x": 2179.9071618037133,
                    "y": 75.87323113207547
                },
                {
                    "x": 2179.9071618037133,
                    "y": 155.71285377358492
                },
                {
                    "x": 2022.2988505747126,
                    "y": 155.71285377358492
                }
            ]
        },
        {
            "id": "noxOga36x",
            "type": "RECTANGLE",
            "tags": [
                "car"
            ],
            "boundingBox": {
                "height": 84.0619103773585,
                "width": 212.87356321839056,
                "left": 886.2908930150309,
                "top": 96.21698113207547
            },
            "points": [
                {
                    "x": 886.2908930150309,
                    "y": 96.21698113207547
                },
                {
                    "x": 1099.1644562334213,
                    "y": 96.21698113207547
                },
                {
                    "x": 1099.1644562334213,
                    "y": 180.27889150943398
                },
                {
                    "x": 886.2908930150309,
                    "y": 180.27889150943398
                }
            ]
        },
        {
            "id": "IbtFKsSOT",
            "type": "RECTANGLE",
            "tags": [
                "car"
            ],
            "boundingBox": {
                "height": 67.55660377358491,
                "width": 184.21750663129973,
                "left": 1158.523430592396,
                "top": 104.53360849056604
            },
            "points": [
                {
                    "x": 1158.523430592396,
                    "y": 104.53360849056604
                },
                {
                    "x": 1342.7409372236957,
                    "y": 104.53360849056604
                },
                {
                    "x": 1342.7409372236957,
                    "y": 172.09021226415095
                },
                {
                    "x": 1158.523430592396,
                    "y": 172.09021226415095
                }
            ]
        },
        {
            "id": "bYpRNkwH6",
            "type": "RECTANGLE",
            "tags": [
                "car"
            ],
            "boundingBox": {
                "height": 88.02830188679246,
                "width": 247.6702033598585,
                "left": 1226.0698496905393,
                "top": 77.92040094339623
            },
            "points": [
                {
                    "x": 1226.0698496905393,
                    "y": 77.92040094339623
                },
                {
                    "x": 1473.7400530503978,
                    "y": 77.92040094339623
                },
                {
                    "x": 1473.7400530503978,
                    "y": 165.9487028301887
                },
                {
                    "x": 1226.0698496905393,
                    "y": 165.9487028301887
                }
            ]
        },
        {
            "id": "mYPIfH4Ih",
            "type": "RECTANGLE",
            "tags": [
                "car"
            ],
            "boundingBox": {
                "height": 63.59021226415095,
                "width": 239.48275862068965,
                "left": 1438.9434129089298,
                "top": 65.50943396226415
            },
            "points": [
                {
                    "x": 1438.9434129089298,
                    "y": 65.50943396226415
                },
                {
                    "x": 1678.4261715296195,
                    "y": 65.50943396226415
                },
                {
                    "x": 1678.4261715296195,
                    "y": 129.0996462264151
                },
                {
                    "x": 1438.9434129089298,
                    "y": 129.0996462264151
                }
            ]
        },
        {
            "id": "FC_v8mbJl",
            "type": "RECTANGLE",
            "tags": [
                "car"
            ],
            "boundingBox": {
                "height": 75.74528301886792,
                "width": 231.29531388152077,
                "left": 1524.9115826702032,
                "top": 24.693985849056606
            },
            "points": [
                {
                    "x": 1524.9115826702032,
                    "y": 24.693985849056606
                },
                {
                    "x": 1756.206896551724,
                    "y": 24.693985849056606
                },
                {
                    "x": 1756.206896551724,
                    "y": 100.43926886792454
                },
                {
                    "x": 1524.9115826702032,
                    "y": 100.43926886792454
                }
            ]
        },
        {
            "id": "M2nbkq5K-",
            "type": "RECTANGLE",
            "tags": [
                "car"
            ],
            "boundingBox": {
                "height": 55.27358490566038,
                "width": 143.28028293545535,
                "left": 364.341290893015,
                "top": 75.87323113207547
            },
            "points": [
                {
                    "x": 364.341290893015,
                    "y": 75.87323113207547
                },
                {
                    "x": 507.62157382847033,
                    "y": 75.87323113207547
                },
                {
                    "x": 507.62157382847033,
                    "y": 131.14681603773585
                },
                {
                    "x": 364.341290893015,
                    "y": 131.14681603773585
                }
            ]
        },
        {
            "id": "nOgy2Gbjf",
            "type": "RECTANGLE",
            "tags": [
                "car"
            ],
            "boundingBox": {
                "height": 63.59021226415095,
                "width": 135.0928381962865,
                "left": 245.62334217506626,
                "top": 83.93396226415095
            },
            "points": [
                {
                    "x": 245.62334217506626,
                    "y": 83.93396226415095
                },
                {
                    "x": 380.7161803713528,
                    "y": 83.93396226415095
                },
                {
                    "x": 380.7161803713528,
                    "y": 147.5241745283019
                },
                {
                    "x": 245.62334217506626,
                    "y": 147.5241745283019
                }
            ]
        },
        {
            "id": "IgvUr9PUv",
            "type": "RECTANGLE",
            "tags": [
                "car"
            ],
            "boundingBox": {
                "height": 73.82606132075472,
                "width": 112.57736516357204,
                "left": 0,
                "top": 94.16981132075472
            },
            "points": [
                {
                    "x": 0,
                    "y": 94.16981132075472
                },
                {
                    "x": 112.57736516357204,
                    "y": 94.16981132075472
                },
                {
                    "x": 112.57736516357204,
                    "y": 167.99587264150944
                },
                {
                    "x": 0,
                    "y": 167.99587264150944
                }
            ]
        },
        {
            "id": "SH3DExebf",
            "type": "RECTANGLE",
            "tags": [
                "car"
            ],
            "boundingBox": {
                "height": 71.65094339622642,
                "width": 169.88947833775418,
                "left": 2095.9858532272324,
                "top": 61.54304245283019
            },
            "points": [
                {
                    "x": 2095.9858532272324,
                    "y": 61.54304245283019
                },
                {
                    "x": 2265.8753315649865,
                    "y": 61.54304245283019
                },
                {
                    "x": 2265.8753315649865,
                    "y": 133.19398584905662
                },
                {
                    "x": 2095.9858532272324,
                    "y": 133.19398584905662
                }
            ]
        },
        {
            "id": "uwM75tOIL",
            "type": "RECTANGLE",
            "tags": [
                "car"
            ],
            "boundingBox": {
                "height": 63.4622641509434,
                "width": 145.32714412024757,
                "left": 857.6348364279398,
                "top": 26.74115566037736
            },
            "points": [
                {
                    "x": 857.6348364279398,
                    "y": 26.74115566037736
                },
                {
                    "x": 1002.9619805481874,
                    "y": 26.74115566037736
                },
                {
                    "x": 1002.9619805481874,
                    "y": 90.20341981132076
                },
                {
                    "x": 857.6348364279398,
                    "y": 90.20341981132076
                }
            ]
        },
        {
            "id": "OtQ2c1zpK",
            "type": "RECTANGLE",
            "tags": [
                "car"
            ],
            "boundingBox": {
                "height": 47.08490566037736,
                "width": 126.90539345711758,
                "left": 589.4960212201592,
                "top": 34.92983490566038
            },
            "points": [
                {
                    "x": 589.4960212201592,
                    "y": 34.92983490566038
                },
                {
                    "x": 716.4014146772766,
                    "y": 34.92983490566038
                },
                {
                    "x": 716.4014146772766,
                    "y": 82.01474056603774
                },
                {
                    "x": 589.4960212201592,
                    "y": 82.01474056603774
                }
            ]
        },
        {
            "id": "21dOTRGnb",
            "type": "RECTANGLE",
            "tags": [
                "car"
            ],
            "boundingBox": {
                "height": 51.17924528301887,
                "width": 102.34305923961095,
                "left": 108.48364279398761,
                "top": 63.59021226415095
            },
            "points": [
                {
                    "x": 108.48364279398761,
                    "y": 63.59021226415095
                },
                {
                    "x": 210.82670203359856,
                    "y": 63.59021226415095
                },
                {
                    "x": 210.82670203359856,
                    "y": 114.76945754716982
                },
                {
                    "x": 108.48364279398761,
                    "y": 114.76945754716982
                }
            ]
        },
        {
            "id": "R0zh5YMaK",
            "type": "RECTANGLE",
            "tags": [
                "car"
            ],
            "boundingBox": {
                "height": 63.4622641509434,
                "width": 81.87444739168876,
                "left": 278.3731211317418,
                "top": 6.269457547169812
            },
            "points": [
                {
                    "x": 278.3731211317418,
                    "y": 6.269457547169812
                },
                {
                    "x": 360.2475685234306,
                    "y": 6.269457547169812
                },
                {
                    "x": 360.2475685234306,
                    "y": 69.7317216981132
                },
                {
                    "x": 278.3731211317418,
                    "y": 69.7317216981132
                }
            ]
        },
        {
            "id": "TVkMMyBLo",
            "type": "RECTANGLE",
            "tags": [
                "car"
            ],
            "boundingBox": {
                "height": 67.55660377358491,
                "width": 120.76480990274092,
                "left": 2190.1414677276744,
                "top": 53.35436320754717
            },
            "points": [
                {
                    "x": 2190.1414677276744,
                    "y": 53.35436320754717
                },
                {
                    "x": 2310.9062776304154,
                    "y": 53.35436320754717
                },
                {
                    "x": 2310.9062776304154,
                    "y": 120.91096698113208
                },
                {
                    "x": 2190.1414677276744,
                    "y": 120.91096698113208
                }
            ]
        }
    ],
    "version": "2.2.0"
}