{
    "asset": {
        "format": "PNG",
        "id": "96df022f91e9c28862b6a0f7e1ccd8b6",
        "name": "Minneapolis_Kistler.PNG",
        "path": "file:C:/Users/Conno/Desktop/Parking%20Oracle/Original%20Images/Minneapolis_Kistler.PNG",
        "size": {
            "width": 1202,
            "height": 406
        },
        "state": 2,
        "type": 1
    },
    "regions": [
        {
            "id": "UunxfHUiw",
            "type": "RECTANGLE",
            "tags": [
                "car"
            ],
            "boundingBox": {
                "height": 46.76439790575917,
                "width": 64.82935455349248,
                "left": 137.09814323607426,
                "top": 76.54016688481676
            },
            "points": [
                {
                    "x": 137.09814323607426,
                    "y": 76.54016688481676
                },
                {
                    "x": 201.92749778956673,
                    "y": 76.54016688481676
                },
                {
                    "x": 201.92749778956673,
                    "y": 123.30456479057592
                },
                {
                    "x": 137.09814323607426,
                    "y": 123.30456479057592
                }
            ]
        },
        {
            "id": "8pnGQAQ9G",
            "type": "RECTANGLE",
            "tags": [
                "car"
            ],
            "boundingBox": {
                "height": 56.32984293193718,
                "width": 68.01768346595932,
                "left": 202.99027409372235,
                "top": 64.84906740837697
            },
            "points": [
                {
                    "x": 202.99027409372235,
                    "y": 64.84906740837697
                },
                {
                    "x": 271.0079575596817,
                    "y": 64.84906740837697
                },
                {
                    "x": 271.0079575596817,
                    "y": 121.17891034031415
                },
                {
                    "x": 202.99027409372235,
                    "y": 121.17891034031415
                }
            ]
        },
        {
            "id": "TfJQvslDA",
            "type": "RECTANGLE",
            "tags": [
                "car"
            ],
            "boundingBox": {
                "height": 51.01570680628272,
                "width": 65.8921308576481,
                "left": 264.631299734748,
                "top": 49.969486256544506
            },
            "points": [
                {
                    "x": 264.631299734748,
                    "y": 49.969486256544506
                },
                {
                    "x": 330.5234305923961,
                    "y": 49.969486256544506
                },
                {
                    "x": 330.5234305923961,
                    "y": 100.98519306282724
                },
                {
                    "x": 264.631299734748,
                    "y": 100.98519306282724
                }
            ]
        },
        {
            "id": "QGRJ0tA-2",
            "type": "RECTANGLE",
            "tags": [
                "car"
            ],
            "boundingBox": {
                "height": 47.82722513089006,
                "width": 61.641025641025635,
                "left": 332.64898320070733,
                "top": 46.781004581151834
            },
            "points": [
                {
                    "x": 332.64898320070733,
                    "y": 46.781004581151834
                },
                {
                    "x": 394.29000884173297,
                    "y": 46.781004581151834
                },
                {
                    "x": 394.29000884173297,
                    "y": 94.60822971204189
                },
                {
                    "x": 332.64898320070733,
                    "y": 94.60822971204189
                }
            ]
        },
        {
            "id": "ByLOj3ROv",
            "type": "RECTANGLE",
            "tags": [
                "car"
            ],
            "boundingBox": {
                "height": 47.82722513089006,
                "width": 65.8921308576481,
                "left": 388.9761273209549,
                "top": 40.404041230366495
            },
            "points": [
                {
                    "x": 388.9761273209549,
                    "y": 40.404041230366495
                },
                {
                    "x": 454.86825817860296,
                    "y": 40.404041230366495
                },
                {
                    "x": 454.86825817860296,
                    "y": 88.23126636125654
                },
                {
                    "x": 388.9761273209549,
                    "y": 88.23126636125654
                }
            ]
        },
        {
            "id": "Sbjv5bymk",
            "type": "RECTANGLE",
            "tags": [
                "car"
            ],
            "boundingBox": {
                "height": 49.952879581151834,
                "width": 61.641025641025635,
                "left": 447.42882404951365,
                "top": 31.901423429319372
            },
            "points": [
                {
                    "x": 447.42882404951365,
                    "y": 31.901423429319372
                },
                {
                    "x": 509.0698496905393,
                    "y": 31.901423429319372
                },
                {
                    "x": 509.0698496905393,
                    "y": 81.85430301047121
                },
                {
                    "x": 447.42882404951365,
                    "y": 81.85430301047121
                }
            ]
        },
        {
            "id": "WDcRyqKYu",
            "type": "RECTANGLE",
            "tags": [
                "car"
            ],
            "boundingBox": {
                "height": 38.261780104712045,
                "width": 58.45269672855879,
                "left": 501.63041556145,
                "top": 37.21555955497382
            },
            "points": [
                {
                    "x": 501.63041556145,
                    "y": 37.21555955497382
                },
                {
                    "x": 560.0831122900088,
                    "y": 37.21555955497382
                },
                {
                    "x": 560.0831122900088,
                    "y": 75.47733965968587
                },
                {
                    "x": 501.63041556145,
                    "y": 75.47733965968587
                }
            ]
        },
        {
            "id": "fhSh_MDUm",
            "type": "RECTANGLE",
            "tags": [
                "car"
            ],
            "boundingBox": {
                "height": 51.01570680628272,
                "width": 70.14323607427055,
                "left": 540.9531388152077,
                "top": 19.147496727748692
            },
            "points": [
                {
                    "x": 540.9531388152077,
                    "y": 19.147496727748692
                },
                {
                    "x": 611.0963748894783,
                    "y": 19.147496727748692
                },
                {
                    "x": 611.0963748894783,
                    "y": 70.16320353403142
                },
                {
                    "x": 540.9531388152077,
                    "y": 70.16320353403142
                }
            ]
        },
        {
            "id": "opd2ZJnSA",
            "type": "RECTANGLE",
            "tags": [
                "car"
            ],
            "boundingBox": {
                "height": 42.51308900523561,
                "width": 64.82935455349248,
                "left": 590.9036251105216,
                "top": 15.959015052356023
            },
            "points": [
                {
                    "x": 590.9036251105216,
                    "y": 15.959015052356023
                },
                {
                    "x": 655.7329796640141,
                    "y": 15.959015052356023
                },
                {
                    "x": 655.7329796640141,
                    "y": 58.47210405759163
                },
                {
                    "x": 590.9036251105216,
                    "y": 58.47210405759163
                }
            ]
        },
        {
            "id": "fDxZcfpzR",
            "type": "RECTANGLE",
            "tags": [
                "car"
            ],
            "boundingBox": {
                "height": 43.575916230366495,
                "width": 61.641025641025635,
                "left": 642.9796640141467,
                "top": 15.959015052356023
            },
            "points": [
                {
                    "x": 642.9796640141467,
                    "y": 15.959015052356023
                },
                {
                    "x": 704.6206896551723,
                    "y": 15.959015052356023
                },
                {
                    "x": 704.6206896551723,
                    "y": 59.53493128272252
                },
                {
                    "x": 642.9796640141467,
                    "y": 59.53493128272252
                }
            ]
        },
        {
            "id": "vZkA0AgYg",
            "type": "RECTANGLE",
            "tags": [
                "car"
            ],
            "boundingBox": {
                "height": 45.70157068062827,
                "width": 60.57824933687002,
                "left": 688.6790450928381,
                "top": 7.456397251308901
            },
            "points": [
                {
                    "x": 688.6790450928381,
                    "y": 7.456397251308901
                },
                {
                    "x": 749.2572944297082,
                    "y": 7.456397251308901
                },
                {
                    "x": 749.2572944297082,
                    "y": 53.15796793193718
                },
                {
                    "x": 688.6790450928381,
                    "y": 53.15796793193718
                }
            ]
        },
        {
            "id": "MXche30JU",
            "type": "RECTANGLE",
            "tags": [
                "car"
            ],
            "boundingBox": {
                "height": 46.781004581151834,
                "width": 47.82493368700265,
                "left": 738.629531388152,
                "top": 0
            },
            "points": [
                {
                    "x": 738.629531388152,
                    "y": 0
                },
                {
                    "x": 786.4544650751546,
                    "y": 0
                },
                {
                    "x": 786.4544650751546,
                    "y": 46.781004581151834
                },
                {
                    "x": 738.629531388152,
                    "y": 46.781004581151834
                }
            ]
        },
        {
            "id": "57ScWfpjb",
            "type": "RECTANGLE",
            "tags": [
                "car"
            ],
            "boundingBox": {
                "height": 38.27838678010472,
                "width": 56.32714412024757,
                "left": 775.8267020335985,
                "top": 0
            },
            "points": [
                {
                    "x": 775.8267020335985,
                    "y": 0
                },
                {
                    "x": 832.1538461538461,
                    "y": 0
                },
                {
                    "x": 832.1538461538461,
                    "y": 38.27838678010472
                },
                {
                    "x": 775.8267020335985,
                    "y": 38.27838678010472
                }
            ]
        },
        {
            "id": "Wty_mwudm",
            "type": "RECTANGLE",
            "tags": [
                "car"
            ],
            "boundingBox": {
                "height": 43.575916230366495,
                "width": 73.33156498673739,
                "left": 849.1582670203359,
                "top": 7.456397251308901
            },
            "points": [
                {
                    "x": 849.1582670203359,
                    "y": 7.456397251308901
                },
                {
                    "x": 922.4898320070733,
                    "y": 7.456397251308901
                },
                {
                    "x": 922.4898320070733,
                    "y": 51.032313481675395
                },
                {
                    "x": 849.1582670203359,
                    "y": 51.032313481675395
                }
            ]
        },
        {
            "id": "lOimJvJzT",
            "type": "RECTANGLE",
            "tags": [
                "car"
            ],
            "boundingBox": {
                "height": 58.455497382198956,
                "width": 62.70380194518125,
                "left": 894.8576480990273,
                "top": 19.147496727748692
            },
            "points": [
                {
                    "x": 894.8576480990273,
                    "y": 19.147496727748692
                },
                {
                    "x": 957.5614500442086,
                    "y": 19.147496727748692
                },
                {
                    "x": 957.5614500442086,
                    "y": 77.60299410994764
                },
                {
                    "x": 894.8576480990273,
                    "y": 77.60299410994764
                }
            ]
        },
        {
            "id": "u863was7c",
            "type": "RECTANGLE",
            "tags": [
                "car"
            ],
            "boundingBox": {
                "height": 60.58115183246073,
                "width": 77.58267020335985,
                "left": 935.2431476569407,
                "top": 37.21555955497382
            },
            "points": [
                {
                    "x": 935.2431476569407,
                    "y": 37.21555955497382
                },
                {
                    "x": 1012.8258178603005,
                    "y": 37.21555955497382
                },
                {
                    "x": 1012.8258178603005,
                    "y": 97.79671138743456
                },
                {
                    "x": 935.2431476569407,
                    "y": 97.79671138743456
                }
            ]
        },
        {
            "id": "EAzYyMh3G",
            "type": "RECTANGLE",
            "tags": [
                "car"
            ],
            "boundingBox": {
                "height": 47.82722513089006,
                "width": 49.95048629531388,
                "left": 999.0097259062776,
                "top": 58.47210405759163
            },
            "points": [
                {
                    "x": 999.0097259062776,
                    "y": 58.47210405759163
                },
                {
                    "x": 1048.9602122015915,
                    "y": 58.47210405759163
                },
                {
                    "x": 1048.9602122015915,
                    "y": 106.29932918848168
                },
                {
                    "x": 999.0097259062776,
                    "y": 106.29932918848168
                }
            ]
        },
        {
            "id": "dAovPDXK5",
            "type": "RECTANGLE",
            "tags": [
                "car"
            ],
            "boundingBox": {
                "height": 68.02094240837697,
                "width": 81.83377541998232,
                "left": 1044.709106984969,
                "top": 65.91189463350786
            },
            "points": [
                {
                    "x": 1044.709106984969,
                    "y": 65.91189463350786
                },
                {
                    "x": 1126.5428824049513,
                    "y": 65.91189463350786
                },
                {
                    "x": 1126.5428824049513,
                    "y": 133.93283704188482
                },
                {
                    "x": 1044.709106984969,
                    "y": 133.93283704188482
                }
            ]
        },
        {
            "id": "w32UtKsaz",
            "type": "RECTANGLE",
            "tags": [
                "car"
            ],
            "boundingBox": {
                "height": 62.70680628272252,
                "width": 74.39434129089301,
                "left": 1090.4084880636603,
                "top": 93.545402486911
            },
            "points": [
                {
                    "x": 1090.4084880636603,
                    "y": 93.545402486911
                },
                {
                    "x": 1164.8028293545533,
                    "y": 93.545402486911
                },
                {
                    "x": 1164.8028293545533,
                    "y": 156.2522087696335
                },
                {
                    "x": 1090.4084880636603,
                    "y": 156.2522087696335
                }
            ]
        },
        {
            "id": "vn_a_OXQD",
            "type": "RECTANGLE",
            "tags": [
                "car"
            ],
            "boundingBox": {
                "height": 66.95811518324608,
                "width": 54.201591511936336,
                "left": 1147.7984084880636,
                "top": 108.42498363874346
            },
            "points": [
                {
                    "x": 1147.7984084880636,
                    "y": 108.42498363874346
                },
                {
                    "x": 1202,
                    "y": 108.42498363874346
                },
                {
                    "x": 1202,
                    "y": 175.38309882198953
                },
                {
                    "x": 1147.7984084880636,
                    "y": 175.38309882198953
                }
            ]
        },
        {
            "id": "EVLJryOrK",
            "type": "RECTANGLE",
            "tags": [
                "car"
            ],
            "boundingBox": {
                "height": 70.14659685863874,
                "width": 94.58709106984968,
                "left": 995.8213969938107,
                "top": 154.12655431937173
            },
            "points": [
                {
                    "x": 995.8213969938107,
                    "y": 154.12655431937173
                },
                {
                    "x": 1090.4084880636603,
                    "y": 154.12655431937173
                },
                {
                    "x": 1090.4084880636603,
                    "y": 224.2731511780105
                },
                {
                    "x": 995.8213969938107,
                    "y": 224.2731511780105
                }
            ]
        },
        {
            "id": "M03CYx7cQ",
            "type": "RECTANGLE",
            "tags": [
                "car"
            ],
            "boundingBox": {
                "height": 71.20942408376963,
                "width": 138.16091954022988,
                "left": 850.2210433244916,
                "top": 92.48257526178011
            },
            "points": [
                {
                    "x": 850.2210433244916,
                    "y": 92.48257526178011
                },
                {
                    "x": 988.3819628647215,
                    "y": 92.48257526178011
                },
                {
                    "x": 988.3819628647215,
                    "y": 163.69199934554976
                },
                {
                    "x": 850.2210433244916,
                    "y": 163.69199934554976
                }
            ]
        },
        {
            "id": "UucbkRIHG",
            "type": "RECTANGLE",
            "tags": [
                "car"
            ],
            "boundingBox": {
                "height": 128.58548756544502,
                "width": 153.03978779840847,
                "left": 285.88682581786026,
                "top": 277.414512434555
            },
            "points": [
                {
                    "x": 285.88682581786026,
                    "y": 277.414512434555
                },
                {
                    "x": 438.92661361626875,
                    "y": 277.414512434555
                },
                {
                    "x": 438.92661361626875,
                    "y": 406
                },
                {
                    "x": 285.88682581786026,
                    "y": 406
                }
            ]
        },
        {
            "id": "EeOUeA8wN",
            "type": "RECTANGLE",
            "tags": [
                "car"
            ],
            "boundingBox": {
                "height": 123.28795811518326,
                "width": 156.22811671087533,
                "left": 375.1600353669319,
                "top": 233.8385962041885
            },
            "points": [
                {
                    "x": 375.1600353669319,
                    "y": 233.8385962041885
                },
                {
                    "x": 531.3881520778073,
                    "y": 233.8385962041885
                },
                {
                    "x": 531.3881520778073,
                    "y": 357.12655431937173
                },
                {
                    "x": 375.1600353669319,
                    "y": 357.12655431937173
                }
            ]
        },
        {
            "id": "HJibFwD4h",
            "type": "RECTANGLE",
            "tags": [
                "car"
            ],
            "boundingBox": {
                "height": 109.47120418848168,
                "width": 130.72148541114058,
                "left": 471.8726790450928,
                "top": 217.89618782722513
            },
            "points": [
                {
                    "x": 471.8726790450928,
                    "y": 217.89618782722513
                },
                {
                    "x": 602.5941644562333,
                    "y": 217.89618782722513
                },
                {
                    "x": 602.5941644562333,
                    "y": 327.36739201570686
                },
                {
                    "x": 471.8726790450928,
                    "y": 327.36739201570686
                }
            ]
        },
        {
            "id": "pyynKu50N",
            "type": "RECTANGLE",
            "tags": [
                "car"
            ],
            "boundingBox": {
                "height": 103.09424083769635,
                "width": 130.72148541114058,
                "left": 538.8275862068965,
                "top": 196.63964332460733
            },
            "points": [
                {
                    "x": 538.8275862068965,
                    "y": 196.63964332460733
                },
                {
                    "x": 669.549071618037,
                    "y": 196.63964332460733
                },
                {
                    "x": 669.549071618037,
                    "y": 299.7338841623037
                },
                {
                    "x": 538.8275862068965,
                    "y": 299.7338841623037
                }
            ]
        },
        {
            "id": "XKZUdn67Z",
            "type": "RECTANGLE",
            "tags": [
                "car"
            ],
            "boundingBox": {
                "height": 95.65445026178011,
                "width": 127.53315649867373,
                "left": 607.9080459770114,
                "top": 180.69723494764398
            },
            "points": [
                {
                    "x": 607.9080459770114,
                    "y": 180.69723494764398
                },
                {
                    "x": 735.4412024756851,
                    "y": 180.69723494764398
                },
                {
                    "x": 735.4412024756851,
                    "y": 276.3516852094241
                },
                {
                    "x": 607.9080459770114,
                    "y": 276.3516852094241
                }
            ]
        },
        {
            "id": "ig4g_zfRy",
            "type": "RECTANGLE",
            "tags": [
                "car"
            ],
            "boundingBox": {
                "height": 90.34031413612566,
                "width": 114.77984084880636,
                "left": 665.2979664014147,
                "top": 160.50351767015707
            },
            "points": [
                {
                    "x": 665.2979664014147,
                    "y": 160.50351767015707
                },
                {
                    "x": 780.077807250221,
                    "y": 160.50351767015707
                },
                {
                    "x": 780.077807250221,
                    "y": 250.84383180628274
                },
                {
                    "x": 665.2979664014147,
                    "y": 250.84383180628274
                }
            ]
        },
        {
            "id": "22Y7Jt5uj",
            "type": "RECTANGLE",
            "tags": [
                "car"
            ],
            "boundingBox": {
                "height": 88.21465968586388,
                "width": 126.47038019451811,
                "left": 709.9345711759504,
                "top": 140.30980039267016
            },
            "points": [
                {
                    "x": 709.9345711759504,
                    "y": 140.30980039267016
                },
                {
                    "x": 836.4049513704686,
                    "y": 140.30980039267016
                },
                {
                    "x": 836.4049513704686,
                    "y": 228.52446007853405
                },
                {
                    "x": 709.9345711759504,
                    "y": 228.52446007853405
                }
            ]
        },
        {
            "id": "LCwFw1DtJ",
            "type": "RECTANGLE",
            "tags": [
                "car"
            ],
            "boundingBox": {
                "height": 85.02617801047121,
                "width": 103.0893015030946,
                "left": 774.7639257294429,
                "top": 124.36739201570681
            },
            "points": [
                {
                    "x": 774.7639257294429,
                    "y": 124.36739201570681
                },
                {
                    "x": 877.8532272325375,
                    "y": 124.36739201570681
                },
                {
                    "x": 877.8532272325375,
                    "y": 209.39357002617803
                },
                {
                    "x": 774.7639257294429,
                    "y": 209.39357002617803
                }
            ]
        },
        {
            "id": "XO7D8jlJn",
            "type": "RECTANGLE",
            "tags": [
                "car"
            ],
            "boundingBox": {
                "height": 81.83769633507853,
                "width": 110.5287356321839,
                "left": 818.337754199823,
                "top": 110.55063808900525
            },
            "points": [
                {
                    "x": 818.337754199823,
                    "y": 110.55063808900525
                },
                {
                    "x": 928.866489832007,
                    "y": 110.55063808900525
                },
                {
                    "x": 928.866489832007,
                    "y": 192.38833442408378
                },
                {
                    "x": 818.337754199823,
                    "y": 192.38833442408378
                }
            ]
        },
        {
            "id": "lecZMqtb6",
            "type": "RECTANGLE",
            "tags": [
                "car"
            ],
            "boundingBox": {
                "height": 91.40314136125654,
                "width": 126.47038019451811,
                "left": 941.6198054818743,
                "top": 180.69723494764398
            },
            "points": [
                {
                    "x": 941.6198054818743,
                    "y": 180.69723494764398
                },
                {
                    "x": 1068.0901856763926,
                    "y": 180.69723494764398
                },
                {
                    "x": 1068.0901856763926,
                    "y": 272.10037630890054
                },
                {
                    "x": 941.6198054818743,
                    "y": 272.10037630890054
                }
            ]
        },
        {
            "id": "omXN9Ryn6",
            "type": "RECTANGLE",
            "tags": [
                "car"
            ],
            "boundingBox": {
                "height": 86.0890052356021,
                "width": 129.65870910698496,
                "left": 899.1087533156498,
                "top": 206.20508835078536
            },
            "points": [
                {
                    "x": 899.1087533156498,
                    "y": 206.20508835078536
                },
                {
                    "x": 1028.7674624226347,
                    "y": 206.20508835078536
                },
                {
                    "x": 1028.7674624226347,
                    "y": 292.2940935863875
                },
                {
                    "x": 899.1087533156498,
                    "y": 292.2940935863875
                }
            ]
        },
        {
            "id": "RvGEDDzip",
            "type": "RECTANGLE",
            "tags": [
                "car"
            ],
            "boundingBox": {
                "height": 81.83769633507853,
                "width": 140.2864721485411,
                "left": 842.7816091954022,
                "top": 230.65011452879583
            },
            "points": [
                {
                    "x": 842.7816091954022,
                    "y": 230.65011452879583
                },
                {
                    "x": 983.0680813439434,
                    "y": 230.65011452879583
                },
                {
                    "x": 983.0680813439434,
                    "y": 312.48781086387436
                },
                {
                    "x": 842.7816091954022,
                    "y": 312.48781086387436
                }
            ]
        },
        {
            "id": "5clNQaCaD",
            "type": "RECTANGLE",
            "tags": [
                "car"
            ],
            "boundingBox": {
                "height": 88.21465968586388,
                "width": 134.97259062776303,
                "left": 798.1450044208664,
                "top": 244.4668684554974
            },
            "points": [
                {
                    "x": 798.1450044208664,
                    "y": 244.4668684554974
                },
                {
                    "x": 933.1175950486295,
                    "y": 244.4668684554974
                },
                {
                    "x": 933.1175950486295,
                    "y": 332.6815281413613
                },
                {
                    "x": 798.1450044208664,
                    "y": 332.6815281413613
                }
            ]
        },
        {
            "id": "lIMIS0233",
            "type": "RECTANGLE",
            "tags": [
                "car"
            ],
            "boundingBox": {
                "height": 96.717277486911,
                "width": 139.22369584438547,
                "left": 733.315649867374,
                "top": 266.7862401832461
            },
            "points": [
                {
                    "x": 733.315649867374,
                    "y": 266.7862401832461
                },
                {
                    "x": 872.5393457117594,
                    "y": 266.7862401832461
                },
                {
                    "x": 872.5393457117594,
                    "y": 363.50351767015707
                },
                {
                    "x": 733.315649867374,
                    "y": 363.50351767015707
                }
            ]
        },
        {
            "id": "o6jOcLlGT",
            "type": "RECTANGLE",
            "tags": [
                "car"
            ],
            "boundingBox": {
                "height": 93.52879581151834,
                "width": 150.91423519009726,
                "left": 663.1724137931034,
                "top": 298.6710569371728
            },
            "points": [
                {
                    "x": 663.1724137931034,
                    "y": 298.6710569371728
                },
                {
                    "x": 814.0866489832007,
                    "y": 298.6710569371728
                },
                {
                    "x": 814.0866489832007,
                    "y": 392.1998527486911
                },
                {
                    "x": 663.1724137931034,
                    "y": 392.1998527486911
                }
            ]
        },
        {
            "id": "941SiuatE",
            "type": "RECTANGLE",
            "tags": [
                "car"
            ],
            "boundingBox": {
                "height": 60.58115183246073,
                "width": 150.91423519009726,
                "left": 595.1547303271441,
                "top": 342.2469731675393
            },
            "points": [
                {
                    "x": 595.1547303271441,
                    "y": 342.2469731675393
                },
                {
                    "x": 746.0689655172413,
                    "y": 342.2469731675393
                },
                {
                    "x": 746.0689655172413,
                    "y": 402.828125
                },
                {
                    "x": 595.1547303271441,
                    "y": 402.828125
                }
            ]
        },
        {
            "id": "wCJYUDsjy",
            "type": "RECTANGLE",
            "tags": [
                "car"
            ],
            "boundingBox": {
                "height": 39.324607329842934,
                "width": 134.97259062776303,
                "left": 510.13262599469493,
                "top": 366.67539267015707
            },
            "points": [
                {
                    "x": 510.13262599469493,
                    "y": 366.67539267015707
                },
                {
                    "x": 645.105216622458,
                    "y": 366.67539267015707
                },
                {
                    "x": 645.105216622458,
                    "y": 406
                },
                {
                    "x": 510.13262599469493,
                    "y": 406
                }
            ]
        }
    ],
    "version": "2.2.0"
}