{
    "asset": {
        "format": "jpg",
        "id": "c3bfc6d08352a1658f9713b423481fa3",
        "name": "CatoctinMountain_Kistler.jpg",
        "path": "file:C:/Users/Conno/Desktop/Parking%20Oracle/Original%20Images/CatoctinMountain_Kistler.jpg",
        "size": {
            "width": 4032,
            "height": 3024
        },
        "state": 2,
        "type": 1
    },
    "regions": [
        {
            "id": "wCjYjyDyn",
            "type": "RECTANGLE",
            "tags": [
                "empty"
            ],
            "boundingBox": {
                "height": 497.57142857142856,
                "width": 2338.174162679426,
                "left": 1065.5741626794259,
                "top": 1558.2857142857142
            },
            "points": [
                {
                    "x": 1065.5741626794259,
                    "y": 1558.2857142857142
                },
                {
                    "x": 3403.7483253588516,
                    "y": 1558.2857142857142
                },
                {
                    "x": 3403.7483253588516,
                    "y": 2055.857142857143
                },
                {
                    "x": 1065.5741626794259,
                    "y": 2055.857142857143
                }
            ]
        },
        {
            "id": "EcfLz5HCY",
            "type": "RECTANGLE",
            "tags": [
                "empty"
            ],
            "boundingBox": {
                "height": 281.57142857142856,
                "width": 1913.7531100478468,
                "left": 1686.7722488038278,
                "top": 1434.857142857143
            },
            "points": [
                {
                    "x": 1686.7722488038278,
                    "y": 1434.857142857143
                },
                {
                    "x": 3600.5253588516744,
                    "y": 1434.857142857143
                },
                {
                    "x": 3600.5253588516744,
                    "y": 1716.4285714285716
                },
                {
                    "x": 1686.7722488038278,
                    "y": 1716.4285714285716
                }
            ]
        },
        {
            "id": "TGEgj3235",
            "type": "RECTANGLE",
            "tags": [
                "empty"
            ],
            "boundingBox": {
                "height": 200.57142857142858,
                "width": 1693.825837320574,
                "left": 2022.4507177033493,
                "top": 1377
            },
            "points": [
                {
                    "x": 2022.4507177033493,
                    "y": 1377
                },
                {
                    "x": 3716.2765550239233,
                    "y": 1377
                },
                {
                    "x": 3716.2765550239233,
                    "y": 1577.5714285714287
                },
                {
                    "x": 2022.4507177033493,
                    "y": 1577.5714285714287
                }
            ]
        },
        {
            "id": "C6Fy4wjLD",
            "type": "RECTANGLE",
            "tags": [
                "empty"
            ],
            "boundingBox": {
                "height": 73.28571428571429,
                "width": 1419.8813397129186,
                "left": 2346.554066985646,
                "top": 1338.4285714285716
            },
            "points": [
                {
                    "x": 2346.554066985646,
                    "y": 1338.4285714285716
                },
                {
                    "x": 3766.4354066985643,
                    "y": 1338.4285714285716
                },
                {
                    "x": 3766.4354066985643,
                    "y": 1411.7142857142858
                },
                {
                    "x": 2346.554066985646,
                    "y": 1411.7142857142858
                }
            ]
        },
        {
            "id": "eE_PDYWWk",
            "type": "RECTANGLE",
            "tags": [
                "car"
            ],
            "boundingBox": {
                "height": 281.57142857142856,
                "width": 934.3894736842105,
                "left": 2770.311961722488,
                "top": 1053
            },
            "points": [
                {
                    "x": 2770.311961722488,
                    "y": 1053
                },
                {
                    "x": 3704.7014354066982,
                    "y": 1053
                },
                {
                    "x": 3704.7014354066982,
                    "y": 1334.5714285714287
                },
                {
                    "x": 2770.311961722488,
                    "y": 1334.5714285714287
                }
            ]
        }
    ],
    "version": "2.2.0"
}