{
    "asset": {
        "format": "jpg",
        "id": "e6fbd3ff9778450ba9d6100b7226137a",
        "name": "LewisPark_Kistler.jpg",
        "path": "file:C:/Users/Conno/Desktop/Parking%20Oracle/Original%20Images/LewisPark_Kistler.jpg",
        "size": {
            "width": 1024,
            "height": 576
        },
        "state": 2,
        "type": 1
    },
    "regions": [
        {
            "id": "Jk2VCyUQQ",
            "type": "RECTANGLE",
            "tags": [
                "car"
            ],
            "boundingBox": {
                "height": 103.24528301886792,
                "width": 318.6984969053934,
                "left": 494.34482758620686,
                "top": 327.02830188679246
            },
            "points": [
                {
                    "x": 494.34482758620686,
                    "y": 327.02830188679246
                },
                {
                    "x": 813.0433244916003,
                    "y": 327.02830188679246
                },
                {
                    "x": 813.0433244916003,
                    "y": 430.2735849056604
                },
                {
                    "x": 494.34482758620686,
                    "y": 430.2735849056604
                }
            ]
        },
        {
            "id": "ZSchomgKU",
            "type": "RECTANGLE",
            "tags": [
                "car"
            ],
            "boundingBox": {
                "height": 60.67924528301887,
                "width": 142.1467727674624,
                "left": 447.2643678160919,
                "top": 346.95283018867923
            },
            "points": [
                {
                    "x": 447.2643678160919,
                    "y": 346.95283018867923
                },
                {
                    "x": 589.4111405835544,
                    "y": 346.95283018867923
                },
                {
                    "x": 589.4111405835544,
                    "y": 407.6320754716981
                },
                {
                    "x": 447.2643678160919,
                    "y": 407.6320754716981
                }
            ]
        },
        {
            "id": "ol07muyc2",
            "type": "RECTANGLE",
            "tags": [
                "car"
            ],
            "boundingBox": {
                "height": 47.09433962264151,
                "width": 121.32272325375773,
                "left": 399.2785145888594,
                "top": 318.87735849056605
            },
            "points": [
                {
                    "x": 399.2785145888594,
                    "y": 318.87735849056605
                },
                {
                    "x": 520.6012378426171,
                    "y": 318.87735849056605
                },
                {
                    "x": 520.6012378426171,
                    "y": 365.97169811320754
                },
                {
                    "x": 399.2785145888594,
                    "y": 365.97169811320754
                }
            ]
        },
        {
            "id": "yIk7DMHs2",
            "type": "RECTANGLE",
            "tags": [
                "car"
            ],
            "boundingBox": {
                "height": 52.528301886792455,
                "width": 170.21396993810785,
                "left": 422.81874447391687,
                "top": 335.1792452830189
            },
            "points": [
                {
                    "x": 422.81874447391687,
                    "y": 335.1792452830189
                },
                {
                    "x": 593.0327144120247,
                    "y": 335.1792452830189
                },
                {
                    "x": 593.0327144120247,
                    "y": 387.70754716981133
                },
                {
                    "x": 422.81874447391687,
                    "y": 387.70754716981133
                }
            ]
        },
        {
            "id": "QRkjezWrC",
            "type": "RECTANGLE",
            "tags": [
                "car"
            ],
            "boundingBox": {
                "height": 33.509433962264154,
                "width": 143.9575596816976,
                "left": 380.2652519893899,
                "top": 319.7830188679245
            },
            "points": [
                {
                    "x": 380.2652519893899,
                    "y": 319.7830188679245
                },
                {
                    "x": 524.2228116710875,
                    "y": 319.7830188679245
                },
                {
                    "x": 524.2228116710875,
                    "y": 353.29245283018867
                },
                {
                    "x": 380.2652519893899,
                    "y": 353.29245283018867
                }
            ]
        },
        {
            "id": "g9s0ajVb1",
            "type": "RECTANGLE",
            "tags": [
                "empty"
            ],
            "boundingBox": {
                "height": 50.716981132075475,
                "width": 466.2776304155614,
                "left": 499.7771883289124,
                "top": 445.6698113207547
            },
            "points": [
                {
                    "x": 499.7771883289124,
                    "y": 445.6698113207547
                },
                {
                    "x": 966.0548187444739,
                    "y": 445.6698113207547
                },
                {
                    "x": 966.0548187444739,
                    "y": 496.3867924528302
                },
                {
                    "x": 499.7771883289124,
                    "y": 496.3867924528302
                }
            ]
        }
    ],
    "version": "2.2.0"
}