{
    "asset": {
        "format": "PNG",
        "id": "f047ce7a3e5eda085fc494b4061eb221",
        "name": "Hicksville_Kistler1.PNG",
        "path": "file:C:/Users/Conno/Desktop/Parking%20Oracle/Original%20Images/Hicksville_Kistler1.PNG",
        "size": {
            "width": 1308,
            "height": 756
        },
        "state": 2,
        "type": 1
    },
    "regions": [
        {
            "id": "zrs_r454j",
            "type": "RECTANGLE",
            "tags": [
                "car"
            ],
            "boundingBox": {
                "height": 67.04587155963303,
                "width": 55.51193633952255,
                "left": 436,
                "top": 573.1952408256881
            },
            "points": [
                {
                    "x": 436,
                    "y": 573.1952408256881
                },
                {
                    "x": 491.51193633952255,
                    "y": 573.1952408256881
                },
                {
                    "x": 491.51193633952255,
                    "y": 640.2411123853211
                },
                {
                    "x": 436,
                    "y": 640.2411123853211
                }
            ]
        },
        {
            "id": "lSxOAjN9f",
            "type": "RECTANGLE",
            "tags": [
                "car"
            ],
            "boundingBox": {
                "height": 63.57798165137614,
                "width": 53.19893899204244,
                "left": 373.54907161803715,
                "top": 573.1952408256881
            },
            "points": [
                {
                    "x": 373.54907161803715,
                    "y": 573.1952408256881
                },
                {
                    "x": 426.7480106100796,
                    "y": 573.1952408256881
                },
                {
                    "x": 426.7480106100796,
                    "y": 636.7732224770642
                },
                {
                    "x": 373.54907161803715,
                    "y": 636.7732224770642
                }
            ]
        },
        {
            "id": "Cmytjq3ko",
            "type": "RECTANGLE",
            "tags": [
                "car"
            ],
            "boundingBox": {
                "height": 60.11009174311926,
                "width": 42.790450928381965,
                "left": 326.132625994695,
                "top": 577.8190940366973
            },
            "points": [
                {
                    "x": 326.132625994695,
                    "y": 577.8190940366973
                },
                {
                    "x": 368.92307692307696,
                    "y": 577.8190940366973
                },
                {
                    "x": 368.92307692307696,
                    "y": 637.9291857798165
                },
                {
                    "x": 326.132625994695,
                    "y": 637.9291857798165
                }
            ]
        },
        {
            "id": "_4drxst00",
            "type": "RECTANGLE",
            "tags": [
                "car"
            ],
            "boundingBox": {
                "height": 63.57798165137614,
                "width": 33.538461538461505,
                "left": 294.90716180371356,
                "top": 499.21358944954125
            },
            "points": [
                {
                    "x": 294.90716180371356,
                    "y": 499.21358944954125
                },
                {
                    "x": 328.44562334217505,
                    "y": 499.21358944954125
                },
                {
                    "x": 328.44562334217505,
                    "y": 562.7915711009174
                },
                {
                    "x": 294.90716180371356,
                    "y": 562.7915711009174
                }
            ]
        },
        {
            "id": "j1-ycvWNs",
            "type": "RECTANGLE",
            "tags": [
                "car"
            ],
            "boundingBox": {
                "height": 50.862385321100916,
                "width": 43.94694960212202,
                "left": 242.86472148541117,
                "top": 516.5530389908257
            },
            "points": [
                {
                    "x": 242.86472148541117,
                    "y": 516.5530389908257
                },
                {
                    "x": 286.81167108753317,
                    "y": 516.5530389908257
                },
                {
                    "x": 286.81167108753317,
                    "y": 567.4154243119266
                },
                {
                    "x": 242.86472148541117,
                    "y": 567.4154243119266
                }
            ]
        },
        {
            "id": "0bLNRbfK_",
            "type": "RECTANGLE",
            "tags": [
                "car"
            ],
            "boundingBox": {
                "height": 55.48623853211009,
                "width": 39.320954907161806,
                "left": 144.56233421750665,
                "top": 508.4612958715596
            },
            "points": [
                {
                    "x": 144.56233421750665,
                    "y": 508.4612958715596
                },
                {
                    "x": 183.88328912466844,
                    "y": 508.4612958715596
                },
                {
                    "x": 183.88328912466844,
                    "y": 563.9475344036697
                },
                {
                    "x": 144.56233421750665,
                    "y": 563.9475344036697
                }
            ]
        },
        {
            "id": "XebmYhPlV",
            "type": "RECTANGLE",
            "tags": [
                "car"
            ],
            "boundingBox": {
                "height": 61.26605504587156,
                "width": 37.0079575596817,
                "left": 71.70291777188329,
                "top": 562.7915711009174
            },
            "points": [
                {
                    "x": 71.70291777188329,
                    "y": 562.7915711009174
                },
                {
                    "x": 108.71087533156499,
                    "y": 562.7915711009174
                },
                {
                    "x": 108.71087533156499,
                    "y": 624.057626146789
                },
                {
                    "x": 71.70291777188329,
                    "y": 624.057626146789
                }
            ]
        },
        {
            "id": "Gwq8pPvek",
            "type": "RECTANGLE",
            "tags": [
                "car"
            ],
            "boundingBox": {
                "height": 62.42201834862385,
                "width": 47.41644562334216,
                "left": 116.80636604774539,
                "top": 567.4154243119266
            },
            "points": [
                {
                    "x": 116.80636604774539,
                    "y": 567.4154243119266
                },
                {
                    "x": 164.22281167108753,
                    "y": 567.4154243119266
                },
                {
                    "x": 164.22281167108753,
                    "y": 629.8374426605504
                },
                {
                    "x": 116.80636604774539,
                    "y": 629.8374426605504
                }
            ]
        },
        {
            "id": "PtaRBPsoH",
            "type": "RECTANGLE",
            "tags": [
                "car"
            ],
            "boundingBox": {
                "height": 43.92660550458715,
                "width": 97.14588859416446,
                "left": 9.251989389920425,
                "top": 632.149369266055
            },
            "points": [
                {
                    "x": 9.251989389920425,
                    "y": 632.149369266055
                },
                {
                    "x": 106.39787798408489,
                    "y": 632.149369266055
                },
                {
                    "x": 106.39787798408489,
                    "y": 676.0759747706421
                },
                {
                    "x": 9.251989389920425,
                    "y": 676.0759747706421
                }
            ]
        },
        {
            "id": "WWOVUgJnJ",
            "type": "RECTANGLE",
            "tags": [
                "car"
            ],
            "boundingBox": {
                "height": 49.70642201834862,
                "width": 32.38196286472149,
                "left": 281.0291777188329,
                "top": 419.452121559633
            },
            "points": [
                {
                    "x": 281.0291777188329,
                    "y": 419.452121559633
                },
                {
                    "x": 313.4111405835544,
                    "y": 419.452121559633
                },
                {
                    "x": 313.4111405835544,
                    "y": 469.1585435779816
                },
                {
                    "x": 281.0291777188329,
                    "y": 469.1585435779816
                }
            ]
        },
        {
            "id": "MxIdfs8Lz",
            "type": "RECTANGLE",
            "tags": [
                "car"
            ],
            "boundingBox": {
                "height": 55.48623853211009,
                "width": 38.16445623342175,
                "left": 445.2519893899204,
                "top": 412.51634174311926
            },
            "points": [
                {
                    "x": 445.2519893899204,
                    "y": 412.51634174311926
                },
                {
                    "x": 483.4164456233422,
                    "y": 412.51634174311926
                },
                {
                    "x": 483.4164456233422,
                    "y": 468.0025802752293
                },
                {
                    "x": 445.2519893899204,
                    "y": 468.0025802752293
                }
            ]
        },
        {
            "id": "aUru_BWA_",
            "type": "RECTANGLE",
            "tags": [
                "car"
            ],
            "boundingBox": {
                "height": 36.99082568807339,
                "width": 34.69496021220159,
                "left": 157.28381962864722,
                "top": 426.3879013761468
            },
            "points": [
                {
                    "x": 157.28381962864722,
                    "y": 426.3879013761468
                },
                {
                    "x": 191.9787798408488,
                    "y": 426.3879013761468
                },
                {
                    "x": 191.9787798408488,
                    "y": 463.3787270642202
                },
                {
                    "x": 157.28381962864722,
                    "y": 463.3787270642202
                }
            ]
        },
        {
            "id": "ogQm20bzc",
            "type": "RECTANGLE",
            "tags": [
                "car"
            ],
            "boundingBox": {
                "height": 43.92660550458715,
                "width": 32.38196286472149,
                "left": 441.7824933687003,
                "top": 305.01175458715596
            },
            "points": [
                {
                    "x": 441.7824933687003,
                    "y": 305.01175458715596
                },
                {
                    "x": 474.1644562334218,
                    "y": 305.01175458715596
                },
                {
                    "x": 474.1644562334218,
                    "y": 348.9383600917431
                },
                {
                    "x": 441.7824933687003,
                    "y": 348.9383600917431
                }
            ]
        },
        {
            "id": "wObVCeYoI",
            "type": "RECTANGLE",
            "tags": [
                "car"
            ],
            "boundingBox": {
                "height": 40.45871559633027,
                "width": 28.912466843501328,
                "left": 540.0848806366048,
                "top": 315.4154243119266
            },
            "points": [
                {
                    "x": 540.0848806366048,
                    "y": 315.4154243119266
                },
                {
                    "x": 568.9973474801061,
                    "y": 315.4154243119266
                },
                {
                    "x": 568.9973474801061,
                    "y": 355.8741399082569
                },
                {
                    "x": 540.0848806366048,
                    "y": 355.8741399082569
                }
            ]
        },
        {
            "id": "qudTlCapR",
            "type": "RECTANGLE",
            "tags": [
                "car"
            ],
            "boundingBox": {
                "height": 38.146788990825684,
                "width": 30.06896551724138,
                "left": 505.3899204244032,
                "top": 310.7915711009174
            },
            "points": [
                {
                    "x": 505.3899204244032,
                    "y": 310.7915711009174
                },
                {
                    "x": 535.4588859416446,
                    "y": 310.7915711009174
                },
                {
                    "x": 535.4588859416446,
                    "y": 348.9383600917431
                },
                {
                    "x": 505.3899204244032,
                    "y": 348.9383600917431
                }
            ]
        },
        {
            "id": "bbU2Wc5-u",
            "type": "RECTANGLE",
            "tags": [
                "car"
            ],
            "boundingBox": {
                "height": 36.99082568807339,
                "width": 31.225464190981434,
                "left": 255.58620689655174,
                "top": 310.7915711009174
            },
            "points": [
                {
                    "x": 255.58620689655174,
                    "y": 310.7915711009174
                },
                {
                    "x": 286.81167108753317,
                    "y": 310.7915711009174
                },
                {
                    "x": 286.81167108753317,
                    "y": 347.7823967889908
                },
                {
                    "x": 255.58620689655174,
                    "y": 347.7823967889908
                }
            ]
        },
        {
            "id": "H6zg4dsAN",
            "type": "RECTANGLE",
            "tags": [
                "car"
            ],
            "boundingBox": {
                "height": 42.77064220183486,
                "width": 30.06896551724138,
                "left": 173.47480106100795,
                "top": 305.01175458715596
            },
            "points": [
                {
                    "x": 173.47480106100795,
                    "y": 305.01175458715596
                },
                {
                    "x": 203.54376657824935,
                    "y": 305.01175458715596
                },
                {
                    "x": 203.54376657824935,
                    "y": 347.7823967889908
                },
                {
                    "x": 173.47480106100795,
                    "y": 347.7823967889908
                }
            ]
        },
        {
            "id": "7n5UaU-Bf",
            "type": "RECTANGLE",
            "tags": [
                "car"
            ],
            "boundingBox": {
                "height": 35.8348623853211,
                "width": 32.38196286472149,
                "left": 25.44297082228117,
                "top": 307.32368119266056
            },
            "points": [
                {
                    "x": 25.44297082228117,
                    "y": 307.32368119266056
                },
                {
                    "x": 57.824933687002655,
                    "y": 307.32368119266056
                },
                {
                    "x": 57.824933687002655,
                    "y": 343.1585435779816
                },
                {
                    "x": 25.44297082228117,
                    "y": 343.1585435779816
                }
            ]
        },
        {
            "id": "JIqwjaKwH",
            "type": "RECTANGLE",
            "tags": [
                "car"
            ],
            "boundingBox": {
                "height": 34.516341743119234,
                "width": 30.06896551724138,
                "left": 434.84350132625997,
                "top": 257.77981651376143
            },
            "points": [
                {
                    "x": 434.84350132625997,
                    "y": 257.77981651376143
                },
                {
                    "x": 464.91246684350136,
                    "y": 257.77981651376143
                },
                {
                    "x": 464.91246684350136,
                    "y": 292.2961582568807
                },
                {
                    "x": 434.84350132625997,
                    "y": 292.2961582568807
                }
            ]
        },
        {
            "id": "RqS7uhZ0x",
            "type": "RECTANGLE",
            "tags": [
                "car"
            ],
            "boundingBox": {
                "height": 39.30275229357798,
                "width": 37.0079575596817,
                "left": 548.1803713527852,
                "top": 231.03010321100916
            },
            "points": [
                {
                    "x": 548.1803713527852,
                    "y": 231.03010321100916
                },
                {
                    "x": 585.1883289124669,
                    "y": 231.03010321100916
                },
                {
                    "x": 585.1883289124669,
                    "y": 270.33285550458714
                },
                {
                    "x": 548.1803713527852,
                    "y": 270.33285550458714
                }
            ]
        },
        {
            "id": "OKCTgqaTD",
            "type": "RECTANGLE",
            "tags": [
                "car"
            ],
            "boundingBox": {
                "height": 31.211009174311926,
                "width": 27.755968169761275,
                "left": 436,
                "top": 227.5622133027523
            },
            "points": [
                {
                    "x": 436,
                    "y": 227.5622133027523
                },
                {
                    "x": 463.7559681697613,
                    "y": 227.5622133027523
                },
                {
                    "x": 463.7559681697613,
                    "y": 258.7732224770642
                },
                {
                    "x": 436,
                    "y": 258.7732224770642
                }
            ]
        },
        {
            "id": "tsBZUiqQc",
            "type": "RECTANGLE",
            "tags": [
                "car"
            ],
            "boundingBox": {
                "height": 39.30275229357798,
                "width": 26.59946949602122,
                "left": 326.132625994695,
                "top": 226.40625
            },
            "points": [
                {
                    "x": 326.132625994695,
                    "y": 226.40625
                },
                {
                    "x": 352.7320954907162,
                    "y": 226.40625
                },
                {
                    "x": 352.7320954907162,
                    "y": 265.70900229357795
                },
                {
                    "x": 326.132625994695,
                    "y": 265.70900229357795
                }
            ]
        },
        {
            "id": "WuRJf3cTv",
            "type": "RECTANGLE",
            "tags": [
                "car"
            ],
            "boundingBox": {
                "height": 34.678899082568805,
                "width": 24.286472148541115,
                "left": 200.0742705570292,
                "top": 229.87413990825686
            },
            "points": [
                {
                    "x": 200.0742705570292,
                    "y": 229.87413990825686
                },
                {
                    "x": 224.36074270557032,
                    "y": 229.87413990825686
                },
                {
                    "x": 224.36074270557032,
                    "y": 264.55303899082566
                },
                {
                    "x": 200.0742705570292,
                    "y": 264.55303899082566
                }
            ]
        },
        {
            "id": "S-B7zaFAv",
            "type": "RECTANGLE",
            "tags": [
                "car"
            ],
            "boundingBox": {
                "height": 33.522935779816514,
                "width": 23.129973474801062,
                "left": 101.77188328912467,
                "top": 231.03010321100916
            },
            "points": [
                {
                    "x": 101.77188328912467,
                    "y": 231.03010321100916
                },
                {
                    "x": 124.90185676392574,
                    "y": 231.03010321100916
                },
                {
                    "x": 124.90185676392574,
                    "y": 264.55303899082566
                },
                {
                    "x": 101.77188328912467,
                    "y": 264.55303899082566
                }
            ]
        },
        {
            "id": "sJBkc8o3U",
            "type": "RECTANGLE",
            "tags": [
                "car"
            ],
            "boundingBox": {
                "height": 34.678899082568805,
                "width": 27.755968169761275,
                "left": 70.54641909814325,
                "top": 231.03010321100916
            },
            "points": [
                {
                    "x": 70.54641909814325,
                    "y": 231.03010321100916
                },
                {
                    "x": 98.30238726790452,
                    "y": 231.03010321100916
                },
                {
                    "x": 98.30238726790452,
                    "y": 265.70900229357795
                },
                {
                    "x": 70.54641909814325,
                    "y": 265.70900229357795
                }
            ]
        },
        {
            "id": "832uDsl1c",
            "type": "RECTANGLE",
            "tags": [
                "car"
            ],
            "boundingBox": {
                "height": 28.899082568807337,
                "width": 23.129973474801062,
                "left": 490.3554376657825,
                "top": 194.03927752293578
            },
            "points": [
                {
                    "x": 490.3554376657825,
                    "y": 194.03927752293578
                },
                {
                    "x": 513.4854111405836,
                    "y": 194.03927752293578
                },
                {
                    "x": 513.4854111405836,
                    "y": 222.9383600917431
                },
                {
                    "x": 490.3554376657825,
                    "y": 222.9383600917431
                }
            ]
        },
        {
            "id": "Zdv0me1Az",
            "type": "RECTANGLE",
            "tags": [
                "car"
            ],
            "boundingBox": {
                "height": 38.146788990825684,
                "width": 27.755968169761275,
                "left": 412.87002652519897,
                "top": 190.57138761467888
            },
            "points": [
                {
                    "x": 412.87002652519897,
                    "y": 190.57138761467888
                },
                {
                    "x": 440.62599469496024,
                    "y": 190.57138761467888
                },
                {
                    "x": 440.62599469496024,
                    "y": 228.71817660550457
                },
                {
                    "x": 412.87002652519897,
                    "y": 228.71817660550457
                }
            ]
        },
        {
            "id": "zmmEzJ3Gp",
            "type": "RECTANGLE",
            "tags": [
                "car"
            ],
            "boundingBox": {
                "height": 21.963302752293576,
                "width": 24.286472148541115,
                "left": 368.92307692307696,
                "top": 199.81909403669724
            },
            "points": [
                {
                    "x": 368.92307692307696,
                    "y": 199.81909403669724
                },
                {
                    "x": 393.2095490716181,
                    "y": 199.81909403669724
                },
                {
                    "x": 393.2095490716181,
                    "y": 221.7823967889908
                },
                {
                    "x": 368.92307692307696,
                    "y": 221.7823967889908
                }
            ]
        },
        {
            "id": "spZ2-vegk",
            "type": "RECTANGLE",
            "tags": [
                "car"
            ],
            "boundingBox": {
                "height": 21.963302752293576,
                "width": 18.50397877984085,
                "left": 374.70557029177724,
                "top": 180.16771788990826
            },
            "points": [
                {
                    "x": 374.70557029177724,
                    "y": 180.16771788990826
                },
                {
                    "x": 393.2095490716181,
                    "y": 180.16771788990826
                },
                {
                    "x": 393.2095490716181,
                    "y": 202.13102064220183
                },
                {
                    "x": 374.70557029177724,
                    "y": 202.13102064220183
                }
            ]
        },
        {
            "id": "S044gZqjq",
            "type": "RECTANGLE",
            "tags": [
                "car"
            ],
            "boundingBox": {
                "height": 30.05504587155963,
                "width": 25.44297082228117,
                "left": 294.90716180371356,
                "top": 194.03927752293578
            },
            "points": [
                {
                    "x": 294.90716180371356,
                    "y": 194.03927752293578
                },
                {
                    "x": 320.3501326259947,
                    "y": 194.03927752293578
                },
                {
                    "x": 320.3501326259947,
                    "y": 224.0943233944954
                },
                {
                    "x": 294.90716180371356,
                    "y": 224.0943233944954
                }
            ]
        },
        {
            "id": "gq--nxm9J",
            "type": "RECTANGLE",
            "tags": [
                "car"
            ],
            "boundingBox": {
                "height": 24.275229357798164,
                "width": 24.286472148541115,
                "left": 176.94429708222813,
                "top": 199.81909403669724
            },
            "points": [
                {
                    "x": 176.94429708222813,
                    "y": 199.81909403669724
                },
                {
                    "x": 201.23076923076923,
                    "y": 199.81909403669724
                },
                {
                    "x": 201.23076923076923,
                    "y": 224.0943233944954
                },
                {
                    "x": 176.94429708222813,
                    "y": 224.0943233944954
                }
            ]
        },
        {
            "id": "VIhccZxVe",
            "type": "RECTANGLE",
            "tags": [
                "car"
            ],
            "boundingBox": {
                "height": 23.11926605504587,
                "width": 27.755968169761275,
                "left": 107.55437665782495,
                "top": 196.35120412844037
            },
            "points": [
                {
                    "x": 107.55437665782495,
                    "y": 196.35120412844037
                },
                {
                    "x": 135.31034482758622,
                    "y": 196.35120412844037
                },
                {
                    "x": 135.31034482758622,
                    "y": 219.47047018348624
                },
                {
                    "x": 107.55437665782495,
                    "y": 219.47047018348624
                }
            ]
        },
        {
            "id": "NVKNMZ3GL",
            "type": "RECTANGLE",
            "tags": [
                "car"
            ],
            "boundingBox": {
                "height": 23.11926605504587,
                "width": 20.816976127320956,
                "left": 257.89920424403186,
                "top": 187.10349770642202
            },
            "points": [
                {
                    "x": 257.89920424403186,
                    "y": 187.10349770642202
                },
                {
                    "x": 278.7161803713528,
                    "y": 187.10349770642202
                },
                {
                    "x": 278.7161803713528,
                    "y": 210.2227637614679
                },
                {
                    "x": 257.89920424403186,
                    "y": 210.2227637614679
                }
            ]
        },
        {
            "id": "Fwv3H96aJ",
            "type": "RECTANGLE",
            "tags": [
                "car"
            ],
            "boundingBox": {
                "height": 36.99082568807339,
                "width": 20.816976127320956,
                "left": 233.61273209549074,
                "top": 179.01175458715596
            },
            "points": [
                {
                    "x": 233.61273209549074,
                    "y": 179.01175458715596
                },
                {
                    "x": 254.42970822281168,
                    "y": 179.01175458715596
                },
                {
                    "x": 254.42970822281168,
                    "y": 216.00258027522935
                },
                {
                    "x": 233.61273209549074,
                    "y": 216.00258027522935
                }
            ]
        },
        {
            "id": "COp4uI19E",
            "type": "RECTANGLE",
            "tags": [
                "car"
            ],
            "boundingBox": {
                "height": 26.587155963302752,
                "width": 20.816976127320956,
                "left": 535.4588859416446,
                "top": 157.0484518348624
            },
            "points": [
                {
                    "x": 535.4588859416446,
                    "y": 157.0484518348624
                },
                {
                    "x": 556.2758620689656,
                    "y": 157.0484518348624
                },
                {
                    "x": 556.2758620689656,
                    "y": 183.63560779816513
                },
                {
                    "x": 535.4588859416446,
                    "y": 183.63560779816513
                }
            ]
        },
        {
            "id": "AaEDMPvCy",
            "type": "RECTANGLE",
            "tags": [
                "car"
            ],
            "boundingBox": {
                "height": 24.275229357798164,
                "width": 18.50397877984085,
                "left": 489.1989389920425,
                "top": 158.20441513761466
            },
            "points": [
                {
                    "x": 489.1989389920425,
                    "y": 158.20441513761466
                },
                {
                    "x": 507.70291777188334,
                    "y": 158.20441513761466
                },
                {
                    "x": 507.70291777188334,
                    "y": 182.47964449541283
                },
                {
                    "x": 489.1989389920425,
                    "y": 182.47964449541283
                }
            ]
        },
        {
            "id": "1w-9AVuQH",
            "type": "RECTANGLE",
            "tags": [
                "car"
            ],
            "boundingBox": {
                "height": 28.899082568807337,
                "width": 18.50397877984085,
                "left": 469.53846153846155,
                "top": 143.17689220183485
            },
            "points": [
                {
                    "x": 469.53846153846155,
                    "y": 143.17689220183485
                },
                {
                    "x": 488.0424403183024,
                    "y": 143.17689220183485
                },
                {
                    "x": 488.0424403183024,
                    "y": 172.0759747706422
                },
                {
                    "x": 469.53846153846155,
                    "y": 172.0759747706422
                }
            ]
        },
        {
            "id": "df2581Ch5",
            "type": "RECTANGLE",
            "tags": [
                "car"
            ],
            "boundingBox": {
                "height": 17.339449541284402,
                "width": 17.347480106100797,
                "left": 257.89920424403186,
                "top": 159.36037844036696
            },
            "points": [
                {
                    "x": 257.89920424403186,
                    "y": 159.36037844036696
                },
                {
                    "x": 275.2466843501326,
                    "y": 159.36037844036696
                },
                {
                    "x": 275.2466843501326,
                    "y": 176.69982798165137
                },
                {
                    "x": 257.89920424403186,
                    "y": 176.69982798165137
                }
            ]
        },
        {
            "id": "owb90x5qg",
            "type": "RECTANGLE",
            "tags": [
                "car"
            ],
            "boundingBox": {
                "height": 23.11926605504587,
                "width": 19.660477453580903,
                "left": 138.77984084880637,
                "top": 154.7365252293578
            },
            "points": [
                {
                    "x": 138.77984084880637,
                    "y": 154.7365252293578
                },
                {
                    "x": 158.44031830238728,
                    "y": 154.7365252293578
                },
                {
                    "x": 158.44031830238728,
                    "y": 177.85579128440367
                },
                {
                    "x": 138.77984084880637,
                    "y": 177.85579128440367
                }
            ]
        },
        {
            "id": "Wxe3oHOEa",
            "type": "RECTANGLE",
            "tags": [
                "car"
            ],
            "boundingBox": {
                "height": 18.495412844036696,
                "width": 17.347480106100797,
                "left": 238.23872679045093,
                "top": 157.0484518348624
            },
            "points": [
                {
                    "x": 238.23872679045093,
                    "y": 157.0484518348624
                },
                {
                    "x": 255.58620689655174,
                    "y": 157.0484518348624
                },
                {
                    "x": 255.58620689655174,
                    "y": 175.54386467889907
                },
                {
                    "x": 238.23872679045093,
                    "y": 175.54386467889907
                }
            ]
        },
        {
            "id": "B3_6Bz35C",
            "type": "RECTANGLE",
            "tags": [
                "car"
            ],
            "boundingBox": {
                "height": 24.275229357798164,
                "width": 12.721485411140584,
                "left": 227.83023872679047,
                "top": 143.17689220183485
            },
            "points": [
                {
                    "x": 227.83023872679047,
                    "y": 143.17689220183485
                },
                {
                    "x": 240.55172413793105,
                    "y": 143.17689220183485
                },
                {
                    "x": 240.55172413793105,
                    "y": 167.452121559633
                },
                {
                    "x": 227.83023872679047,
                    "y": 167.452121559633
                }
            ]
        },
        {
            "id": "k67LUbbMP",
            "type": "RECTANGLE",
            "tags": [
                "car"
            ],
            "boundingBox": {
                "height": 18.495412844036696,
                "width": 17.347480106100797,
                "left": 247.49071618037135,
                "top": 142.02092889908258
            },
            "points": [
                {
                    "x": 247.49071618037135,
                    "y": 142.02092889908258
                },
                {
                    "x": 264.83819628647217,
                    "y": 142.02092889908258
                },
                {
                    "x": 264.83819628647217,
                    "y": 160.51634174311926
                },
                {
                    "x": 247.49071618037135,
                    "y": 160.51634174311926
                }
            ]
        },
        {
            "id": "gfLaARUx9",
            "type": "RECTANGLE",
            "tags": [
                "car"
            ],
            "boundingBox": {
                "height": 23.11926605504587,
                "width": 18.50397877984085,
                "left": 525.0503978779841,
                "top": 117.7456995412844
            },
            "points": [
                {
                    "x": 525.0503978779841,
                    "y": 117.7456995412844
                },
                {
                    "x": 543.554376657825,
                    "y": 117.7456995412844
                },
                {
                    "x": 543.554376657825,
                    "y": 140.86496559633028
                },
                {
                    "x": 525.0503978779841,
                    "y": 140.86496559633028
                }
            ]
        },
        {
            "id": "5s5-eUwvG",
            "type": "RECTANGLE",
            "tags": [
                "car"
            ],
            "boundingBox": {
                "height": 23.11926605504587,
                "width": 24.286472148541115,
                "left": 503.0769230769231,
                "top": 114.27780963302752
            },
            "points": [
                {
                    "x": 503.0769230769231,
                    "y": 114.27780963302752
                },
                {
                    "x": 527.3633952254643,
                    "y": 114.27780963302752
                },
                {
                    "x": 527.3633952254643,
                    "y": 137.3970756880734
                },
                {
                    "x": 503.0769230769231,
                    "y": 137.3970756880734
                }
            ]
        },
        {
            "id": "bmIaoD33R",
            "type": "RECTANGLE",
            "tags": [
                "car"
            ],
            "boundingBox": {
                "height": 23.11926605504587,
                "width": 20.816976127320956,
                "left": 483.4164456233422,
                "top": 117.7456995412844
            },
            "points": [
                {
                    "x": 483.4164456233422,
                    "y": 117.7456995412844
                },
                {
                    "x": 504.2334217506632,
                    "y": 117.7456995412844
                },
                {
                    "x": 504.2334217506632,
                    "y": 140.86496559633028
                },
                {
                    "x": 483.4164456233422,
                    "y": 140.86496559633028
                }
            ]
        },
        {
            "id": "EYr6evyP7",
            "type": "RECTANGLE",
            "tags": [
                "car"
            ],
            "boundingBox": {
                "height": 24.275229357798164,
                "width": 16.190981432360743,
                "left": 486.88594164456237,
                "top": 98.0943233944954
            },
            "points": [
                {
                    "x": 486.88594164456237,
                    "y": 98.0943233944954
                },
                {
                    "x": 503.0769230769231,
                    "y": 98.0943233944954
                },
                {
                    "x": 503.0769230769231,
                    "y": 122.36955275229357
                },
                {
                    "x": 486.88594164456237,
                    "y": 122.36955275229357
                }
            ]
        },
        {
            "id": "lXK_W8Eti",
            "type": "RECTANGLE",
            "tags": [
                "car"
            ],
            "boundingBox": {
                "height": 23.11926605504587,
                "width": 23.129973474801062,
                "left": 460.2864721485411,
                "top": 98.0943233944954
            },
            "points": [
                {
                    "x": 460.2864721485411,
                    "y": 98.0943233944954
                },
                {
                    "x": 483.4164456233422,
                    "y": 98.0943233944954
                },
                {
                    "x": 483.4164456233422,
                    "y": 121.21358944954127
                },
                {
                    "x": 460.2864721485411,
                    "y": 121.21358944954127
                }
            ]
        },
        {
            "id": "SX-8x97tq",
            "type": "RECTANGLE",
            "tags": [
                "car"
            ],
            "boundingBox": {
                "height": 26.587155963302752,
                "width": 16.190981432360743,
                "left": 448.72148541114063,
                "top": 114.27780963302752
            },
            "points": [
                {
                    "x": 448.72148541114063,
                    "y": 114.27780963302752
                },
                {
                    "x": 464.91246684350136,
                    "y": 114.27780963302752
                },
                {
                    "x": 464.91246684350136,
                    "y": 140.86496559633028
                },
                {
                    "x": 448.72148541114063,
                    "y": 140.86496559633028
                }
            ]
        },
        {
            "id": "-OWs_rA36",
            "type": "RECTANGLE",
            "tags": [
                "car"
            ],
            "boundingBox": {
                "height": 20.807339449541285,
                "width": 15.03448275862069,
                "left": 433.68700265251994,
                "top": 124.68147935779815
            },
            "points": [
                {
                    "x": 433.68700265251994,
                    "y": 124.68147935779815
                },
                {
                    "x": 448.72148541114063,
                    "y": 124.68147935779815
                },
                {
                    "x": 448.72148541114063,
                    "y": 145.48881880733944
                },
                {
                    "x": 433.68700265251994,
                    "y": 145.48881880733944
                }
            ]
        },
        {
            "id": "QPN4DOk1l",
            "type": "RECTANGLE",
            "tags": [
                "car"
            ],
            "boundingBox": {
                "height": 21.963302752293576,
                "width": 16.190981432360743,
                "left": 414.026525198939,
                "top": 116.58973623853211
            },
            "points": [
                {
                    "x": 414.026525198939,
                    "y": 116.58973623853211
                },
                {
                    "x": 430.2175066312998,
                    "y": 116.58973623853211
                },
                {
                    "x": 430.2175066312998,
                    "y": 138.55303899082568
                },
                {
                    "x": 414.026525198939,
                    "y": 138.55303899082568
                }
            ]
        },
        {
            "id": "BfN0-NcLO",
            "type": "RECTANGLE",
            "tags": [
                "car"
            ],
            "boundingBox": {
                "height": 23.11926605504587,
                "width": 19.660477453580903,
                "left": 395.52254641909815,
                "top": 115.43377293577981
            },
            "points": [
                {
                    "x": 395.52254641909815,
                    "y": 115.43377293577981
                },
                {
                    "x": 415.1830238726791,
                    "y": 115.43377293577981
                },
                {
                    "x": 415.1830238726791,
                    "y": 138.55303899082568
                },
                {
                    "x": 395.52254641909815,
                    "y": 138.55303899082568
                }
            ]
        },
        {
            "id": "bV8YfV2O8",
            "type": "RECTANGLE",
            "tags": [
                "car"
            ],
            "boundingBox": {
                "height": 21.963302752293576,
                "width": 18.50397877984085,
                "left": 378.1750663129974,
                "top": 116.58973623853211
            },
            "points": [
                {
                    "x": 378.1750663129974,
                    "y": 116.58973623853211
                },
                {
                    "x": 396.67904509283824,
                    "y": 116.58973623853211
                },
                {
                    "x": 396.67904509283824,
                    "y": 138.55303899082568
                },
                {
                    "x": 378.1750663129974,
                    "y": 138.55303899082568
                }
            ]
        },
        {
            "id": "N5t8H7vJF",
            "type": "RECTANGLE",
            "tags": [
                "car"
            ],
            "boundingBox": {
                "height": 19.65137614678899,
                "width": 20.816976127320956,
                "left": 356.2015915119364,
                "top": 116.58973623853211
            },
            "points": [
                {
                    "x": 356.2015915119364,
                    "y": 116.58973623853211
                },
                {
                    "x": 377.0185676392573,
                    "y": 116.58973623853211
                },
                {
                    "x": 377.0185676392573,
                    "y": 136.2411123853211
                },
                {
                    "x": 356.2015915119364,
                    "y": 136.2411123853211
                }
            ]
        },
        {
            "id": "pF_QOyVb9",
            "type": "RECTANGLE",
            "tags": [
                "car"
            ],
            "boundingBox": {
                "height": 20.807339449541285,
                "width": 19.660477453580903,
                "left": 341.1671087533157,
                "top": 115.43377293577981
            },
            "points": [
                {
                    "x": 341.1671087533157,
                    "y": 115.43377293577981
                },
                {
                    "x": 360.82758620689657,
                    "y": 115.43377293577981
                },
                {
                    "x": 360.82758620689657,
                    "y": 136.2411123853211
                },
                {
                    "x": 341.1671087533157,
                    "y": 136.2411123853211
                }
            ]
        },
        {
            "id": "xaDo8XCMX",
            "type": "RECTANGLE",
            "tags": [
                "car"
            ],
            "boundingBox": {
                "height": 20.807339449541285,
                "width": 24.286472148541115,
                "left": 320.3501326259947,
                "top": 116.58973623853211
            },
            "points": [
                {
                    "x": 320.3501326259947,
                    "y": 116.58973623853211
                },
                {
                    "x": 344.63660477453584,
                    "y": 116.58973623853211
                },
                {
                    "x": 344.63660477453584,
                    "y": 137.3970756880734
                },
                {
                    "x": 320.3501326259947,
                    "y": 137.3970756880734
                }
            ]
        },
        {
            "id": "nTI83syCZ",
            "type": "RECTANGLE",
            "tags": [
                "car"
            ],
            "boundingBox": {
                "height": 21.963302752293576,
                "width": 21.97347480106101,
                "left": 268.3076923076923,
                "top": 116.58973623853211
            },
            "points": [
                {
                    "x": 268.3076923076923,
                    "y": 116.58973623853211
                },
                {
                    "x": 290.2811671087533,
                    "y": 116.58973623853211
                },
                {
                    "x": 290.2811671087533,
                    "y": 138.55303899082568
                },
                {
                    "x": 268.3076923076923,
                    "y": 138.55303899082568
                }
            ]
        },
        {
            "id": "EzjeOPUsq",
            "type": "RECTANGLE",
            "tags": [
                "car"
            ],
            "boundingBox": {
                "height": 19.65137614678899,
                "width": 16.190981432360743,
                "left": 253.27320954907162,
                "top": 116.58973623853211
            },
            "points": [
                {
                    "x": 253.27320954907162,
                    "y": 116.58973623853211
                },
                {
                    "x": 269.46419098143235,
                    "y": 116.58973623853211
                },
                {
                    "x": 269.46419098143235,
                    "y": 136.2411123853211
                },
                {
                    "x": 253.27320954907162,
                    "y": 136.2411123853211
                }
            ]
        },
        {
            "id": "SHkiBtYTE",
            "type": "RECTANGLE",
            "tags": [
                "car"
            ],
            "boundingBox": {
                "height": 21.963302752293576,
                "width": 16.190981432360743,
                "left": 237.0822281167109,
                "top": 116.58973623853211
            },
            "points": [
                {
                    "x": 237.0822281167109,
                    "y": 116.58973623853211
                },
                {
                    "x": 253.27320954907162,
                    "y": 116.58973623853211
                },
                {
                    "x": 253.27320954907162,
                    "y": 138.55303899082568
                },
                {
                    "x": 237.0822281167109,
                    "y": 138.55303899082568
                }
            ]
        },
        {
            "id": "sPWyEVSyW",
            "type": "RECTANGLE",
            "tags": [
                "car"
            ],
            "boundingBox": {
                "height": 19.65137614678899,
                "width": 18.50397877984085,
                "left": 200.0742705570292,
                "top": 120.05762614678899
            },
            "points": [
                {
                    "x": 200.0742705570292,
                    "y": 120.05762614678899
                },
                {
                    "x": 218.57824933687004,
                    "y": 120.05762614678899
                },
                {
                    "x": 218.57824933687004,
                    "y": 139.70900229357798
                },
                {
                    "x": 200.0742705570292,
                    "y": 139.70900229357798
                }
            ]
        },
        {
            "id": "SdxAilAKM",
            "type": "RECTANGLE",
            "tags": [
                "car"
            ],
            "boundingBox": {
                "height": 16.183486238532108,
                "width": 13.877984084880637,
                "left": 175.78779840848807,
                "top": 131.61725917431193
            },
            "points": [
                {
                    "x": 175.78779840848807,
                    "y": 131.61725917431193
                },
                {
                    "x": 189.6657824933687,
                    "y": 131.61725917431193
                },
                {
                    "x": 189.6657824933687,
                    "y": 147.80074541284404
                },
                {
                    "x": 175.78779840848807,
                    "y": 147.80074541284404
                }
            ]
        },
        {
            "id": "CMuNcVLCl",
            "type": "RECTANGLE",
            "tags": [
                "car"
            ],
            "boundingBox": {
                "height": 18.495412844036696,
                "width": 18.50397877984085,
                "left": 124.90185676392574,
                "top": 130.46129587155963
            },
            "points": [
                {
                    "x": 124.90185676392574,
                    "y": 130.46129587155963
                },
                {
                    "x": 143.40583554376659,
                    "y": 130.46129587155963
                },
                {
                    "x": 143.40583554376659,
                    "y": 148.95670871559633
                },
                {
                    "x": 124.90185676392574,
                    "y": 148.95670871559633
                }
            ]
        },
        {
            "id": "BjdZ28WtZ",
            "type": "RECTANGLE",
            "tags": [
                "car"
            ],
            "boundingBox": {
                "height": 16.183486238532108,
                "width": 16.190981432360743,
                "left": 152.657824933687,
                "top": 121.21358944954127
            },
            "points": [
                {
                    "x": 152.657824933687,
                    "y": 121.21358944954127
                },
                {
                    "x": 168.84880636604777,
                    "y": 121.21358944954127
                },
                {
                    "x": 168.84880636604777,
                    "y": 137.3970756880734
                },
                {
                    "x": 152.657824933687,
                    "y": 137.3970756880734
                }
            ]
        },
        {
            "id": "yE-u_o_hZ",
            "type": "RECTANGLE",
            "tags": [
                "car"
            ],
            "boundingBox": {
                "height": 20.969896788990823,
                "width": 18.503978779840832,
                "left": 102.92838196286475,
                "top": 126.99340596330275
            },
            "points": [
                {
                    "x": 102.92838196286475,
                    "y": 126.99340596330275
                },
                {
                    "x": 121.43236074270558,
                    "y": 126.99340596330275
                },
                {
                    "x": 121.43236074270558,
                    "y": 147.96330275229357
                },
                {
                    "x": 102.92838196286475,
                    "y": 147.96330275229357
                }
            ]
        },
        {
            "id": "tRV36NuxT",
            "type": "RECTANGLE",
            "tags": [
                "car"
            ],
            "boundingBox": {
                "height": 20.807339449541285,
                "width": 16.190981432360743,
                "left": 385.1140583554377,
                "top": 96.93836009174312
            },
            "points": [
                {
                    "x": 385.1140583554377,
                    "y": 96.93836009174312
                },
                {
                    "x": 401.3050397877984,
                    "y": 96.93836009174312
                },
                {
                    "x": 401.3050397877984,
                    "y": 117.7456995412844
                },
                {
                    "x": 385.1140583554377,
                    "y": 117.7456995412844
                }
            ]
        },
        {
            "id": "sh2aEma92",
            "type": "RECTANGLE",
            "tags": [
                "car"
            ],
            "boundingBox": {
                "height": 18.495412844036696,
                "width": 13.877984084880637,
                "left": 370.079575596817,
                "top": 100.40625
            },
            "points": [
                {
                    "x": 370.079575596817,
                    "y": 100.40625
                },
                {
                    "x": 383.9575596816976,
                    "y": 100.40625
                },
                {
                    "x": 383.9575596816976,
                    "y": 118.9016628440367
                },
                {
                    "x": 370.079575596817,
                    "y": 118.9016628440367
                }
            ]
        },
        {
            "id": "QoHWxIFPT",
            "type": "RECTANGLE",
            "tags": [
                "car"
            ],
            "boundingBox": {
                "height": 28.899082568807337,
                "width": 24.286472148541115,
                "left": 344.63660477453584,
                "top": 90.00258027522935
            },
            "points": [
                {
                    "x": 344.63660477453584,
                    "y": 90.00258027522935
                },
                {
                    "x": 368.92307692307696,
                    "y": 90.00258027522935
                },
                {
                    "x": 368.92307692307696,
                    "y": 118.9016628440367
                },
                {
                    "x": 344.63660477453584,
                    "y": 118.9016628440367
                }
            ]
        },
        {
            "id": "uPkBJVlau",
            "type": "RECTANGLE",
            "tags": [
                "car"
            ],
            "boundingBox": {
                "height": 23.11926605504587,
                "width": 11.564986737400531,
                "left": 323.81962864721487,
                "top": 98.0943233944954
            },
            "points": [
                {
                    "x": 323.81962864721487,
                    "y": 98.0943233944954
                },
                {
                    "x": 335.3846153846154,
                    "y": 98.0943233944954
                },
                {
                    "x": 335.3846153846154,
                    "y": 121.21358944954127
                },
                {
                    "x": 323.81962864721487,
                    "y": 121.21358944954127
                }
            ]
        },
        {
            "id": "g-CVdtpZV",
            "type": "RECTANGLE",
            "tags": [
                "car"
            ],
            "boundingBox": {
                "height": 21.963302752293576,
                "width": 23.129973474801062,
                "left": 299.53315649867375,
                "top": 95.78239678899082
            },
            "points": [
                {
                    "x": 299.53315649867375,
                    "y": 95.78239678899082
                },
                {
                    "x": 322.66312997347484,
                    "y": 95.78239678899082
                },
                {
                    "x": 322.66312997347484,
                    "y": 117.7456995412844
                },
                {
                    "x": 299.53315649867375,
                    "y": 117.7456995412844
                }
            ]
        },
        {
            "id": "xgqQIwNbG",
            "type": "RECTANGLE",
            "tags": [
                "car"
            ],
            "boundingBox": {
                "height": 25.431192660550458,
                "width": 13.877984084880637,
                "left": 285.65517241379314,
                "top": 96.93836009174312
            },
            "points": [
                {
                    "x": 285.65517241379314,
                    "y": 96.93836009174312
                },
                {
                    "x": 299.53315649867375,
                    "y": 96.93836009174312
                },
                {
                    "x": 299.53315649867375,
                    "y": 122.36955275229357
                },
                {
                    "x": 285.65517241379314,
                    "y": 122.36955275229357
                }
            ]
        },
        {
            "id": "WBYlMzUMZ",
            "type": "RECTANGLE",
            "tags": [
                "car"
            ],
            "boundingBox": {
                "height": 20.807339449541285,
                "width": 17.347480106100797,
                "left": 264.83819628647217,
                "top": 98.0943233944954
            },
            "points": [
                {
                    "x": 264.83819628647217,
                    "y": 98.0943233944954
                },
                {
                    "x": 282.185676392573,
                    "y": 98.0943233944954
                },
                {
                    "x": 282.185676392573,
                    "y": 118.9016628440367
                },
                {
                    "x": 264.83819628647217,
                    "y": 118.9016628440367
                }
            ]
        },
        {
            "id": "U5KkNYLJ-",
            "type": "RECTANGLE",
            "tags": [
                "car"
            ],
            "boundingBox": {
                "height": 20.807339449541285,
                "width": 13.877984084880637,
                "left": 250.96021220159153,
                "top": 100.40625
            },
            "points": [
                {
                    "x": 250.96021220159153,
                    "y": 100.40625
                },
                {
                    "x": 264.83819628647217,
                    "y": 100.40625
                },
                {
                    "x": 264.83819628647217,
                    "y": 121.21358944954127
                },
                {
                    "x": 250.96021220159153,
                    "y": 121.21358944954127
                }
            ]
        },
        {
            "id": "lqTBuHeGh",
            "type": "RECTANGLE",
            "tags": [
                "car"
            ],
            "boundingBox": {
                "height": 21.963302752293576,
                "width": 19.660477453580903,
                "left": 233.61273209549074,
                "top": 98.0943233944954
            },
            "points": [
                {
                    "x": 233.61273209549074,
                    "y": 98.0943233944954
                },
                {
                    "x": 253.27320954907162,
                    "y": 98.0943233944954
                },
                {
                    "x": 253.27320954907162,
                    "y": 120.05762614678899
                },
                {
                    "x": 233.61273209549074,
                    "y": 120.05762614678899
                }
            ]
        },
        {
            "id": "UqajByW2T",
            "type": "RECTANGLE",
            "tags": [
                "empty"
            ],
            "boundingBox": {
                "height": 47.39449541284404,
                "width": 52.04244031830239,
                "left": 333.0716180371353,
                "top": 528.1126720183486
            },
            "points": [
                {
                    "x": 333.0716180371353,
                    "y": 528.1126720183486
                },
                {
                    "x": 385.1140583554377,
                    "y": 528.1126720183486
                },
                {
                    "x": 385.1140583554377,
                    "y": 575.5071674311927
                },
                {
                    "x": 333.0716180371353,
                    "y": 575.5071674311927
                }
            ]
        },
        {
            "id": "zN6deY-2U",
            "type": "RECTANGLE",
            "tags": [
                "empty"
            ],
            "boundingBox": {
                "height": 53.174311926605505,
                "width": 67.07692307692308,
                "left": 429.0610079575597,
                "top": 523.4888188073394
            },
            "points": [
                {
                    "x": 429.0610079575597,
                    "y": 523.4888188073394
                },
                {
                    "x": 496.1379310344828,
                    "y": 523.4888188073394
                },
                {
                    "x": 496.1379310344828,
                    "y": 576.663130733945
                },
                {
                    "x": 429.0610079575597,
                    "y": 576.663130733945
                }
            ]
        },
        {
            "id": "kSI8ItJte",
            "type": "RECTANGLE",
            "tags": [
                "empty"
            ],
            "boundingBox": {
                "height": 62.42201834862385,
                "width": 52.04244031830239,
                "left": 382.80106100795757,
                "top": 511.9291857798165
            },
            "points": [
                {
                    "x": 382.80106100795757,
                    "y": 511.9291857798165
                },
                {
                    "x": 434.84350132625997,
                    "y": 511.9291857798165
                },
                {
                    "x": 434.84350132625997,
                    "y": 574.3512041284404
                },
                {
                    "x": 382.80106100795757,
                    "y": 574.3512041284404
                }
            ]
        },
        {
            "id": "A5vnvuW7O",
            "type": "RECTANGLE",
            "tags": [
                "empty"
            ],
            "boundingBox": {
                "height": 80.91743119266054,
                "width": 50.88594164456234,
                "left": 272.9336870026525,
                "top": 576.663130733945
            },
            "points": [
                {
                    "x": 272.9336870026525,
                    "y": 576.663130733945
                },
                {
                    "x": 323.81962864721487,
                    "y": 576.663130733945
                },
                {
                    "x": 323.81962864721487,
                    "y": 657.5805619266055
                },
                {
                    "x": 272.9336870026525,
                    "y": 657.5805619266055
                }
            ]
        },
        {
            "id": "9s5N4ygvc",
            "type": "RECTANGLE",
            "tags": [
                "empty"
            ],
            "boundingBox": {
                "height": 82.07339449541284,
                "width": 63.60742705570292,
                "left": 211.6392572944297,
                "top": 568.5713876146789
            },
            "points": [
                {
                    "x": 211.6392572944297,
                    "y": 568.5713876146789
                },
                {
                    "x": 275.2466843501326,
                    "y": 568.5713876146789
                },
                {
                    "x": 275.2466843501326,
                    "y": 650.6447821100917
                },
                {
                    "x": 211.6392572944297,
                    "y": 650.6447821100917
                }
            ]
        },
        {
            "id": "2NRj8nnDa",
            "type": "RECTANGLE",
            "tags": [
                "empty"
            ],
            "boundingBox": {
                "height": 69.35779816513761,
                "width": 54.355437665782496,
                "left": 171.16180371352786,
                "top": 572.0392775229358
            },
            "points": [
                {
                    "x": 171.16180371352786,
                    "y": 572.0392775229358
                },
                {
                    "x": 225.51724137931035,
                    "y": 572.0392775229358
                },
                {
                    "x": 225.51724137931035,
                    "y": 641.3970756880734
                },
                {
                    "x": 171.16180371352786,
                    "y": 641.3970756880734
                }
            ]
        },
        {
            "id": "jXTNbO2V6",
            "type": "RECTANGLE",
            "tags": [
                "empty"
            ],
            "boundingBox": {
                "height": 54.330275229357795,
                "width": 49.729442970822284,
                "left": 193.13527851458886,
                "top": 516.5530389908257
            },
            "points": [
                {
                    "x": 193.13527851458886,
                    "y": 516.5530389908257
                },
                {
                    "x": 242.86472148541117,
                    "y": 516.5530389908257
                },
                {
                    "x": 242.86472148541117,
                    "y": 570.8833142201835
                },
                {
                    "x": 193.13527851458886,
                    "y": 570.8833142201835
                }
            ]
        },
        {
            "id": "5sXZq2nYp",
            "type": "RECTANGLE",
            "tags": [
                "empty"
            ],
            "boundingBox": {
                "height": 47.39449541284404,
                "width": 42.790450928381965,
                "left": 104.08488063660478,
                "top": 518.8649655963303
            },
            "points": [
                {
                    "x": 104.08488063660478,
                    "y": 518.8649655963303
                },
                {
                    "x": 146.87533156498674,
                    "y": 518.8649655963303
                },
                {
                    "x": 146.87533156498674,
                    "y": 566.2594610091743
                },
                {
                    "x": 104.08488063660478,
                    "y": 566.2594610091743
                }
            ]
        },
        {
            "id": "-tBoJxDjq",
            "type": "RECTANGLE",
            "tags": [
                "empty"
            ],
            "boundingBox": {
                "height": 47.39449541284404,
                "width": 71.70291777188329,
                "left": 40.47745358090186,
                "top": 518.8649655963303
            },
            "points": [
                {
                    "x": 40.47745358090186,
                    "y": 518.8649655963303
                },
                {
                    "x": 112.18037135278516,
                    "y": 518.8649655963303
                },
                {
                    "x": 112.18037135278516,
                    "y": 566.2594610091743
                },
                {
                    "x": 40.47745358090186,
                    "y": 566.2594610091743
                }
            ]
        },
        {
            "id": "IP_0C7fB7",
            "type": "RECTANGLE",
            "tags": [
                "empty"
            ],
            "boundingBox": {
                "height": 61.26605504587156,
                "width": 61.294429708222815,
                "left": 10.408488063660478,
                "top": 562.7915711009174
            },
            "points": [
                {
                    "x": 10.408488063660478,
                    "y": 562.7915711009174
                },
                {
                    "x": 71.70291777188329,
                    "y": 562.7915711009174
                },
                {
                    "x": 71.70291777188329,
                    "y": 624.057626146789
                },
                {
                    "x": 10.408488063660478,
                    "y": 624.057626146789
                }
            ]
        },
        {
            "id": "9J_XZ0JZF",
            "type": "RECTANGLE",
            "tags": [
                "empty"
            ],
            "boundingBox": {
                "height": 53.174311926605505,
                "width": 46.259946949602124,
                "left": 397.83554376657827,
                "top": 419.452121559633
            },
            "points": [
                {
                    "x": 397.83554376657827,
                    "y": 419.452121559633
                },
                {
                    "x": 444.0954907161804,
                    "y": 419.452121559633
                },
                {
                    "x": 444.0954907161804,
                    "y": 472.6264334862385
                },
                {
                    "x": 397.83554376657827,
                    "y": 472.6264334862385
                }
            ]
        },
        {
            "id": "1JQFcwyVo",
            "type": "RECTANGLE",
            "tags": [
                "empty"
            ],
            "boundingBox": {
                "height": 51.02494266055046,
                "width": 47.41644562334218,
                "left": 351.57559681697614,
                "top": 419.452121559633
            },
            "points": [
                {
                    "x": 351.57559681697614,
                    "y": 419.452121559633
                },
                {
                    "x": 398.9920424403183,
                    "y": 419.452121559633
                },
                {
                    "x": 398.9920424403183,
                    "y": 470.4770642201835
                },
                {
                    "x": 351.57559681697614,
                    "y": 470.4770642201835
                }
            ]
        },
        {
            "id": "VazFdXfb_",
            "type": "RECTANGLE",
            "tags": [
                "empty"
            ],
            "boundingBox": {
                "height": 47.39449541284404,
                "width": 58.98143236074271,
                "left": 222.0477453580902,
                "top": 421.7640481651376
            },
            "points": [
                {
                    "x": 222.0477453580902,
                    "y": 421.7640481651376
                },
                {
                    "x": 281.0291777188329,
                    "y": 421.7640481651376
                },
                {
                    "x": 281.0291777188329,
                    "y": 469.1585435779816
                },
                {
                    "x": 222.0477453580902,
                    "y": 469.1585435779816
                }
            ]
        },
        {
            "id": "wCHcfIgu0",
            "type": "RECTANGLE",
            "tags": [
                "empty"
            ],
            "boundingBox": {
                "height": 61.26605504587156,
                "width": 43.94694960212202,
                "left": 314.56763925729445,
                "top": 419.452121559633
            },
            "points": [
                {
                    "x": 314.56763925729445,
                    "y": 419.452121559633
                },
                {
                    "x": 358.51458885941645,
                    "y": 419.452121559633
                },
                {
                    "x": 358.51458885941645,
                    "y": 480.7181766055046
                },
                {
                    "x": 314.56763925729445,
                    "y": 480.7181766055046
                }
            ]
        },
        {
            "id": "LazsfrlxQ",
            "type": "RECTANGLE",
            "tags": [
                "empty"
            ],
            "boundingBox": {
                "height": 54.330275229357795,
                "width": 57.824933687002655,
                "left": 180.41379310344828,
                "top": 421.7640481651376
            },
            "points": [
                {
                    "x": 180.41379310344828,
                    "y": 421.7640481651376
                },
                {
                    "x": 238.23872679045093,
                    "y": 421.7640481651376
                },
                {
                    "x": 238.23872679045093,
                    "y": 476.0943233944954
                },
                {
                    "x": 180.41379310344828,
                    "y": 476.0943233944954
                }
            ]
        },
        {
            "id": "ndSSczLg9",
            "type": "RECTANGLE",
            "tags": [
                "empty"
            ],
            "boundingBox": {
                "height": 40.45871559633027,
                "width": 61.294429708222815,
                "left": 78.64190981432361,
                "top": 427.54386467889907
            },
            "points": [
                {
                    "x": 78.64190981432361,
                    "y": 427.54386467889907
                },
                {
                    "x": 139.93633952254643,
                    "y": 427.54386467889907
                },
                {
                    "x": 139.93633952254643,
                    "y": 468.0025802752293
                },
                {
                    "x": 78.64190981432361,
                    "y": 468.0025802752293
                }
            ]
        },
        {
            "id": "otB_Zu7L2",
            "type": "RECTANGLE",
            "tags": [
                "empty"
            ],
            "boundingBox": {
                "height": 39.30275229357798,
                "width": 57.824933687002655,
                "left": 42.790450928381965,
                "top": 428.69982798165137
            },
            "points": [
                {
                    "x": 42.790450928381965,
                    "y": 428.69982798165137
                },
                {
                    "x": 100.61538461538461,
                    "y": 428.69982798165137
                },
                {
                    "x": 100.61538461538461,
                    "y": 468.0025802752293
                },
                {
                    "x": 42.790450928381965,
                    "y": 468.0025802752293
                }
            ]
        },
        {
            "id": "Xo8H-ZHY5",
            "type": "RECTANGLE",
            "tags": [
                "empty"
            ],
            "boundingBox": {
                "height": 41.61467889908257,
                "width": 53.19893899204244,
                "left": 4.625994694960212,
                "top": 426.3879013761468
            },
            "points": [
                {
                    "x": 4.625994694960212,
                    "y": 426.3879013761468
                },
                {
                    "x": 57.824933687002655,
                    "y": 426.3879013761468
                },
                {
                    "x": 57.824933687002655,
                    "y": 468.0025802752293
                },
                {
                    "x": 4.625994694960212,
                    "y": 468.0025802752293
                }
            ]
        },
        {
            "id": "teJwC3Did",
            "type": "RECTANGLE",
            "tags": [
                "car"
            ],
            "boundingBox": {
                "height": 48.55045871559633,
                "width": 41.63395225464191,
                "left": 0,
                "top": 501.52551605504584
            },
            "points": [
                {
                    "x": 0,
                    "y": 501.52551605504584
                },
                {
                    "x": 41.63395225464191,
                    "y": 501.52551605504584
                },
                {
                    "x": 41.63395225464191,
                    "y": 550.0759747706422
                },
                {
                    "x": 0,
                    "y": 550.0759747706422
                }
            ]
        },
        {
            "id": "_XRXBgkk2",
            "type": "RECTANGLE",
            "tags": [
                "empty"
            ],
            "boundingBox": {
                "height": 19.65137614678899,
                "width": 30.06896551724138,
                "left": 407.0875331564987,
                "top": 323.50716743119267
            },
            "points": [
                {
                    "x": 407.0875331564987,
                    "y": 323.50716743119267
                },
                {
                    "x": 437.1564986737401,
                    "y": 323.50716743119267
                },
                {
                    "x": 437.1564986737401,
                    "y": 343.1585435779816
                },
                {
                    "x": 407.0875331564987,
                    "y": 343.1585435779816
                }
            ]
        },
        {
            "id": "Ugsn0TsxI",
            "type": "RECTANGLE",
            "tags": [
                "empty"
            ],
            "boundingBox": {
                "height": 28.899082568807337,
                "width": 40.47745358090186,
                "left": 373.54907161803715,
                "top": 321.1952408256881
            },
            "points": [
                {
                    "x": 373.54907161803715,
                    "y": 321.1952408256881
                },
                {
                    "x": 414.026525198939,
                    "y": 321.1952408256881
                },
                {
                    "x": 414.026525198939,
                    "y": 350.0943233944954
                },
                {
                    "x": 373.54907161803715,
                    "y": 350.0943233944954
                }
            ]
        },
        {
            "id": "l4twOMhGn",
            "type": "RECTANGLE",
            "tags": [
                "empty"
            ],
            "boundingBox": {
                "height": 42.77064220183486,
                "width": 26.59946949602122,
                "left": 473.0079575596817,
                "top": 310.7915711009174
            },
            "points": [
                {
                    "x": 473.0079575596817,
                    "y": 310.7915711009174
                },
                {
                    "x": 499.60742705570294,
                    "y": 310.7915711009174
                },
                {
                    "x": 499.60742705570294,
                    "y": 353.5622133027523
                },
                {
                    "x": 473.0079575596817,
                    "y": 353.5622133027523
                }
            ]
        },
        {
            "id": "r1J4YGBhb",
            "type": "RECTANGLE",
            "tags": [
                "empty"
            ],
            "boundingBox": {
                "height": 36.99082568807339,
                "width": 39.320954907161806,
                "left": 343.48010610079575,
                "top": 314.2594610091743
            },
            "points": [
                {
                    "x": 343.48010610079575,
                    "y": 314.2594610091743
                },
                {
                    "x": 382.80106100795757,
                    "y": 314.2594610091743
                },
                {
                    "x": 382.80106100795757,
                    "y": 351.2502866972477
                },
                {
                    "x": 343.48010610079575,
                    "y": 351.2502866972477
                }
            ]
        },
        {
            "id": "9rFN9tXRl",
            "type": "RECTANGLE",
            "tags": [
                "empty"
            ],
            "boundingBox": {
                "height": 33.522935779816514,
                "width": 33.53846153846154,
                "left": 315.7241379310345,
                "top": 316.5713876146789
            },
            "points": [
                {
                    "x": 315.7241379310345,
                    "y": 316.5713876146789
                },
                {
                    "x": 349.262599469496,
                    "y": 316.5713876146789
                },
                {
                    "x": 349.262599469496,
                    "y": 350.0943233944954
                },
                {
                    "x": 315.7241379310345,
                    "y": 350.0943233944954
                }
            ]
        },
        {
            "id": "DGgDJGCtN",
            "type": "RECTANGLE",
            "tags": [
                "empty"
            ],
            "boundingBox": {
                "height": 36.99082568807339,
                "width": 24.286472148541115,
                "left": 291.43766578249335,
                "top": 314.2594610091743
            },
            "points": [
                {
                    "x": 291.43766578249335,
                    "y": 314.2594610091743
                },
                {
                    "x": 315.7241379310345,
                    "y": 314.2594610091743
                },
                {
                    "x": 315.7241379310345,
                    "y": 351.2502866972477
                },
                {
                    "x": 291.43766578249335,
                    "y": 351.2502866972477
                }
            ]
        },
        {
            "id": "3e5RJh1RQ",
            "type": "RECTANGLE",
            "tags": [
                "empty"
            ],
            "boundingBox": {
                "height": 31.211009174311926,
                "width": 28.912466843501328,
                "left": 224.36074270557032,
                "top": 318.8833142201835
            },
            "points": [
                {
                    "x": 224.36074270557032,
                    "y": 318.8833142201835
                },
                {
                    "x": 253.27320954907162,
                    "y": 318.8833142201835
                },
                {
                    "x": 253.27320954907162,
                    "y": 350.0943233944954
                },
                {
                    "x": 224.36074270557032,
                    "y": 350.0943233944954
                }
            ]
        }
    ],
    "version": "2.2.0"
}