{
    "asset": {
        "format": "jpg",
        "id": "006626b48d508a2f7d786eb038057db7",
        "name": "Unknown_Kistler4.jpg",
        "path": "file:C:/Users/Conno/Desktop/Parking%20Oracle/Original%20Images/Unknown_Kistler4.jpg",
        "size": {
            "width": 1600,
            "height": 900
        },
        "state": 2,
        "type": 1
    },
    "regions": [
        {
            "id": "NLt2o3vsw",
            "type": "RECTANGLE",
            "tags": [
                "car"
            ],
            "boundingBox": {
                "height": 108.96226415094338,
                "width": 261.71529619805483,
                "left": 480.9902740937224,
                "top": 253.43455188679243
            },
            "points": [
                {
                    "x": 480.9902740937224,
                    "y": 253.43455188679243
                },
                {
                    "x": 742.7055702917772,
                    "y": 253.43455188679243
                },
                {
                    "x": 742.7055702917772,
                    "y": 362.39681603773585
                },
                {
                    "x": 480.9902740937224,
                    "y": 362.39681603773585
                }
            ]
        },
        {
            "id": "wjze0AO2L",
            "type": "RECTANGLE",
            "tags": [
                "car"
            ],
            "boundingBox": {
                "height": 199.52830188679243,
                "width": 557.3828470380195,
                "left": 1042.6171529619805,
                "top": 270.41568396226415
            },
            "points": [
                {
                    "x": 1042.6171529619805,
                    "y": 270.41568396226415
                },
                {
                    "x": 1600,
                    "y": 270.41568396226415
                },
                {
                    "x": 1600,
                    "y": 469.94398584905656
                },
                {
                    "x": 1042.6171529619805,
                    "y": 469.94398584905656
                }
            ]
        },
        {
            "id": "GkzC7u6u0",
            "type": "RECTANGLE",
            "tags": [
                "empty"
            ],
            "boundingBox": {
                "height": 150,
                "width": 680.4597701149426,
                "left": 919.5402298850576,
                "top": 465.69870283018867
            },
            "points": [
                {
                    "x": 919.5402298850576,
                    "y": 465.69870283018867
                },
                {
                    "x": 1600,
                    "y": 465.69870283018867
                },
                {
                    "x": 1600,
                    "y": 615.6987028301886
                },
                {
                    "x": 919.5402298850576,
                    "y": 615.6987028301886
                }
            ]
        },
        {
            "id": "TwLW4NJJi",
            "type": "RECTANGLE",
            "tags": [
                "empty"
            ],
            "boundingBox": {
                "height": 67.9245283018868,
                "width": 479.57559681697614,
                "left": 151.37046861184794,
                "top": 338.3402122641509
            },
            "points": [
                {
                    "x": 151.37046861184794,
                    "y": 338.3402122641509
                },
                {
                    "x": 630.9460654288241,
                    "y": 338.3402122641509
                },
                {
                    "x": 630.9460654288241,
                    "y": 406.2647405660377
                },
                {
                    "x": 151.37046861184794,
                    "y": 406.2647405660377
                }
            ]
        },
        {
            "id": "_kNRQWvof",
            "type": "RECTANGLE",
            "tags": [
                "empty"
            ],
            "boundingBox": {
                "height": 76.41509433962264,
                "width": 397.5243147656941,
                "left": 19.80548187444739,
                "top": 356.7364386792453
            },
            "points": [
                {
                    "x": 19.80548187444739,
                    "y": 356.7364386792453
                },
                {
                    "x": 417.32979664014147,
                    "y": 356.7364386792453
                },
                {
                    "x": 417.32979664014147,
                    "y": 433.1515330188679
                },
                {
                    "x": 19.80548187444739,
                    "y": 433.1515330188679
                }
            ]
        }
    ],
    "version": "2.2.0"
}