{
    "asset": {
        "format": "jpg",
        "id": "2b6e6c41b879fa0be159c72e54ee7a7d",
        "name": "Phoenix_Kistler.jpg",
        "path": "file:C:/Users/Conno/Desktop/Parking%20Oracle/Original%20Images/Phoenix_Kistler.jpg",
        "size": {
            "width": 550,
            "height": 413
        },
        "state": 2,
        "type": 1
    },
    "regions": [
        {
            "id": "OTOK_-wcK",
            "type": "RECTANGLE",
            "tags": [
                "car"
            ],
            "boundingBox": {
                "height": 86.39285714285714,
                "width": 212.30842911877394,
                "left": 18.72680196360153,
                "top": 125.375
            },
            "points": [
                {
                    "x": 18.72680196360153,
                    "y": 125.375
                },
                {
                    "x": 231.03523108237547,
                    "y": 125.375
                },
                {
                    "x": 231.03523108237547,
                    "y": 211.76785714285714
                },
                {
                    "x": 18.72680196360153,
                    "y": 211.76785714285714
                }
            ]
        },
        {
            "id": "Uw6-GHaga",
            "type": "RECTANGLE",
            "tags": [
                "car"
            ],
            "boundingBox": {
                "height": 62.6875,
                "width": 85.3448275862069,
                "left": 2.3953843390804597,
                "top": 124.84821428571429
            },
            "points": [
                {
                    "x": 2.3953843390804597,
                    "y": 124.84821428571429
                },
                {
                    "x": 87.74021192528735,
                    "y": 124.84821428571429
                },
                {
                    "x": 87.74021192528735,
                    "y": 187.53571428571428
                },
                {
                    "x": 2.3953843390804597,
                    "y": 187.53571428571428
                }
            ]
        },
        {
            "id": "3RZYdLMvb",
            "type": "RECTANGLE",
            "tags": [
                "car"
            ],
            "boundingBox": {
                "height": 50.57142857142857,
                "width": 114.3199233716475,
                "left": 403.8321659482759,
                "top": 124.32142857142857
            },
            "points": [
                {
                    "x": 403.8321659482759,
                    "y": 124.32142857142857
                },
                {
                    "x": 518.1520893199233,
                    "y": 124.32142857142857
                },
                {
                    "x": 518.1520893199233,
                    "y": 174.89285714285714
                },
                {
                    "x": 403.8321659482759,
                    "y": 174.89285714285714
                }
            ]
        },
        {
            "id": "LN1nC2vTK",
            "type": "RECTANGLE",
            "tags": [
                "car"
            ],
            "boundingBox": {
                "height": 52.151785714285715,
                "width": 39.22338960727969,
                "left": 510.77661039272033,
                "top": 133.80357142857144
            },
            "points": [
                {
                    "x": 510.77661039272033,
                    "y": 133.80357142857144
                },
                {
                    "x": 550,
                    "y": 133.80357142857144
                },
                {
                    "x": 550,
                    "y": 185.95535714285714
                },
                {
                    "x": 510.77661039272033,
                    "y": 185.95535714285714
                }
            ]
        },
        {
            "id": "Z5zR7FGui",
            "type": "RECTANGLE",
            "tags": [
                "car"
            ],
            "boundingBox": {
                "height": 43.723214285714285,
                "width": 95.88122605363985,
                "left": 323.2287176724138,
                "top": 122.74107142857143
            },
            "points": [
                {
                    "x": 323.2287176724138,
                    "y": 122.74107142857143
                },
                {
                    "x": 419.10994372605364,
                    "y": 122.74107142857143
                },
                {
                    "x": 419.10994372605364,
                    "y": 166.46428571428572
                },
                {
                    "x": 323.2287176724138,
                    "y": 166.46428571428572
                }
            ]
        },
        {
            "id": "oyCpRP8aF",
            "type": "RECTANGLE",
            "tags": [
                "car"
            ],
            "boundingBox": {
                "height": 34.24107142857143,
                "width": 64.272030651341,
                "left": 278.44902418582376,
                "top": 123.26785714285715
            },
            "points": [
                {
                    "x": 278.44902418582376,
                    "y": 123.26785714285715
                },
                {
                    "x": 342.72105483716473,
                    "y": 123.26785714285715
                },
                {
                    "x": 342.72105483716473,
                    "y": 157.50892857142858
                },
                {
                    "x": 278.44902418582376,
                    "y": 157.50892857142858
                }
            ]
        },
        {
            "id": "vFwfS7SEF",
            "type": "RECTANGLE",
            "tags": [
                "car"
            ],
            "boundingBox": {
                "height": 40.035714285714285,
                "width": 76.38888888888889,
                "left": 233.14251077586206,
                "top": 116.41964285714286
            },
            "points": [
                {
                    "x": 233.14251077586206,
                    "y": 116.41964285714286
                },
                {
                    "x": 309.53139966475095,
                    "y": 116.41964285714286
                },
                {
                    "x": 309.53139966475095,
                    "y": 156.45535714285714
                },
                {
                    "x": 233.14251077586206,
                    "y": 156.45535714285714
                }
            ]
        },
        {
            "id": "u5oqv4o-2",
            "type": "RECTANGLE",
            "tags": [
                "car"
            ],
            "boundingBox": {
                "height": 25.285714285714285,
                "width": 67.95977011494253,
                "left": 196.26511613984675,
                "top": 116.41964285714286
            },
            "points": [
                {
                    "x": 196.26511613984675,
                    "y": 116.41964285714286
                },
                {
                    "x": 264.2248862547893,
                    "y": 116.41964285714286
                },
                {
                    "x": 264.2248862547893,
                    "y": 141.70535714285714
                },
                {
                    "x": 196.26511613984675,
                    "y": 141.70535714285714
                }
            ]
        },
        {
            "id": "IH-WylngU",
            "type": "RECTANGLE",
            "tags": [
                "empty"
            ],
            "boundingBox": {
                "height": 130.11607142857153,
                "width": 444.3479106800766,
                "left": 23.46818127394636,
                "top": 198.0714285714286
            },
            "points": [
                {
                    "x": 23.46818127394636,
                    "y": 198.0714285714286
                },
                {
                    "x": 467.81609195402297,
                    "y": 198.0714285714286
                },
                {
                    "x": 467.81609195402297,
                    "y": 328.1875000000001
                },
                {
                    "x": 23.46818127394636,
                    "y": 328.1875000000001
                }
            ]
        }
    ],
    "version": "2.2.0"
}