{
    "asset": {
        "format": "PNG",
        "id": "39d0d9cab02ebb7e0e5a55ddd13f970a",
        "name": "Kwangmyong_Kistler1.PNG",
        "path": "file:C:/Users/Conno/Desktop/Parking%20Oracle/Original%20Images/Kwangmyong_Kistler1.PNG",
        "size": {
            "width": 1482,
            "height": 552
        },
        "state": 2,
        "type": 1
    },
    "regions": [
        {
            "id": "VzuhaOPPb",
            "type": "RECTANGLE",
            "tags": [
                "car"
            ],
            "boundingBox": {
                "height": 166.51781472684084,
                "width": 83.86206896551724,
                "left": 104.82758620689654,
                "top": 66.39815914489311
            },
            "points": [
                {
                    "x": 104.82758620689654,
                    "y": 66.39815914489311
                },
                {
                    "x": 188.68965517241378,
                    "y": 66.39815914489311
                },
                {
                    "x": 188.68965517241378,
                    "y": 232.91597387173397
                },
                {
                    "x": 104.82758620689654,
                    "y": 232.91597387173397
                }
            ]
        },
        {
            "id": "EMtphAOep",
            "type": "RECTANGLE",
            "tags": [
                "car"
            ],
            "boundingBox": {
                "height": 154.71733966745842,
                "width": 107.44827586206897,
                "left": 204.41379310344826,
                "top": 80.8209619952494
            },
            "points": [
                {
                    "x": 204.41379310344826,
                    "y": 80.8209619952494
                },
                {
                    "x": 311.8620689655172,
                    "y": 80.8209619952494
                },
                {
                    "x": 311.8620689655172,
                    "y": 235.53830166270782
                },
                {
                    "x": 204.41379310344826,
                    "y": 235.53830166270782
                }
            ]
        },
        {
            "id": "NgktjSBst",
            "type": "RECTANGLE",
            "tags": [
                "car"
            ],
            "boundingBox": {
                "height": 145.53919239904988,
                "width": 91.72413793103448,
                "left": 310.55172413793105,
                "top": 91.31027315914488
            },
            "points": [
                {
                    "x": 310.55172413793105,
                    "y": 91.31027315914488
                },
                {
                    "x": 402.2758620689655,
                    "y": 91.31027315914488
                },
                {
                    "x": 402.2758620689655,
                    "y": 236.84946555819477
                },
                {
                    "x": 310.55172413793105,
                    "y": 236.84946555819477
                }
            ]
        },
        {
            "id": "D4vPyajuv",
            "type": "RECTANGLE",
            "tags": [
                "car"
            ],
            "boundingBox": {
                "height": 165.2066508313539,
                "width": 94.34482758620689,
                "left": 404.8965517241379,
                "top": 89.99910926365796
            },
            "points": [
                {
                    "x": 404.8965517241379,
                    "y": 89.99910926365796
                },
                {
                    "x": 499.2413793103448,
                    "y": 89.99910926365796
                },
                {
                    "x": 499.2413793103448,
                    "y": 255.20576009501187
                },
                {
                    "x": 404.8965517241379,
                    "y": 255.20576009501187
                }
            ]
        },
        {
            "id": "jIXJOc-iZ",
            "type": "RECTANGLE",
            "tags": [
                "car"
            ],
            "boundingBox": {
                "height": 152.09501187648456,
                "width": 99.58620689655172,
                "left": 491.37931034482756,
                "top": 99.17725653206651
            },
            "points": [
                {
                    "x": 491.37931034482756,
                    "y": 99.17725653206651
                },
                {
                    "x": 590.9655172413793,
                    "y": 99.17725653206651
                },
                {
                    "x": 590.9655172413793,
                    "y": 251.27226840855104
                },
                {
                    "x": 491.37931034482756,
                    "y": 251.27226840855104
                }
            ]
        },
        {
            "id": "uQWI7PjW8",
            "type": "RECTANGLE",
            "tags": [
                "car"
            ],
            "boundingBox": {
                "height": 166.04661520190018,
                "width": 90.41379310344827,
                "left": 590.9655172413793,
                "top": 79.98099762470308
            },
            "points": [
                {
                    "x": 590.9655172413793,
                    "y": 79.98099762470308
                },
                {
                    "x": 681.3793103448276,
                    "y": 79.98099762470308
                },
                {
                    "x": 681.3793103448276,
                    "y": 246.02761282660327
                },
                {
                    "x": 590.9655172413793,
                    "y": 246.02761282660327
                }
            ]
        },
        {
            "id": "EiQy-PA6n",
            "type": "RECTANGLE",
            "tags": [
                "car"
            ],
            "boundingBox": {
                "height": 162.58432304038004,
                "width": 82.55172413793103,
                "left": 691.8620689655172,
                "top": 79.50979809976246
            },
            "points": [
                {
                    "x": 691.8620689655172,
                    "y": 79.50979809976246
                },
                {
                    "x": 774.4137931034483,
                    "y": 79.50979809976246
                },
                {
                    "x": 774.4137931034483,
                    "y": 242.0941211401425
                },
                {
                    "x": 691.8620689655172,
                    "y": 242.0941211401425
                }
            ]
        },
        {
            "id": "RwygQaKbH",
            "type": "RECTANGLE",
            "tags": [
                "car"
            ],
            "boundingBox": {
                "height": 159.9619952494061,
                "width": 83.86206896551724,
                "left": 877.9310344827586,
                "top": 97.86609263657955
            },
            "points": [
                {
                    "x": 877.9310344827586,
                    "y": 97.86609263657955
                },
                {
                    "x": 961.7931034482758,
                    "y": 97.86609263657955
                },
                {
                    "x": 961.7931034482758,
                    "y": 257.82808788598567
                },
                {
                    "x": 877.9310344827586,
                    "y": 257.82808788598567
                }
            ]
        },
        {
            "id": "Cp0jna_Rs",
            "type": "RECTANGLE",
            "tags": [
                "car"
            ],
            "boundingBox": {
                "height": 144.22802850356294,
                "width": 68.13793103448276,
                "left": 969.655172413793,
                "top": 108.35540380047506
            },
            "points": [
                {
                    "x": 969.655172413793,
                    "y": 108.35540380047506
                },
                {
                    "x": 1037.7931034482758,
                    "y": 108.35540380047506
                },
                {
                    "x": 1037.7931034482758,
                    "y": 252.58343230403798
                },
                {
                    "x": 969.655172413793,
                    "y": 252.58343230403798
                }
            ]
        },
        {
            "id": "aFy6w6bjy",
            "type": "RECTANGLE",
            "tags": [
                "car"
            ],
            "boundingBox": {
                "height": 163.89548693586698,
                "width": 99.58620689655172,
                "left": 1115.103448275862,
                "top": 112.28889548693586
            },
            "points": [
                {
                    "x": 1115.103448275862,
                    "y": 112.28889548693586
                },
                {
                    "x": 1214.6896551724137,
                    "y": 112.28889548693586
                },
                {
                    "x": 1214.6896551724137,
                    "y": 276.18438242280286
                },
                {
                    "x": 1115.103448275862,
                    "y": 276.18438242280286
                }
            ]
        },
        {
            "id": "ujhBDXM6I",
            "type": "RECTANGLE",
            "tags": [
                "car"
            ],
            "boundingBox": {
                "height": 95.71496437054631,
                "width": 149.3793103448276,
                "left": 0,
                "top": 276.18438242280286
            },
            "points": [
                {
                    "x": 0,
                    "y": 276.18438242280286
                },
                {
                    "x": 149.3793103448276,
                    "y": 276.18438242280286
                },
                {
                    "x": 149.3793103448276,
                    "y": 371.89934679334914
                },
                {
                    "x": 0,
                    "y": 371.89934679334914
                }
            ]
        },
        {
            "id": "KzhZyxgFV",
            "type": "RECTANGLE",
            "tags": [
                "empty"
            ],
            "boundingBox": {
                "height": 165.20665083135384,
                "width": 95.6551724137931,
                "left": 777.0344827586207,
                "top": 93.93260095011874
            },
            "points": [
                {
                    "x": 777.0344827586207,
                    "y": 93.93260095011874
                },
                {
                    "x": 872.6896551724137,
                    "y": 93.93260095011874
                },
                {
                    "x": 872.6896551724137,
                    "y": 259.1392517814726
                },
                {
                    "x": 777.0344827586207,
                    "y": 259.1392517814726
                }
            ]
        },
        {
            "id": "2xsruoWfa",
            "type": "RECTANGLE",
            "tags": [
                "empty"
            ],
            "boundingBox": {
                "height": 167.82897862232778,
                "width": 69.44827586206897,
                "left": 1043.0344827586207,
                "top": 120.15587885985748
            },
            "points": [
                {
                    "x": 1043.0344827586207,
                    "y": 120.15587885985748
                },
                {
                    "x": 1112.4827586206895,
                    "y": 120.15587885985748
                },
                {
                    "x": 1112.4827586206895,
                    "y": 287.98485748218525
                },
                {
                    "x": 1043.0344827586207,
                    "y": 287.98485748218525
                }
            ]
        },
        {
            "id": "8rRUN4ysr",
            "type": "RECTANGLE",
            "tags": [
                "empty"
            ],
            "boundingBox": {
                "height": 111.44893111638955,
                "width": 271.2413793103448,
                "left": 155.9310344827586,
                "top": 273.56205463182897
            },
            "points": [
                {
                    "x": 155.9310344827586,
                    "y": 273.56205463182897
                },
                {
                    "x": 427.17241379310343,
                    "y": 273.56205463182897
                },
                {
                    "x": 427.17241379310343,
                    "y": 385.0109857482185
                },
                {
                    "x": 155.9310344827586,
                    "y": 385.0109857482185
                }
            ]
        }
    ],
    "version": "2.2.0"
}