{
    "asset": {
        "format": "PNG",
        "id": "5e9bea20b65e499c623b94139ea0b4ac",
        "name": "Maebashi_Kistler1.PNG",
        "path": "file:C:/Users/Conno/Desktop/Parking%20Oracle/Original%20Images/Maebashi_Kistler1.PNG",
        "size": {
            "width": 718,
            "height": 496
        },
        "state": 2,
        "type": 1
    },
    "regions": [
        {
            "id": "WLaKjEcK5",
            "type": "RECTANGLE",
            "tags": [
                "car"
            ],
            "boundingBox": {
                "height": 100.34314980793853,
                "width": 160.6136162687887,
                "left": 340.90716180371356,
                "top": 87.42317541613316
            },
            "points": [
                {
                    "x": 340.90716180371356,
                    "y": 87.42317541613316
                },
                {
                    "x": 501.52077807250225,
                    "y": 87.42317541613316
                },
                {
                    "x": 501.52077807250225,
                    "y": 187.7663252240717
                },
                {
                    "x": 340.90716180371356,
                    "y": 187.7663252240717
                }
            ]
        },
        {
            "id": "1IEglS4-A",
            "type": "RECTANGLE",
            "tags": [
                "car"
            ],
            "boundingBox": {
                "height": 76.8450704225352,
                "width": 139.6640141467728,
                "left": 262.82228116710877,
                "top": 75.35659411011524
            },
            "points": [
                {
                    "x": 262.82228116710877,
                    "y": 75.35659411011524
                },
                {
                    "x": 402.48629531388156,
                    "y": 75.35659411011524
                },
                {
                    "x": 402.48629531388156,
                    "y": 152.20166453265043
                },
                {
                    "x": 262.82228116710877,
                    "y": 152.20166453265043
                }
            ]
        },
        {
            "id": "OGqu_EnAW",
            "type": "RECTANGLE",
            "tags": [
                "car"
            ],
            "boundingBox": {
                "height": 66.04865556978233,
                "width": 143.47303271441203,
                "left": 191.72060123784263,
                "top": 67.73559539052496
            },
            "points": [
                {
                    "x": 191.72060123784263,
                    "y": 67.73559539052496
                },
                {
                    "x": 335.1936339522547,
                    "y": 67.73559539052496
                },
                {
                    "x": 335.1936339522547,
                    "y": 133.7842509603073
                },
                {
                    "x": 191.72060123784263,
                    "y": 133.7842509603073
                }
            ]
        },
        {
            "id": "fHTFpNuMw",
            "type": "RECTANGLE",
            "tags": [
                "car"
            ],
            "boundingBox": {
                "height": 55.252240717029444,
                "width": 121.88859416445624,
                "left": 125.06277630415562,
                "top": 49.31818181818181
            },
            "points": [
                {
                    "x": 125.06277630415562,
                    "y": 49.31818181818181
                },
                {
                    "x": 246.95137046861186,
                    "y": 49.31818181818181
                },
                {
                    "x": 246.95137046861186,
                    "y": 104.57042253521126
                },
                {
                    "x": 125.06277630415562,
                    "y": 104.57042253521126
                }
            ]
        },
        {
            "id": "1iOm1hrXM",
            "type": "RECTANGLE",
            "tags": [
                "car"
            ],
            "boundingBox": {
                "height": 52.07682458386684,
                "width": 86.33775419982317,
                "left": 94.59062776304157,
                "top": 35.98143405889885
            },
            "points": [
                {
                    "x": 94.59062776304157,
                    "y": 35.98143405889885
                },
                {
                    "x": 180.92838196286473,
                    "y": 35.98143405889885
                },
                {
                    "x": 180.92838196286473,
                    "y": 88.05825864276568
                },
                {
                    "x": 94.59062776304157,
                    "y": 88.05825864276568
                }
            ]
        }
    ],
    "version": "2.2.0"
}