{
    "asset": {
        "format": "PNG",
        "id": "65711307883cb941b979e0b0a20b6497",
        "name": "Mobile_Kistler1.PNG",
        "path": "file:C:/Users/Conno/Desktop/Parking%20Oracle/Original%20Images/Mobile_Kistler1.PNG",
        "size": {
            "width": 1508,
            "height": 769
        },
        "state": 2,
        "type": 1
    },
    "regions": [
        {
            "id": "dnqC8_ngR",
            "type": "RECTANGLE",
            "tags": [
                "car"
            ],
            "boundingBox": {
                "height": 75.96707105719238,
                "width": 204,
                "left": 392,
                "top": 368.34033795493934
            },
            "points": [
                {
                    "x": 392,
                    "y": 368.34033795493934
                },
                {
                    "x": 596,
                    "y": 368.34033795493934
                },
                {
                    "x": 596,
                    "y": 444.30740901213176
                },
                {
                    "x": 392,
                    "y": 444.30740901213176
                }
            ]
        },
        {
            "id": "mThuRBIMb",
            "type": "RECTANGLE",
            "tags": [
                "car"
            ],
            "boundingBox": {
                "height": 73.30155979202773,
                "width": 170.66666666666666,
                "left": 540,
                "top": 357.6782928942808
            },
            "points": [
                {
                    "x": 540,
                    "y": 357.6782928942808
                },
                {
                    "x": 710.6666666666666,
                    "y": 357.6782928942808
                },
                {
                    "x": 710.6666666666666,
                    "y": 430.9798526863085
                },
                {
                    "x": 540,
                    "y": 430.9798526863085
                }
            ]
        },
        {
            "id": "y8Pr8tC7U",
            "type": "RECTANGLE",
            "tags": [
                "car"
            ],
            "boundingBox": {
                "height": 73.30155979202773,
                "width": 193.33333333333331,
                "left": 650.6666666666666,
                "top": 340.3524696707106
            },
            "points": [
                {
                    "x": 650.6666666666666,
                    "y": 340.3524696707106
                },
                {
                    "x": 844,
                    "y": 340.3524696707106
                },
                {
                    "x": 844,
                    "y": 413.6540294627383
                },
                {
                    "x": 650.6666666666666,
                    "y": 413.6540294627383
                }
            ]
        },
        {
            "id": "g9Smb7wPN",
            "type": "RECTANGLE",
            "tags": [
                "car"
            ],
            "boundingBox": {
                "height": 53.310225303292896,
                "width": 174.66666666666666,
                "left": 765.3333333333333,
                "top": 345.6834922010399
            },
            "points": [
                {
                    "x": 765.3333333333333,
                    "y": 345.6834922010399
                },
                {
                    "x": 940,
                    "y": 345.6834922010399
                },
                {
                    "x": 940,
                    "y": 398.9937175043328
                },
                {
                    "x": 765.3333333333333,
                    "y": 398.9937175043328
                }
            ]
        },
        {
            "id": "PS-EZzKmM",
            "type": "RECTANGLE",
            "tags": [
                "car"
            ],
            "boundingBox": {
                "height": 70.13626516464468,
                "width": 188,
                "left": 878.6666666666666,
                "top": 331.0231802426344
            },
            "points": [
                {
                    "x": 878.6666666666666,
                    "y": 331.0231802426344
                },
                {
                    "x": 1066.6666666666665,
                    "y": 331.0231802426344
                },
                {
                    "x": 1066.6666666666665,
                    "y": 401.15944540727907
                },
                {
                    "x": 878.6666666666666,
                    "y": 401.15944540727907
                }
            ]
        },
        {
            "id": "PCDqS7xpM",
            "type": "RECTANGLE",
            "tags": [
                "car"
            ],
            "boundingBox": {
                "height": 63.97227036395148,
                "width": 145.33333333333331,
                "left": 998.6666666666666,
                "top": 323.0266464471404
            },
            "points": [
                {
                    "x": 998.6666666666666,
                    "y": 323.0266464471404
                },
                {
                    "x": 1144,
                    "y": 323.0266464471404
                },
                {
                    "x": 1144,
                    "y": 386.9989168110919
                },
                {
                    "x": 998.6666666666666,
                    "y": 386.9989168110919
                }
            ]
        },
        {
            "id": "OC55wHkJu",
            "type": "RECTANGLE",
            "tags": [
                "car"
            ],
            "boundingBox": {
                "height": 81.29809358752166,
                "width": 221.33333333333331,
                "left": 1072,
                "top": 299.0370450606586
            },
            "points": [
                {
                    "x": 1072,
                    "y": 299.0370450606586
                },
                {
                    "x": 1293.3333333333333,
                    "y": 299.0370450606586
                },
                {
                    "x": 1293.3333333333333,
                    "y": 380.33513864818025
                },
                {
                    "x": 1072,
                    "y": 380.33513864818025
                }
            ]
        },
        {
            "id": "2u1VtPynf",
            "type": "RECTANGLE",
            "tags": [
                "car"
            ],
            "boundingBox": {
                "height": 62.639514731369154,
                "width": 173.33333333333331,
                "left": 1225.3333333333333,
                "top": 295.0387781629116
            },
            "points": [
                {
                    "x": 1225.3333333333333,
                    "y": 295.0387781629116
                },
                {
                    "x": 1398.6666666666665,
                    "y": 295.0387781629116
                },
                {
                    "x": 1398.6666666666665,
                    "y": 357.6782928942808
                },
                {
                    "x": 1225.3333333333333,
                    "y": 357.6782928942808
                }
            ]
        },
        {
            "id": "woLAzZGCU",
            "type": "RECTANGLE",
            "tags": [
                "empty"
            ],
            "boundingBox": {
                "height": 53.310225303292896,
                "width": 141.33333333333331,
                "left": 1346.6666666666665,
                "top": 308.3663344887349
            },
            "points": [
                {
                    "x": 1346.6666666666665,
                    "y": 308.3663344887349
                },
                {
                    "x": 1488,
                    "y": 308.3663344887349
                },
                {
                    "x": 1488,
                    "y": 361.6765597920278
                },
                {
                    "x": 1346.6666666666665,
                    "y": 361.6765597920278
                }
            ]
        },
        {
            "id": "oauTXUt7H",
            "type": "RECTANGLE",
            "tags": [
                "car"
            ],
            "boundingBox": {
                "height": 62.639514731369154,
                "width": 93.33333333333333,
                "left": 1401.3333333333333,
                "top": 269.7164211438475
            },
            "points": [
                {
                    "x": 1401.3333333333333,
                    "y": 269.7164211438475
                },
                {
                    "x": 1494.6666666666665,
                    "y": 269.7164211438475
                },
                {
                    "x": 1494.6666666666665,
                    "y": 332.35593587521663
                },
                {
                    "x": 1401.3333333333333,
                    "y": 332.35593587521663
                }
            ]
        },
        {
            "id": "NBchoGpIL",
            "type": "RECTANGLE",
            "tags": [
                "car"
            ],
            "boundingBox": {
                "height": 123.94627383015599,
                "width": 102.66666666666666,
                "left": 1378.6666666666665,
                "top": 381.6678942807626
            },
            "points": [
                {
                    "x": 1378.6666666666665,
                    "y": 381.6678942807626
                },
                {
                    "x": 1481.3333333333333,
                    "y": 381.6678942807626
                },
                {
                    "x": 1481.3333333333333,
                    "y": 505.61416811091857
                },
                {
                    "x": 1378.6666666666665,
                    "y": 505.61416811091857
                }
            ]
        },
        {
            "id": "7uC_OOcju",
            "type": "RECTANGLE",
            "tags": [
                "car"
            ],
            "boundingBox": {
                "height": 121.28076256499133,
                "width": 93.33333333333333,
                "left": 1256,
                "top": 388.3316724436742
            },
            "points": [
                {
                    "x": 1256,
                    "y": 388.3316724436742
                },
                {
                    "x": 1349.3333333333333,
                    "y": 388.3316724436742
                },
                {
                    "x": 1349.3333333333333,
                    "y": 509.61243500866556
                },
                {
                    "x": 1256,
                    "y": 509.61243500866556
                }
            ]
        },
        {
            "id": "ZGdJt8ZwJ",
            "type": "RECTANGLE",
            "tags": [
                "car"
            ],
            "boundingBox": {
                "height": 135.94107452339688,
                "width": 132,
                "left": 1090.6666666666665,
                "top": 397.66096187175043
            },
            "points": [
                {
                    "x": 1090.6666666666665,
                    "y": 397.66096187175043
                },
                {
                    "x": 1222.6666666666665,
                    "y": 397.66096187175043
                },
                {
                    "x": 1222.6666666666665,
                    "y": 533.6020363951474
                },
                {
                    "x": 1090.6666666666665,
                    "y": 533.6020363951474
                }
            ]
        },
        {
            "id": "09KgcwqV4",
            "type": "RECTANGLE",
            "tags": [
                "car"
            ],
            "boundingBox": {
                "height": 142.6048526863085,
                "width": 146.66666666666666,
                "left": 933.3333333333333,
                "top": 400.3264731369151
            },
            "points": [
                {
                    "x": 933.3333333333333,
                    "y": 400.3264731369151
                },
                {
                    "x": 1080,
                    "y": 400.3264731369151
                },
                {
                    "x": 1080,
                    "y": 542.9313258232236
                },
                {
                    "x": 933.3333333333333,
                    "y": 542.9313258232236
                }
            ]
        },
        {
            "id": "DEs9q9bVc",
            "type": "RECTANGLE",
            "tags": [
                "car"
            ],
            "boundingBox": {
                "height": 139.43955805892548,
                "width": 197.33333333333331,
                "left": 772,
                "top": 430.9798526863085
            },
            "points": [
                {
                    "x": 772,
                    "y": 430.9798526863085
                },
                {
                    "x": 969.3333333333333,
                    "y": 430.9798526863085
                },
                {
                    "x": 969.3333333333333,
                    "y": 570.419410745234
                },
                {
                    "x": 772,
                    "y": 570.419410745234
                }
            ]
        },
        {
            "id": "lcqWc9nqF",
            "type": "RECTANGLE",
            "tags": [
                "car"
            ],
            "boundingBox": {
                "height": 161.263431542461,
                "width": 226.66666666666666,
                "left": 408,
                "top": 465.6314991334489
            },
            "points": [
                {
                    "x": 408,
                    "y": 465.6314991334489
                },
                {
                    "x": 634.6666666666666,
                    "y": 465.6314991334489
                },
                {
                    "x": 634.6666666666666,
                    "y": 626.8949306759099
                },
                {
                    "x": 408,
                    "y": 626.8949306759099
                }
            ]
        },
        {
            "id": "Jz6wF8_ta",
            "type": "RECTANGLE",
            "tags": [
                "car"
            ],
            "boundingBox": {
                "height": 159.9306759098787,
                "width": 212,
                "left": 608,
                "top": 429.1473136915078
            },
            "points": [
                {
                    "x": 608,
                    "y": 429.1473136915078
                },
                {
                    "x": 820,
                    "y": 429.1473136915078
                },
                {
                    "x": 820,
                    "y": 589.0779896013865
                },
                {
                    "x": 608,
                    "y": 589.0779896013865
                }
            ]
        },
        {
            "id": "mSc0LAtAf",
            "type": "RECTANGLE",
            "tags": [
                "car"
            ],
            "boundingBox": {
                "height": 187.91854419410745,
                "width": 220,
                "left": 954.6666666666666,
                "top": 546.9295927209706
            },
            "points": [
                {
                    "x": 954.6666666666666,
                    "y": 546.9295927209706
                },
                {
                    "x": 1174.6666666666665,
                    "y": 546.9295927209706
                },
                {
                    "x": 1174.6666666666665,
                    "y": 734.848136915078
                },
                {
                    "x": 954.6666666666666,
                    "y": 734.848136915078
                }
            ]
        },
        {
            "id": "TgqX7oO7k",
            "type": "RECTANGLE",
            "tags": [
                "car"
            ],
            "boundingBox": {
                "height": 186.58578856152513,
                "width": 164,
                "left": 1154.6666666666665,
                "top": 564.2554159445408
            },
            "points": [
                {
                    "x": 1154.6666666666665,
                    "y": 564.2554159445408
                },
                {
                    "x": 1318.6666666666665,
                    "y": 564.2554159445408
                },
                {
                    "x": 1318.6666666666665,
                    "y": 750.8412045060659
                },
                {
                    "x": 1154.6666666666665,
                    "y": 750.8412045060659
                }
            ]
        },
        {
            "id": "j_A__5a17",
            "type": "RECTANGLE",
            "tags": [
                "car"
            ],
            "boundingBox": {
                "height": 222.57019064124785,
                "width": 148,
                "left": 1337.3333333333333,
                "top": 505.61416811091857
            },
            "points": [
                {
                    "x": 1337.3333333333333,
                    "y": 505.61416811091857
                },
                {
                    "x": 1485.3333333333333,
                    "y": 505.61416811091857
                },
                {
                    "x": 1485.3333333333333,
                    "y": 728.1843587521664
                },
                {
                    "x": 1337.3333333333333,
                    "y": 728.1843587521664
                }
            ]
        },
        {
            "id": "GGoNgQtfA",
            "type": "RECTANGLE",
            "tags": [
                "car"
            ],
            "boundingBox": {
                "height": 166.5944540727903,
                "width": 188,
                "left": 456,
                "top": 601.5725736568457
            },
            "points": [
                {
                    "x": 456,
                    "y": 601.5725736568457
                },
                {
                    "x": 644,
                    "y": 601.5725736568457
                },
                {
                    "x": 644,
                    "y": 768.1670277296361
                },
                {
                    "x": 456,
                    "y": 768.1670277296361
                }
            ]
        },
        {
            "id": "a1khnWS2u",
            "type": "RECTANGLE",
            "tags": [
                "car"
            ],
            "boundingBox": {
                "height": 109.28596187175044,
                "width": 184,
                "left": 794.6666666666666,
                "top": 562.9226603119585
            },
            "points": [
                {
                    "x": 794.6666666666666,
                    "y": 562.9226603119585
                },
                {
                    "x": 978.6666666666666,
                    "y": 562.9226603119585
                },
                {
                    "x": 978.6666666666666,
                    "y": 672.2086221837088
                },
                {
                    "x": 794.6666666666666,
                    "y": 672.2086221837088
                }
            ]
        },
        {
            "id": "tdEPAogJ0",
            "type": "RECTANGLE",
            "tags": [
                "empty"
            ],
            "boundingBox": {
                "height": 151.93414211438477,
                "width": 288,
                "left": 165.33333333333331,
                "top": 516.2762131715772
            },
            "points": [
                {
                    "x": 165.33333333333331,
                    "y": 516.2762131715772
                },
                {
                    "x": 453.3333333333333,
                    "y": 516.2762131715772
                },
                {
                    "x": 453.3333333333333,
                    "y": 668.2103552859619
                },
                {
                    "x": 165.33333333333331,
                    "y": 668.2103552859619
                }
            ]
        },
        {
            "id": "YgNKPVnmI",
            "type": "RECTANGLE",
            "tags": [
                "empty"
            ],
            "boundingBox": {
                "height": 67.13756499133457,
                "width": 256,
                "left": 244,
                "top": 411.8214904679376
            },
            "points": [
                {
                    "x": 244,
                    "y": 411.8214904679376
                },
                {
                    "x": 500,
                    "y": 411.8214904679376
                },
                {
                    "x": 500,
                    "y": 478.9590554592722
                },
                {
                    "x": 244,
                    "y": 478.9590554592722
                }
            ]
        },
        {
            "id": "v8OcjoHPf",
            "type": "RECTANGLE",
            "tags": [
                "empty"
            ],
            "boundingBox": {
                "height": 55.97573656845754,
                "width": 242.66666666666666,
                "left": 130.66666666666666,
                "top": 438.9763864818025
            },
            "points": [
                {
                    "x": 130.66666666666666,
                    "y": 438.9763864818025
                },
                {
                    "x": 373.3333333333333,
                    "y": 438.9763864818025
                },
                {
                    "x": 373.3333333333333,
                    "y": 494.95212305026
                },
                {
                    "x": 130.66666666666666,
                    "y": 494.95212305026
                }
            ]
        },
        {
            "id": "Nop40gKt0",
            "type": "RECTANGLE",
            "tags": [
                "empty"
            ],
            "boundingBox": {
                "height": 97.29116117850954,
                "width": 310.66666666666663,
                "left": 136,
                "top": 670.8758665511266
            },
            "points": [
                {
                    "x": 136,
                    "y": 670.8758665511266
                },
                {
                    "x": 446.66666666666663,
                    "y": 670.8758665511266
                },
                {
                    "x": 446.66666666666663,
                    "y": 768.1670277296361
                },
                {
                    "x": 136,
                    "y": 768.1670277296361
                }
            ]
        }
    ],
    "version": "2.2.0"
}