{
    "asset": {
        "format": "jpg",
        "id": "65d51e66ad2f2563bdc324ebff8f7827",
        "name": "Syracuse_Kistler.jpg",
        "path": "file:C:/Users/Conno/Desktop/Parking%20Oracle/Original%20Images/Syracuse_Kistler.jpg",
        "size": {
            "width": 1632,
            "height": 1224
        },
        "state": 2,
        "type": 1
    },
    "regions": [
        {
            "id": "_lCrKO6YK",
            "type": "RECTANGLE",
            "tags": [
                "empty"
            ],
            "boundingBox": {
                "height": 527.6938775510205,
                "width": 827.7129186602871,
                "left": 450.0444976076554,
                "top": 608.8775510204082
            },
            "points": [
                {
                    "x": 450.0444976076554,
                    "y": 608.8775510204082
                },
                {
                    "x": 1277.7574162679423,
                    "y": 608.8775510204082
                },
                {
                    "x": 1277.7574162679423,
                    "y": 1136.5714285714287
                },
                {
                    "x": 450.0444976076554,
                    "y": 1136.5714285714287
                }
            ]
        },
        {
            "id": "ev2ppDD52",
            "type": "RECTANGLE",
            "tags": [
                "empty"
            ],
            "boundingBox": {
                "height": 546.4285714285714,
                "width": 587.2076555023923,
                "left": 4.953588516746411,
                "top": 576.0918367346939
            },
            "points": [
                {
                    "x": 4.953588516746411,
                    "y": 576.0918367346939
                },
                {
                    "x": 592.1612440191387,
                    "y": 576.0918367346939
                },
                {
                    "x": 592.1612440191387,
                    "y": 1122.5204081632653
                },
                {
                    "x": 4.953588516746411,
                    "y": 1122.5204081632653
                }
            ]
        },
        {
            "id": "6b9B8SxTa",
            "type": "RECTANGLE",
            "tags": [
                "empty"
            ],
            "boundingBox": {
                "height": 485.54081632653066,
                "width": 502.87464114832534,
                "left": 1126.2703349282297,
                "top": 626.0510204081633
            },
            "points": [
                {
                    "x": 1126.2703349282297,
                    "y": 626.0510204081633
                },
                {
                    "x": 1629.144976076555,
                    "y": 626.0510204081633
                },
                {
                    "x": 1629.144976076555,
                    "y": 1111.591836734694
                },
                {
                    "x": 1126.2703349282297,
                    "y": 1111.591836734694
                }
            ]
        },
        {
            "id": "I4KjrPC3C",
            "type": "RECTANGLE",
            "tags": [
                "empty"
            ],
            "boundingBox": {
                "height": 68.6938775510204,
                "width": 210.83253588516746,
                "left": 768.635885167464,
                "top": 409.0408163265306
            },
            "points": [
                {
                    "x": 768.635885167464,
                    "y": 409.0408163265306
                },
                {
                    "x": 979.4684210526315,
                    "y": 409.0408163265306
                },
                {
                    "x": 979.4684210526315,
                    "y": 477.734693877551
                },
                {
                    "x": 768.635885167464,
                    "y": 477.734693877551
                }
            ]
        },
        {
            "id": "u5oXAvO3S",
            "type": "RECTANGLE",
            "tags": [
                "empty"
            ],
            "boundingBox": {
                "height": 70.25510204081633,
                "width": 248.3138755980861,
                "left": 962.2894736842104,
                "top": 401.234693877551
            },
            "points": [
                {
                    "x": 962.2894736842104,
                    "y": 401.234693877551
                },
                {
                    "x": 1210.6033492822967,
                    "y": 401.234693877551
                },
                {
                    "x": 1210.6033492822967,
                    "y": 471.48979591836735
                },
                {
                    "x": 962.2894736842104,
                    "y": 471.48979591836735
                }
            ]
        },
        {
            "id": "4IibwhhA0",
            "type": "RECTANGLE",
            "tags": [
                "empty"
            ],
            "boundingBox": {
                "height": 65.57142857142857,
                "width": 265.49282296650716,
                "left": 1143.4492822966506,
                "top": 404.3571428571429
            },
            "points": [
                {
                    "x": 1143.4492822966506,
                    "y": 404.3571428571429
                },
                {
                    "x": 1408.9421052631578,
                    "y": 404.3571428571429
                },
                {
                    "x": 1408.9421052631578,
                    "y": 469.92857142857144
                },
                {
                    "x": 1143.4492822966506,
                    "y": 469.92857142857144
                }
            ]
        },
        {
            "id": "GyOWaeic2",
            "type": "RECTANGLE",
            "tags": [
                "empty"
            ],
            "boundingBox": {
                "height": 59.3265306122449,
                "width": 259.245933014354,
                "left": 1340.2263157894736,
                "top": 405.9183673469388
            },
            "points": [
                {
                    "x": 1340.2263157894736,
                    "y": 405.9183673469388
                },
                {
                    "x": 1599.4722488038276,
                    "y": 405.9183673469388
                },
                {
                    "x": 1599.4722488038276,
                    "y": 465.2448979591837
                },
                {
                    "x": 1340.2263157894736,
                    "y": 465.2448979591837
                }
            ]
        },
        {
            "id": "9cTCz1Iih",
            "type": "RECTANGLE",
            "tags": [
                "empty"
            ],
            "boundingBox": {
                "height": 57.76530612244898,
                "width": 235.82009569377988,
                "left": 549.9947368421052,
                "top": 407.4795918367347
            },
            "points": [
                {
                    "x": 549.9947368421052,
                    "y": 407.4795918367347
                },
                {
                    "x": 785.8148325358851,
                    "y": 407.4795918367347
                },
                {
                    "x": 785.8148325358851,
                    "y": 465.2448979591837
                },
                {
                    "x": 549.9947368421052,
                    "y": 465.2448979591837
                }
            ]
        },
        {
            "id": "0C7u5XdP0",
            "type": "RECTANGLE",
            "tags": [
                "empty"
            ],
            "boundingBox": {
                "height": 62.44897959183674,
                "width": 267.05454545454546,
                "left": 312.61291866028705,
                "top": 407.4795918367347
            },
            "points": [
                {
                    "x": 312.61291866028705,
                    "y": 407.4795918367347
                },
                {
                    "x": 579.6674641148325,
                    "y": 407.4795918367347
                },
                {
                    "x": 579.6674641148325,
                    "y": 469.92857142857144
                },
                {
                    "x": 312.61291866028705,
                    "y": 469.92857142857144
                }
            ]
        },
        {
            "id": "oX2SyxKMs",
            "type": "RECTANGLE",
            "tags": [
                "empty"
            ],
            "boundingBox": {
                "height": 65.57142857142857,
                "width": 282.6717703349282,
                "left": 106.46555023923445,
                "top": 405.9183673469388
            },
            "points": [
                {
                    "x": 106.46555023923445,
                    "y": 405.9183673469388
                },
                {
                    "x": 389.13732057416263,
                    "y": 405.9183673469388
                },
                {
                    "x": 389.13732057416263,
                    "y": 471.48979591836735
                },
                {
                    "x": 106.46555023923445,
                    "y": 471.48979591836735
                }
            ]
        },
        {
            "id": "HgIAyyd4p",
            "type": "RECTANGLE",
            "tags": [
                "empty"
            ],
            "boundingBox": {
                "height": 54.642857142857146,
                "width": 232.69665071770333,
                "left": 1.8301435406698563,
                "top": 398.1122448979592
            },
            "points": [
                {
                    "x": 1.8301435406698563,
                    "y": 398.1122448979592
                },
                {
                    "x": 234.5267942583732,
                    "y": 398.1122448979592
                },
                {
                    "x": 234.5267942583732,
                    "y": 452.7551020408163
                },
                {
                    "x": 1.8301435406698563,
                    "y": 452.7551020408163
                }
            ]
        },
        {
            "id": "78-TTOmjo",
            "type": "RECTANGLE",
            "tags": [
                "empty"
            ],
            "boundingBox": {
                "height": 21.857142857142858,
                "width": 120.25263157894736,
                "left": 792.0617224880382,
                "top": 359.08163265306126
            },
            "points": [
                {
                    "x": 792.0617224880382,
                    "y": 359.08163265306126
                },
                {
                    "x": 912.3143540669856,
                    "y": 359.08163265306126
                },
                {
                    "x": 912.3143540669856,
                    "y": 380.9387755102041
                },
                {
                    "x": 792.0617224880382,
                    "y": 380.9387755102041
                }
            ]
        },
        {
            "id": "IM3euRUrh",
            "type": "RECTANGLE",
            "tags": [
                "empty"
            ],
            "boundingBox": {
                "height": 24.979591836734695,
                "width": 140.55502392344496,
                "left": 1018.5114832535885,
                "top": 355.9591836734694
            },
            "points": [
                {
                    "x": 1018.5114832535885,
                    "y": 355.9591836734694
                },
                {
                    "x": 1159.0665071770334,
                    "y": 355.9591836734694
                },
                {
                    "x": 1159.0665071770334,
                    "y": 380.9387755102041
                },
                {
                    "x": 1018.5114832535885,
                    "y": 380.9387755102041
                }
            ]
        },
        {
            "id": "Qvf1wgaEW",
            "type": "RECTANGLE",
            "tags": [
                "empty"
            ],
            "boundingBox": {
                "height": 29.66326530612245,
                "width": 106.19712918660287,
                "left": 918.5612440191387,
                "top": 354.3979591836735
            },
            "points": [
                {
                    "x": 918.5612440191387,
                    "y": 354.3979591836735
                },
                {
                    "x": 1024.7583732057415,
                    "y": 354.3979591836735
                },
                {
                    "x": 1024.7583732057415,
                    "y": 384.06122448979596
                },
                {
                    "x": 918.5612440191387,
                    "y": 384.06122448979596
                }
            ]
        },
        {
            "id": "s0YjVdZqf",
            "type": "RECTANGLE",
            "tags": [
                "empty"
            ],
            "boundingBox": {
                "height": 17.1734693877551,
                "width": 160.85741626794257,
                "left": 1124.7086124401912,
                "top": 355.9591836734694
            },
            "points": [
                {
                    "x": 1124.7086124401912,
                    "y": 355.9591836734694
                },
                {
                    "x": 1285.566028708134,
                    "y": 355.9591836734694
                },
                {
                    "x": 1285.566028708134,
                    "y": 373.1326530612245
                },
                {
                    "x": 1124.7086124401912,
                    "y": 373.1326530612245
                }
            ]
        },
        {
            "id": "KzAo6F6QE",
            "type": "RECTANGLE",
            "tags": [
                "empty"
            ],
            "boundingBox": {
                "height": 18.73469387755102,
                "width": 143.67846889952153,
                "left": 1273.0722488038277,
                "top": 355.9591836734694
            },
            "points": [
                {
                    "x": 1273.0722488038277,
                    "y": 355.9591836734694
                },
                {
                    "x": 1416.7507177033492,
                    "y": 355.9591836734694
                },
                {
                    "x": 1416.7507177033492,
                    "y": 374.6938775510204
                },
                {
                    "x": 1273.0722488038277,
                    "y": 374.6938775510204
                }
            ]
        },
        {
            "id": "2ojjKZTYY",
            "type": "RECTANGLE",
            "tags": [
                "empty"
            ],
            "boundingBox": {
                "height": 21.857142857142858,
                "width": 163.98086124401914,
                "left": 1380.831100478469,
                "top": 355.9591836734694
            },
            "points": [
                {
                    "x": 1380.831100478469,
                    "y": 355.9591836734694
                },
                {
                    "x": 1544.811961722488,
                    "y": 355.9591836734694
                },
                {
                    "x": 1544.811961722488,
                    "y": 377.8163265306123
                },
                {
                    "x": 1380.831100478469,
                    "y": 377.8163265306123
                }
            ]
        },
        {
            "id": "FJmarZSuP",
            "type": "RECTANGLE",
            "tags": [
                "empty"
            ],
            "boundingBox": {
                "height": 23.418367346938776,
                "width": 138.9933014354067,
                "left": 657.7535885167464,
                "top": 352.8367346938776
            },
            "points": [
                {
                    "x": 657.7535885167464,
                    "y": 352.8367346938776
                },
                {
                    "x": 796.7468899521531,
                    "y": 352.8367346938776
                },
                {
                    "x": 796.7468899521531,
                    "y": 376.2551020408163
                },
                {
                    "x": 657.7535885167464,
                    "y": 376.2551020408163
                }
            ]
        },
        {
            "id": "MG4NxVF3X",
            "type": "RECTANGLE",
            "tags": [
                "empty"
            ],
            "boundingBox": {
                "height": 24.979591836734695,
                "width": 159.2956937799043,
                "left": 537.5009569377991,
                "top": 349.7142857142857
            },
            "points": [
                {
                    "x": 537.5009569377991,
                    "y": 349.7142857142857
                },
                {
                    "x": 696.7966507177033,
                    "y": 349.7142857142857
                },
                {
                    "x": 696.7966507177033,
                    "y": 374.6938775510204
                },
                {
                    "x": 537.5009569377991,
                    "y": 374.6938775510204
                }
            ]
        },
        {
            "id": "3m9uFHr24",
            "type": "RECTANGLE",
            "tags": [
                "empty"
            ],
            "boundingBox": {
                "height": 26.540816326530614,
                "width": 162.41913875598084,
                "left": 414.1248803827751,
                "top": 352.8367346938776
            },
            "points": [
                {
                    "x": 414.1248803827751,
                    "y": 352.8367346938776
                },
                {
                    "x": 576.544019138756,
                    "y": 352.8367346938776
                },
                {
                    "x": 576.544019138756,
                    "y": 379.3775510204082
                },
                {
                    "x": 414.1248803827751,
                    "y": 379.3775510204082
                }
            ]
        },
        {
            "id": "j58cPDjyP",
            "type": "RECTANGLE",
            "tags": [
                "empty"
            ],
            "boundingBox": {
                "height": 28.102040816326532,
                "width": 171.78947368421052,
                "left": 282.94019138755976,
                "top": 348.1530612244898
            },
            "points": [
                {
                    "x": 282.94019138755976,
                    "y": 348.1530612244898
                },
                {
                    "x": 454.7296650717703,
                    "y": 348.1530612244898
                },
                {
                    "x": 454.7296650717703,
                    "y": 376.2551020408163
                },
                {
                    "x": 282.94019138755976,
                    "y": 376.2551020408163
                }
            ]
        },
        {
            "id": "yUkyVwf3Z",
            "type": "RECTANGLE",
            "tags": [
                "empty"
            ],
            "boundingBox": {
                "height": 20.29591836734694,
                "width": 173.3511961722488,
                "left": 154.87894736842105,
                "top": 351.2755102040816
            },
            "points": [
                {
                    "x": 154.87894736842105,
                    "y": 351.2755102040816
                },
                {
                    "x": 328.2301435406698,
                    "y": 351.2755102040816
                },
                {
                    "x": 328.2301435406698,
                    "y": 371.5714285714286
                },
                {
                    "x": 154.87894736842105,
                    "y": 371.5714285714286
                }
            ]
        },
        {
            "id": "8YgprDxK_",
            "type": "RECTANGLE",
            "tags": [
                "empty"
            ],
            "boundingBox": {
                "height": 24.979591836734695,
                "width": 201.46220095693778,
                "left": 25.255980861244016,
                "top": 351.2755102040816
            },
            "points": [
                {
                    "x": 25.255980861244016,
                    "y": 351.2755102040816
                },
                {
                    "x": 226.7181818181818,
                    "y": 351.2755102040816
                },
                {
                    "x": 226.7181818181818,
                    "y": 376.2551020408163
                },
                {
                    "x": 25.255980861244016,
                    "y": 376.2551020408163
                }
            ]
        },
        {
            "id": "ojvF6LI9A",
            "type": "RECTANGLE",
            "tags": [
                "empty"
            ],
            "boundingBox": {
                "height": 15.612244897959185,
                "width": 151.48708133971292,
                "left": 1260.5784688995213,
                "top": 334.10204081632656
            },
            "points": [
                {
                    "x": 1260.5784688995213,
                    "y": 334.10204081632656
                },
                {
                    "x": 1412.0655502392344,
                    "y": 334.10204081632656
                },
                {
                    "x": 1412.0655502392344,
                    "y": 349.7142857142857
                },
                {
                    "x": 1260.5784688995213,
                    "y": 349.7142857142857
                }
            ]
        },
        {
            "id": "sJ53BakVG",
            "type": "RECTANGLE",
            "tags": [
                "empty"
            ],
            "boundingBox": {
                "height": 20.29591836734685,
                "width": 110.88229665071769,
                "left": 1185.6157894736837,
                "top": 332.5408163265306
            },
            "points": [
                {
                    "x": 1185.6157894736837,
                    "y": 332.5408163265306
                },
                {
                    "x": 1296.4980861244014,
                    "y": 332.5408163265306
                },
                {
                    "x": 1296.4980861244014,
                    "y": 352.8367346938775
                },
                {
                    "x": 1185.6157894736837,
                    "y": 352.8367346938775
                }
            ]
        },
        {
            "id": "889CcXB97",
            "type": "RECTANGLE",
            "tags": [
                "empty"
            ],
            "boundingBox": {
                "height": 21.857142857142858,
                "width": 128.06124401913874,
                "left": 1079.4186602870814,
                "top": 334.10204081632656
            },
            "points": [
                {
                    "x": 1079.4186602870814,
                    "y": 334.10204081632656
                },
                {
                    "x": 1207.47990430622,
                    "y": 334.10204081632656
                },
                {
                    "x": 1207.47990430622,
                    "y": 355.9591836734694
                },
                {
                    "x": 1079.4186602870814,
                    "y": 355.9591836734694
                }
            ]
        },
        {
            "id": "4qOhK7Pdn",
            "type": "RECTANGLE",
            "tags": [
                "empty"
            ],
            "boundingBox": {
                "height": 29.66326530612245,
                "width": 121.81435406698564,
                "left": 981.0301435406698,
                "top": 334.10204081632656
            },
            "points": [
                {
                    "x": 981.0301435406698,
                    "y": 334.10204081632656
                },
                {
                    "x": 1102.8444976076555,
                    "y": 334.10204081632656
                },
                {
                    "x": 1102.8444976076555,
                    "y": 363.765306122449
                },
                {
                    "x": 981.0301435406698,
                    "y": 363.765306122449
                }
            ]
        },
        {
            "id": "gdy7OHK2k",
            "type": "RECTANGLE",
            "tags": [
                "empty"
            ],
            "boundingBox": {
                "height": 24.979591836734695,
                "width": 123.37607655502391,
                "left": 887.3267942583732,
                "top": 330.9795918367347
            },
            "points": [
                {
                    "x": 887.3267942583732,
                    "y": 330.9795918367347
                },
                {
                    "x": 1010.7028708133971,
                    "y": 330.9795918367347
                },
                {
                    "x": 1010.7028708133971,
                    "y": 355.9591836734694
                },
                {
                    "x": 887.3267942583732,
                    "y": 355.9591836734694
                }
            ]
        },
        {
            "id": "brxa2gwGj",
            "type": "RECTANGLE",
            "tags": [
                "empty"
            ],
            "boundingBox": {
                "height": 31.22448979591837,
                "width": 114.00574162679425,
                "left": 792.0617224880382,
                "top": 330.9795918367347
            },
            "points": [
                {
                    "x": 792.0617224880382,
                    "y": 330.9795918367347
                },
                {
                    "x": 906.0674641148324,
                    "y": 330.9795918367347
                },
                {
                    "x": 906.0674641148324,
                    "y": 362.2040816326531
                },
                {
                    "x": 792.0617224880382,
                    "y": 362.2040816326531
                }
            ]
        },
        {
            "id": "LrlNWyPas",
            "type": "RECTANGLE",
            "tags": [
                "empty"
            ],
            "boundingBox": {
                "height": 23.418367346938776,
                "width": 118.69090909090909,
                "left": 685.8645933014353,
                "top": 335.66326530612247
            },
            "points": [
                {
                    "x": 685.8645933014353,
                    "y": 335.66326530612247
                },
                {
                    "x": 804.5555023923445,
                    "y": 335.66326530612247
                },
                {
                    "x": 804.5555023923445,
                    "y": 359.08163265306126
                },
                {
                    "x": 685.8645933014353,
                    "y": 359.08163265306126
                }
            ]
        },
        {
            "id": "jdGCOTNs1",
            "type": "RECTANGLE",
            "tags": [
                "empty"
            ],
            "boundingBox": {
                "height": 39.03061224489796,
                "width": 101.51196172248802,
                "left": 578.1057416267943,
                "top": 326.2959183673469
            },
            "points": [
                {
                    "x": 578.1057416267943,
                    "y": 326.2959183673469
                },
                {
                    "x": 679.6177033492822,
                    "y": 326.2959183673469
                },
                {
                    "x": 679.6177033492822,
                    "y": 365.32653061224494
                },
                {
                    "x": 578.1057416267943,
                    "y": 365.32653061224494
                }
            ]
        },
        {
            "id": "6qBwyxusm",
            "type": "RECTANGLE",
            "tags": [
                "empty"
            ],
            "boundingBox": {
                "height": 34.3469387755102,
                "width": 117.1291866028708,
                "left": 484.40239234449757,
                "top": 329.4183673469388
            },
            "points": [
                {
                    "x": 484.40239234449757,
                    "y": 329.4183673469388
                },
                {
                    "x": 601.5315789473684,
                    "y": 329.4183673469388
                },
                {
                    "x": 601.5315789473684,
                    "y": 363.765306122449
                },
                {
                    "x": 484.40239234449757,
                    "y": 363.765306122449
                }
            ]
        },
        {
            "id": "q6Vukbrug",
            "type": "RECTANGLE",
            "tags": [
                "empty"
            ],
            "boundingBox": {
                "height": 17.1734693877551,
                "width": 154.61052631578946,
                "left": 378.2052631578947,
                "top": 341.90816326530614
            },
            "points": [
                {
                    "x": 378.2052631578947,
                    "y": 341.90816326530614
                },
                {
                    "x": 532.8157894736842,
                    "y": 341.90816326530614
                },
                {
                    "x": 532.8157894736842,
                    "y": 359.08163265306126
                },
                {
                    "x": 378.2052631578947,
                    "y": 359.08163265306126
                }
            ]
        },
        {
            "id": "UCBiPWItr",
            "type": "RECTANGLE",
            "tags": [
                "empty"
            ],
            "boundingBox": {
                "height": 21.857142857142858,
                "width": 137.43157894736842,
                "left": 290.7488038277512,
                "top": 337.2244897959184
            },
            "points": [
                {
                    "x": 290.7488038277512,
                    "y": 337.2244897959184
                },
                {
                    "x": 428.1803827751196,
                    "y": 337.2244897959184
                },
                {
                    "x": 428.1803827751196,
                    "y": 359.08163265306126
                },
                {
                    "x": 290.7488038277512,
                    "y": 359.08163265306126
                }
            ]
        },
        {
            "id": "8ZLlOSldK",
            "type": "RECTANGLE",
            "tags": [
                "empty"
            ],
            "boundingBox": {
                "height": 24.979591836734695,
                "width": 104.63540669856458,
                "left": 175.18133971291866,
                "top": 335.66326530612247
            },
            "points": [
                {
                    "x": 175.18133971291866,
                    "y": 335.66326530612247
                },
                {
                    "x": 279.8167464114832,
                    "y": 335.66326530612247
                },
                {
                    "x": 279.8167464114832,
                    "y": 360.64285714285717
                },
                {
                    "x": 175.18133971291866,
                    "y": 360.64285714285717
                }
            ]
        }
    ],
    "version": "2.2.0"
}