{
    "asset": {
        "format": "png",
        "id": "6c28d8bab9c6a0ad3b6226bafb0629a0",
        "name": "Unknown_Kistler2.png",
        "path": "file:C:/Users/Conno/Desktop/Parking%20Oracle/Original%20Images/Unknown_Kistler2.png",
        "size": {
            "width": 1920,
            "height": 1024
        },
        "state": 2,
        "type": 1
    },
    "regions": [
        {
            "id": "XXy0JGcSI",
            "type": "RECTANGLE",
            "tags": [
                "car"
            ],
            "boundingBox": {
                "height": 273.4063018242123,
                "width": 186.73740053050398,
                "left": 0,
                "top": 332.17910447761193
            },
            "points": [
                {
                    "x": 0,
                    "y": 332.17910447761193
                },
                {
                    "x": 186.73740053050398,
                    "y": 332.17910447761193
                },
                {
                    "x": 186.73740053050398,
                    "y": 605.5854063018243
                },
                {
                    "x": 0,
                    "y": 605.5854063018243
                }
            ]
        },
        {
            "id": "wnhmrKhCd",
            "type": "RECTANGLE",
            "tags": [
                "car"
            ],
            "boundingBox": {
                "height": 220.76285240464347,
                "width": 407.4270557029178,
                "left": 161.27320954907162,
                "top": 338.97180762852406
            },
            "points": [
                {
                    "x": 161.27320954907162,
                    "y": 338.97180762852406
                },
                {
                    "x": 568.7002652519894,
                    "y": 338.97180762852406
                },
                {
                    "x": 568.7002652519894,
                    "y": 559.7346600331675
                },
                {
                    "x": 161.27320954907162,
                    "y": 559.7346600331675
                }
            ]
        },
        {
            "id": "3FZQCt69O",
            "type": "RECTANGLE",
            "tags": [
                "car"
            ],
            "boundingBox": {
                "height": 166.4212271973466,
                "width": 341.2201591511936,
                "left": 521.1671087533157,
                "top": 345.76451077943614
            },
            "points": [
                {
                    "x": 521.1671087533157,
                    "y": 345.76451077943614
                },
                {
                    "x": 862.3872679045094,
                    "y": 345.76451077943614
                },
                {
                    "x": 862.3872679045094,
                    "y": 512.1857379767828
                },
                {
                    "x": 521.1671087533157,
                    "y": 512.1857379767828
                }
            ]
        },
        {
            "id": "AjbBdv_oU",
            "type": "RECTANGLE",
            "tags": [
                "car"
            ],
            "boundingBox": {
                "height": 157.93034825870646,
                "width": 249.54907161803715,
                "left": 736.763925729443,
                "top": 337.27363184079604
            },
            "points": [
                {
                    "x": 736.763925729443,
                    "y": 337.27363184079604
                },
                {
                    "x": 986.3129973474802,
                    "y": 337.27363184079604
                },
                {
                    "x": 986.3129973474802,
                    "y": 495.2039800995025
                },
                {
                    "x": 736.763925729443,
                    "y": 495.2039800995025
                }
            ]
        },
        {
            "id": "5m93tXzpi",
            "type": "RECTANGLE",
            "tags": [
                "car"
            ],
            "boundingBox": {
                "height": 193.59203980099502,
                "width": 402.3342175066313,
                "left": 864.0848806366048,
                "top": 284.63018242122723
            },
            "points": [
                {
                    "x": 864.0848806366048,
                    "y": 284.63018242122723
                },
                {
                    "x": 1266.4190981432362,
                    "y": 284.63018242122723
                },
                {
                    "x": 1266.4190981432362,
                    "y": 478.22222222222223
                },
                {
                    "x": 864.0848806366048,
                    "y": 478.22222222222223
                }
            ]
        },
        {
            "id": "365nC3aYX",
            "type": "RECTANGLE",
            "tags": [
                "car"
            ],
            "boundingBox": {
                "height": 132.45771144278606,
                "width": 173.15649867374006,
                "left": 1252.838196286472,
                "top": 313.49917081260367
            },
            "points": [
                {
                    "x": 1252.838196286472,
                    "y": 313.49917081260367
                },
                {
                    "x": 1425.9946949602122,
                    "y": 313.49917081260367
                },
                {
                    "x": 1425.9946949602122,
                    "y": 445.9568822553897
                },
                {
                    "x": 1252.838196286472,
                    "y": 445.9568822553897
                }
            ]
        },
        {
            "id": "CFA0V-qKF",
            "type": "RECTANGLE",
            "tags": [
                "car"
            ],
            "boundingBox": {
                "height": 101.8905472636816,
                "width": 188.43501326259948,
                "left": 1336.0212201591512,
                "top": 318.5936981757877
            },
            "points": [
                {
                    "x": 1336.0212201591512,
                    "y": 318.5936981757877
                },
                {
                    "x": 1524.4562334217508,
                    "y": 318.5936981757877
                },
                {
                    "x": 1524.4562334217508,
                    "y": 420.4842454394693
                },
                {
                    "x": 1336.0212201591512,
                    "y": 420.4842454394693
                }
            ]
        },
        {
            "id": "vSkF7oHRH",
            "type": "RECTANGLE",
            "tags": [
                "car"
            ],
            "boundingBox": {
                "height": 103.58872305140962,
                "width": 118.83289124668435,
                "left": 1470.132625994695,
                "top": 313.49917081260367
            },
            "points": [
                {
                    "x": 1470.132625994695,
                    "y": 313.49917081260367
                },
                {
                    "x": 1588.9655172413793,
                    "y": 313.49917081260367
                },
                {
                    "x": 1588.9655172413793,
                    "y": 417.08789386401327
                },
                {
                    "x": 1470.132625994695,
                    "y": 417.08789386401327
                }
            ]
        },
        {
            "id": "Juxc8Cttq",
            "type": "RECTANGLE",
            "tags": [
                "car"
            ],
            "boundingBox": {
                "height": 57.7379767827529,
                "width": 93.36870026525199,
                "left": 1568.5941644562336,
                "top": 354.2553897180763
            },
            "points": [
                {
                    "x": 1568.5941644562336,
                    "y": 354.2553897180763
                },
                {
                    "x": 1661.9628647214854,
                    "y": 354.2553897180763
                },
                {
                    "x": 1661.9628647214854,
                    "y": 411.9933665008292
                },
                {
                    "x": 1568.5941644562336,
                    "y": 411.9933665008292
                }
            ]
        }
    ],
    "version": "2.2.0"
}