{
    "asset": {
        "format": "PNG",
        "id": "86543ed9140907bf117c0cbc59c42e14",
        "name": "Savanah_Kistler1.PNG",
        "path": "file:C:/Users/Conno/Desktop/Parking%20Oracle/Original%20Images/Savanah_Kistler1.PNG",
        "size": {
            "width": 808,
            "height": 607
        },
        "state": 2,
        "type": 1
    },
    "regions": [
        {
            "id": "lXIrO1Dax",
            "type": "RECTANGLE",
            "tags": [
                "car"
            ],
            "boundingBox": {
                "height": 137.03954081632654,
                "width": 113.77011494252874,
                "left": 549.7437739463602,
                "top": 257.0459183673469
            },
            "points": [
                {
                    "x": 549.7437739463602,
                    "y": 257.0459183673469
                },
                {
                    "x": 663.5138888888889,
                    "y": 257.0459183673469
                },
                {
                    "x": 663.5138888888889,
                    "y": 394.0854591836735
                },
                {
                    "x": 549.7437739463602,
                    "y": 394.0854591836735
                }
            ]
        },
        {
            "id": "aWYWzYCO7",
            "type": "RECTANGLE",
            "tags": [
                "car"
            ],
            "boundingBox": {
                "height": 115.3609693877551,
                "width": 86.68199233716474,
                "left": 662.7399425287356,
                "top": 233.81887755102042
            },
            "points": [
                {
                    "x": 662.7399425287356,
                    "y": 233.81887755102042
                },
                {
                    "x": 749.4219348659003,
                    "y": 233.81887755102042
                },
                {
                    "x": 749.4219348659003,
                    "y": 349.17984693877554
                },
                {
                    "x": 662.7399425287356,
                    "y": 349.17984693877554
                }
            ]
        },
        {
            "id": "F1ailCIi0",
            "type": "RECTANGLE",
            "tags": [
                "car"
            ],
            "boundingBox": {
                "height": 107.6186224489796,
                "width": 127.70114942528735,
                "left": 401.14607279693485,
                "top": 269.43367346938777
            },
            "points": [
                {
                    "x": 401.14607279693485,
                    "y": 269.43367346938777
                },
                {
                    "x": 528.8472222222222,
                    "y": 269.43367346938777
                },
                {
                    "x": 528.8472222222222,
                    "y": 377.05229591836735
                },
                {
                    "x": 401.14607279693485,
                    "y": 377.05229591836735
                }
            ]
        },
        {
            "id": "yd2RARWwT",
            "type": "RECTANGLE",
            "tags": [
                "car"
            ],
            "boundingBox": {
                "height": 135.49107142857144,
                "width": 191.1647509578544,
                "left": 223.91235632183907,
                "top": 222.9795918367347
            },
            "points": [
                {
                    "x": 223.91235632183907,
                    "y": 222.9795918367347
                },
                {
                    "x": 415.07710727969345,
                    "y": 222.9795918367347
                },
                {
                    "x": 415.07710727969345,
                    "y": 358.47066326530614
                },
                {
                    "x": 223.91235632183907,
                    "y": 358.47066326530614
                }
            ]
        },
        {
            "id": "sDmMrFZ96",
            "type": "RECTANGLE",
            "tags": [
                "car"
            ],
            "boundingBox": {
                "height": 119.23214285714286,
                "width": 167.9463601532567,
                "left": 101.62883141762453,
                "top": 211.36607142857144
            },
            "points": [
                {
                    "x": 101.62883141762453,
                    "y": 211.36607142857144
                },
                {
                    "x": 269.5751915708812,
                    "y": 211.36607142857144
                },
                {
                    "x": 269.5751915708812,
                    "y": 330.5982142857143
                },
                {
                    "x": 101.62883141762453,
                    "y": 330.5982142857143
                }
            ]
        },
        {
            "id": "yaAh4kCfa",
            "type": "RECTANGLE",
            "tags": [
                "car"
            ],
            "boundingBox": {
                "height": 100.65051020408164,
                "width": 136.21455938697318,
                "left": 18.042624521072796,
                "top": 202.0752551020408
            },
            "points": [
                {
                    "x": 18.042624521072796,
                    "y": 202.0752551020408
                },
                {
                    "x": 154.25718390804596,
                    "y": 202.0752551020408
                },
                {
                    "x": 154.25718390804596,
                    "y": 302.72576530612247
                },
                {
                    "x": 18.042624521072796,
                    "y": 302.72576530612247
                }
            ]
        },
        {
            "id": "w5NZln8hl",
            "type": "RECTANGLE",
            "tags": [
                "car"
            ],
            "boundingBox": {
                "height": 79.74617346938776,
                "width": 91.56752873563218,
                "left": 551.0498084291188,
                "top": 198.97831632653063
            },
            "points": [
                {
                    "x": 551.0498084291188,
                    "y": 198.97831632653063
                },
                {
                    "x": 642.6173371647509,
                    "y": 198.97831632653063
                },
                {
                    "x": 642.6173371647509,
                    "y": 278.7244897959184
                },
                {
                    "x": 551.0498084291188,
                    "y": 278.7244897959184
                }
            ]
        },
        {
            "id": "ew4d8EM-a",
            "type": "RECTANGLE",
            "tags": [
                "car"
            ],
            "boundingBox": {
                "height": 86.71428571428572,
                "width": 90.01963601532567,
                "left": 444.2452107279693,
                "top": 183.4936224489796
            },
            "points": [
                {
                    "x": 444.2452107279693,
                    "y": 183.4936224489796
                },
                {
                    "x": 534.264846743295,
                    "y": 183.4936224489796
                },
                {
                    "x": 534.264846743295,
                    "y": 270.2079081632653
                },
                {
                    "x": 444.2452107279693,
                    "y": 270.2079081632653
                }
            ]
        },
        {
            "id": "TEQPt2G9_",
            "type": "RECTANGLE",
            "tags": [
                "car"
            ],
            "boundingBox": {
                "height": 57.29336734693878,
                "width": 123.05747126436782,
                "left": 316.7859195402299,
                "top": 178.07397959183675
            },
            "points": [
                {
                    "x": 316.7859195402299,
                    "y": 178.07397959183675
                },
                {
                    "x": 439.8433908045977,
                    "y": 178.07397959183675
                },
                {
                    "x": 439.8433908045977,
                    "y": 235.3673469387755
                },
                {
                    "x": 316.7859195402299,
                    "y": 235.3673469387755
                }
            ]
        },
        {
            "id": "z5KjR_-ox",
            "type": "RECTANGLE",
            "tags": [
                "car"
            ],
            "boundingBox": {
                "height": 52.64795918367347,
                "width": 129.24904214559388,
                "left": 443.713122605364,
                "top": 144.0076530612245
            },
            "points": [
                {
                    "x": 443.713122605364,
                    "y": 144.0076530612245
                },
                {
                    "x": 572.9621647509579,
                    "y": 144.0076530612245
                },
                {
                    "x": 572.9621647509579,
                    "y": 196.65561224489798
                },
                {
                    "x": 443.713122605364,
                    "y": 196.65561224489798
                }
            ]
        },
        {
            "id": "AcTj1qsyG",
            "type": "RECTANGLE",
            "tags": [
                "car"
            ],
            "boundingBox": {
                "height": 41.0344387755102,
                "width": 49.53256704980843,
                "left": 667.3836206896551,
                "top": 173.42857142857144
            },
            "points": [
                {
                    "x": 667.3836206896551,
                    "y": 173.42857142857144
                },
                {
                    "x": 716.9161877394636,
                    "y": 173.42857142857144
                },
                {
                    "x": 716.9161877394636,
                    "y": 214.46301020408166
                },
                {
                    "x": 667.3836206896551,
                    "y": 214.46301020408166
                }
            ]
        },
        {
            "id": "2Dj-Ra4ES",
            "type": "RECTANGLE",
            "tags": [
                "car"
            ],
            "boundingBox": {
                "height": 43.35714285714286,
                "width": 94.42145593869732,
                "left": 305.17672413793105,
                "top": 131.61989795918367
            },
            "points": [
                {
                    "x": 305.17672413793105,
                    "y": 131.61989795918367
                },
                {
                    "x": 399.59818007662835,
                    "y": 131.61989795918367
                },
                {
                    "x": 399.59818007662835,
                    "y": 174.97704081632654
                },
                {
                    "x": 305.17672413793105,
                    "y": 174.97704081632654
                }
            ]
        }
    ],
    "version": "2.2.0"
}