{
    "asset": {
        "format": "PNG",
        "id": "99ef0c5ee2b31ab5893d6977d13bfc3b",
        "name": "Zwolle_Kistler1.PNG",
        "path": "file:C:/Users/Conno/Desktop/Parking%20Oracle/Original%20Images/Zwolle_Kistler1.PNG",
        "size": {
            "width": 951,
            "height": 771
        },
        "state": 2,
        "type": 1
    },
    "regions": [
        {
            "id": "7yH_gS9tl",
            "type": "RECTANGLE",
            "tags": [
                "car"
            ],
            "boundingBox": {
                "height": 172.09821428571428,
                "width": 73.75904860392967,
                "left": 51.170339968976215,
                "top": 148.49617346938774
            },
            "points": [
                {
                    "x": 51.170339968976215,
                    "y": 148.49617346938774
                },
                {
                    "x": 124.92938857290589,
                    "y": 148.49617346938774
                },
                {
                    "x": 124.92938857290589,
                    "y": 320.59438775510205
                },
                {
                    "x": 51.170339968976215,
                    "y": 320.59438775510205
                }
            ]
        },
        {
            "id": "aWpI6VW3y",
            "type": "RECTANGLE",
            "tags": [
                "car"
            ],
            "boundingBox": {
                "height": 187.8329081632653,
                "width": 127.84901758014477,
                "left": 98.3761310754912,
                "top": 104.24234693877551
            },
            "points": [
                {
                    "x": 98.3761310754912,
                    "y": 104.24234693877551
                },
                {
                    "x": 226.225148655636,
                    "y": 104.24234693877551
                },
                {
                    "x": 226.225148655636,
                    "y": 292.07525510204084
                },
                {
                    "x": 98.3761310754912,
                    "y": 292.07525510204084
                }
            ]
        },
        {
            "id": "c7ePmvELI",
            "type": "RECTANGLE",
            "tags": [
                "car"
            ],
            "boundingBox": {
                "height": 197.6670918367347,
                "width": 66.87487073422957,
                "left": 187.87044338159254,
                "top": 73.7563775510204
            },
            "points": [
                {
                    "x": 187.87044338159254,
                    "y": 73.7563775510204
                },
                {
                    "x": 254.7453141158221,
                    "y": 73.7563775510204
                },
                {
                    "x": 254.7453141158221,
                    "y": 271.4234693877551
                },
                {
                    "x": 187.87044338159254,
                    "y": 271.4234693877551
                }
            ]
        },
        {
            "id": "M9KIUWYzM",
            "type": "RECTANGLE",
            "tags": [
                "car"
            ],
            "boundingBox": {
                "height": 261.5892857142857,
                "width": 176.0689956049636,
                "left": 243.8965873836608,
                "top": 0
            },
            "points": [
                {
                    "x": 243.8965873836608,
                    "y": 0
                },
                {
                    "x": 419.96558298862436,
                    "y": 0
                },
                {
                    "x": 419.96558298862436,
                    "y": 261.5892857142857
                },
                {
                    "x": 243.8965873836608,
                    "y": 261.5892857142857
                }
            ]
        },
        {
            "id": "Ks25HTTsC",
            "type": "RECTANGLE",
            "tags": [
                "car"
            ],
            "boundingBox": {
                "height": 173.08163265306123,
                "width": 167.18717683557395,
                "left": 383.5777856773526,
                "top": 0
            },
            "points": [
                {
                    "x": 383.5777856773526,
                    "y": 0
                },
                {
                    "x": 550.7649625129266,
                    "y": 0
                },
                {
                    "x": 550.7649625129266,
                    "y": 173.08163265306123
                },
                {
                    "x": 383.5777856773526,
                    "y": 173.08163265306123
                }
            ]
        },
        {
            "id": "8G0nJGSvC",
            "type": "RECTANGLE",
            "tags": [
                "car"
            ],
            "boundingBox": {
                "height": 132.76147959183675,
                "width": 132.7662874870734,
                "left": 562.5664102895553,
                "top": 0
            },
            "points": [
                {
                    "x": 562.5664102895553,
                    "y": 0
                },
                {
                    "x": 695.3326977766287,
                    "y": 0
                },
                {
                    "x": 695.3326977766287,
                    "y": 132.76147959183675
                },
                {
                    "x": 562.5664102895553,
                    "y": 132.76147959183675
                }
            ]
        },
        {
            "id": "W6DJZ8lRv",
            "type": "RECTANGLE",
            "tags": [
                "car"
            ],
            "boundingBox": {
                "height": 94.40816326530611,
                "width": 148.50155118924508,
                "left": 719.9190473112719,
                "top": 0
            },
            "points": [
                {
                    "x": 719.9190473112719,
                    "y": 0
                },
                {
                    "x": 868.420598500517,
                    "y": 0
                },
                {
                    "x": 868.420598500517,
                    "y": 94.40816326530611
                },
                {
                    "x": 719.9190473112719,
                    "y": 94.40816326530611
                }
            ]
        },
        {
            "id": "tnmvstrM9",
            "type": "RECTANGLE",
            "tags": [
                "car"
            ],
            "boundingBox": {
                "height": 70.8061224489796,
                "width": 97.36194415718707,
                "left": 853.6380558428128,
                "top": 0
            },
            "points": [
                {
                    "x": 853.6380558428128,
                    "y": 0
                },
                {
                    "x": 950.9999999999999,
                    "y": 0
                },
                {
                    "x": 950.9999999999999,
                    "y": 70.8061224489796
                },
                {
                    "x": 853.6380558428128,
                    "y": 70.8061224489796
                }
            ]
        }
    ],
    "version": "2.2.0"
}