{
    "asset": {
        "format": "PNG",
        "id": "bf3b98c083ff7eae3a583d1008b8275a",
        "name": "Kiruna_Kistler1.PNG",
        "path": "file:C:/Users/Conno/Desktop/Parking%20Oracle/Original%20Images/Kiruna_Kistler1.PNG",
        "size": {
            "width": 1332,
            "height": 291
        },
        "state": 2,
        "type": 1
    },
    "regions": [
        {
            "id": "7IiLCEOyz",
            "type": "RECTANGLE",
            "tags": [
                "car"
            ],
            "boundingBox": {
                "height": 64.79757085020242,
                "width": 64.77453580901857,
                "left": 420.44562334217505,
                "top": 140.8426745951417
            },
            "points": [
                {
                    "x": 420.44562334217505,
                    "y": 140.8426745951417
                },
                {
                    "x": 485.2201591511936,
                    "y": 140.8426745951417
                },
                {
                    "x": 485.2201591511936,
                    "y": 205.6402454453441
                },
                {
                    "x": 420.44562334217505,
                    "y": 205.6402454453441
                }
            ]
        },
        {
            "id": "lfv2poM-U",
            "type": "RECTANGLE",
            "tags": [
                "car"
            ],
            "boundingBox": {
                "height": 47.12550607287449,
                "width": 58.88594164456234,
                "left": 631.2572944297082,
                "top": 153.80218876518217
            },
            "points": [
                {
                    "x": 631.2572944297082,
                    "y": 153.80218876518217
                },
                {
                    "x": 690.1432360742706,
                    "y": 153.80218876518217
                },
                {
                    "x": 690.1432360742706,
                    "y": 200.92769483805665
                },
                {
                    "x": 631.2572944297082,
                    "y": 200.92769483805665
                }
            ]
        },
        {
            "id": "vs0rJsKCi",
            "type": "RECTANGLE",
            "tags": [
                "car"
            ],
            "boundingBox": {
                "height": 53.016194331983804,
                "width": 82.44031830238727,
                "left": 741.9628647214854,
                "top": 151.44591346153845
            },
            "points": [
                {
                    "x": 741.9628647214854,
                    "y": 151.44591346153845
                },
                {
                    "x": 824.4031830238727,
                    "y": 151.44591346153845
                },
                {
                    "x": 824.4031830238727,
                    "y": 204.46210779352225
                },
                {
                    "x": 741.9628647214854,
                    "y": 204.46210779352225
                }
            ]
        },
        {
            "id": "TYqUFzo2e",
            "type": "RECTANGLE",
            "tags": [
                "car"
            ],
            "boundingBox": {
                "height": 50.65991902834008,
                "width": 117.77188328912467,
                "left": 776.1167108753316,
                "top": 217.42162196356273
            },
            "points": [
                {
                    "x": 776.1167108753316,
                    "y": 217.42162196356273
                },
                {
                    "x": 893.8885941644562,
                    "y": 217.42162196356273
                },
                {
                    "x": 893.8885941644562,
                    "y": 268.0815409919028
                },
                {
                    "x": 776.1167108753316,
                    "y": 268.0815409919028
                }
            ]
        },
        {
            "id": "7HcIuU_aR",
            "type": "RECTANGLE",
            "tags": [
                "car"
            ],
            "boundingBox": {
                "height": 69.51012145748987,
                "width": 127.19363395225464,
                "left": 161.3474801061008,
                "top": 213.88720900809716
            },
            "points": [
                {
                    "x": 161.3474801061008,
                    "y": 213.88720900809716
                },
                {
                    "x": 288.54111405835545,
                    "y": 213.88720900809716
                },
                {
                    "x": 288.54111405835545,
                    "y": 283.397330465587
                },
                {
                    "x": 161.3474801061008,
                    "y": 283.397330465587
                }
            ]
        },
        {
            "id": "fWXHxmGjm",
            "type": "RECTANGLE",
            "tags": [
                "car"
            ],
            "boundingBox": {
                "height": 32.987854251012145,
                "width": 40.04244031830239,
                "left": 97.75066312997347,
                "top": 81.93579200404858
            },
            "points": [
                {
                    "x": 97.75066312997347,
                    "y": 81.93579200404858
                },
                {
                    "x": 137.79310344827587,
                    "y": 81.93579200404858
                },
                {
                    "x": 137.79310344827587,
                    "y": 114.92364625506072
                },
                {
                    "x": 97.75066312997347,
                    "y": 114.92364625506072
                }
            ]
        },
        {
            "id": "ffBAvC-H9",
            "type": "RECTANGLE",
            "tags": [
                "car"
            ],
            "boundingBox": {
                "height": 24.740890688259107,
                "width": 28.26525198938992,
                "left": 153.10344827586206,
                "top": 73.68882844129554
            },
            "points": [
                {
                    "x": 153.10344827586206,
                    "y": 73.68882844129554
                },
                {
                    "x": 181.368700265252,
                    "y": 73.68882844129554
                },
                {
                    "x": 181.368700265252,
                    "y": 98.42971912955464
                },
                {
                    "x": 153.10344827586206,
                    "y": 98.42971912955464
                }
            ]
        },
        {
            "id": "AV-sG-xaS",
            "type": "RECTANGLE",
            "tags": [
                "car"
            ],
            "boundingBox": {
                "height": 25.91902834008097,
                "width": 31.79840848806366,
                "left": 320.3395225464191,
                "top": 85.47020495951416
            },
            "points": [
                {
                    "x": 320.3395225464191,
                    "y": 85.47020495951416
                },
                {
                    "x": 352.13793103448273,
                    "y": 85.47020495951416
                },
                {
                    "x": 352.13793103448273,
                    "y": 111.38923329959513
                },
                {
                    "x": 320.3395225464191,
                    "y": 111.38923329959513
                }
            ]
        },
        {
            "id": "xLotBk0mG",
            "type": "RECTANGLE",
            "tags": [
                "car"
            ],
            "boundingBox": {
                "height": 28.275303643724694,
                "width": 30.620689655172413,
                "left": 184.90185676392574,
                "top": 76.04510374493927
            },
            "points": [
                {
                    "x": 184.90185676392574,
                    "y": 76.04510374493927
                },
                {
                    "x": 215.52254641909815,
                    "y": 76.04510374493927
                },
                {
                    "x": 215.52254641909815,
                    "y": 104.32040738866397
                },
                {
                    "x": 184.90185676392574,
                    "y": 104.32040738866397
                }
            ]
        },
        {
            "id": "FeXPkdRoB",
            "type": "RECTANGLE",
            "tags": [
                "car"
            ],
            "boundingBox": {
                "height": 23.562753036437243,
                "width": 28.26525198938992,
                "left": 394.53580901856765,
                "top": 93.7171685222672
            },
            "points": [
                {
                    "x": 394.53580901856765,
                    "y": 93.7171685222672
                },
                {
                    "x": 422.80106100795757,
                    "y": 93.7171685222672
                },
                {
                    "x": 422.80106100795757,
                    "y": 117.27992155870444
                },
                {
                    "x": 394.53580901856765,
                    "y": 117.27992155870444
                }
            ]
        },
        {
            "id": "4lH3cFMph",
            "type": "RECTANGLE",
            "tags": [
                "car"
            ],
            "boundingBox": {
                "height": 32.987854251012145,
                "width": 35.3315649867374,
                "left": 500.53050397877985,
                "top": 94.89530617408906
            },
            "points": [
                {
                    "x": 500.53050397877985,
                    "y": 94.89530617408906
                },
                {
                    "x": 535.8620689655172,
                    "y": 94.89530617408906
                },
                {
                    "x": 535.8620689655172,
                    "y": 127.88316042510121
                },
                {
                    "x": 500.53050397877985,
                    "y": 127.88316042510121
                }
            ]
        },
        {
            "id": "XUT4s1gE9",
            "type": "RECTANGLE",
            "tags": [
                "car"
            ],
            "boundingBox": {
                "height": 29.453441295546558,
                "width": 43.57559681697613,
                "left": 617.1246684350133,
                "top": 120.81433451417003
            },
            "points": [
                {
                    "x": 617.1246684350133,
                    "y": 120.81433451417003
                },
                {
                    "x": 660.7002652519894,
                    "y": 120.81433451417003
                },
                {
                    "x": 660.7002652519894,
                    "y": 150.2677758097166
                },
                {
                    "x": 617.1246684350133,
                    "y": 150.2677758097166
                }
            ]
        },
        {
            "id": "_BeW7qNry",
            "type": "RECTANGLE",
            "tags": [
                "car"
            ],
            "boundingBox": {
                "height": 23.562753036437243,
                "width": 43.57559681697613,
                "left": 730.185676392573,
                "top": 118.4580592105263
            },
            "points": [
                {
                    "x": 730.185676392573,
                    "y": 118.4580592105263
                },
                {
                    "x": 773.761273209549,
                    "y": 118.4580592105263
                },
                {
                    "x": 773.761273209549,
                    "y": 142.02081224696354
                },
                {
                    "x": 730.185676392573,
                    "y": 142.02081224696354
                }
            ]
        },
        {
            "id": "3UzBLXalU",
            "type": "RECTANGLE",
            "tags": [
                "car"
            ],
            "boundingBox": {
                "height": 27.09716599190283,
                "width": 27.087533156498672,
                "left": 650.1007957559682,
                "top": 112.56737095141699
            },
            "points": [
                {
                    "x": 650.1007957559682,
                    "y": 112.56737095141699
                },
                {
                    "x": 677.1883289124669,
                    "y": 112.56737095141699
                },
                {
                    "x": 677.1883289124669,
                    "y": 139.66453694331983
                },
                {
                    "x": 650.1007957559682,
                    "y": 139.66453694331983
                }
            ]
        },
        {
            "id": "-yv-lXuxm",
            "type": "RECTANGLE",
            "tags": [
                "car"
            ],
            "boundingBox": {
                "height": 73.57837803643724,
                "width": 44.753315649867375,
                "left": 14.13262599469496,
                "top": 167.93984058704453
            },
            "points": [
                {
                    "x": 14.13262599469496,
                    "y": 167.93984058704453
                },
                {
                    "x": 58.88594164456234,
                    "y": 167.93984058704453
                },
                {
                    "x": 58.88594164456234,
                    "y": 241.51821862348177
                },
                {
                    "x": 14.13262599469496,
                    "y": 241.51821862348177
                }
            ]
        },
        {
            "id": "tZ-RaeUVo",
            "type": "RECTANGLE",
            "tags": [
                "empty"
            ],
            "boundingBox": {
                "height": 54.728175607287476,
                "width": 141.3262599469496,
                "left": 14.13262599469496,
                "top": 223.312310222672
            },
            "points": [
                {
                    "x": 14.13262599469496,
                    "y": 223.312310222672
                },
                {
                    "x": 155.45888594164455,
                    "y": 223.312310222672
                },
                {
                    "x": 155.45888594164455,
                    "y": 278.0404858299595
                },
                {
                    "x": 14.13262599469496,
                    "y": 278.0404858299595
                }
            ]
        },
        {
            "id": "hfd-p2Ydm",
            "type": "RECTANGLE",
            "tags": [
                "empty"
            ],
            "boundingBox": {
                "height": 28.275303643724694,
                "width": 103.63925729442971,
                "left": 316.80636604774537,
                "top": 246.87506325910928
            },
            "points": [
                {
                    "x": 316.80636604774537,
                    "y": 246.87506325910928
                },
                {
                    "x": 420.44562334217505,
                    "y": 246.87506325910928
                },
                {
                    "x": 420.44562334217505,
                    "y": 275.150366902834
                },
                {
                    "x": 316.80636604774537,
                    "y": 275.150366902834
                }
            ]
        },
        {
            "id": "5DEA2JI1D",
            "type": "RECTANGLE",
            "tags": [
                "empty"
            ],
            "boundingBox": {
                "height": 22.384615384615383,
                "width": 96.57294429708223,
                "left": 414.55702917771885,
                "top": 251.58761386639674
            },
            "points": [
                {
                    "x": 414.55702917771885,
                    "y": 251.58761386639674
                },
                {
                    "x": 511.12997347480103,
                    "y": 251.58761386639674
                },
                {
                    "x": 511.12997347480103,
                    "y": 273.97222925101215
                },
                {
                    "x": 414.55702917771885,
                    "y": 273.97222925101215
                }
            ]
        },
        {
            "id": "rroVE2ij8",
            "type": "RECTANGLE",
            "tags": [
                "empty"
            ],
            "boundingBox": {
                "height": 24.740890688259107,
                "width": 116.59416445623341,
                "left": 499.3527851458886,
                "top": 248.05320091093117
            },
            "points": [
                {
                    "x": 499.3527851458886,
                    "y": 248.05320091093117
                },
                {
                    "x": 615.946949602122,
                    "y": 248.05320091093117
                },
                {
                    "x": 615.946949602122,
                    "y": 272.79409159919027
                },
                {
                    "x": 499.3527851458886,
                    "y": 272.79409159919027
                }
            ]
        },
        {
            "id": "UIr4IIqF8",
            "type": "RECTANGLE",
            "tags": [
                "empty"
            ],
            "boundingBox": {
                "height": 31.80971659919028,
                "width": 120.12732095490716,
                "left": 594.7480106100795,
                "top": 242.16251265182186
            },
            "points": [
                {
                    "x": 594.7480106100795,
                    "y": 242.16251265182186
                },
                {
                    "x": 714.8753315649867,
                    "y": 242.16251265182186
                },
                {
                    "x": 714.8753315649867,
                    "y": 273.97222925101215
                },
                {
                    "x": 594.7480106100795,
                    "y": 273.97222925101215
                }
            ]
        },
        {
            "id": "PNX1fsElo",
            "type": "RECTANGLE",
            "tags": [
                "empty"
            ],
            "boundingBox": {
                "height": 37.70040485829959,
                "width": 126.0159151193634,
                "left": 686.6100795755968,
                "top": 236.27182439271255
            },
            "points": [
                {
                    "x": 686.6100795755968,
                    "y": 236.27182439271255
                },
                {
                    "x": 812.6259946949602,
                    "y": 236.27182439271255
                },
                {
                    "x": 812.6259946949602,
                    "y": 273.97222925101215
                },
                {
                    "x": 686.6100795755968,
                    "y": 273.97222925101215
                }
            ]
        },
        {
            "id": "YWqLbqNPg",
            "type": "RECTANGLE",
            "tags": [
                "empty"
            ],
            "boundingBox": {
                "height": 22.384615384615383,
                "width": 88.3289124668435,
                "left": 545.2838196286472,
                "top": 184.4337677125506
            },
            "points": [
                {
                    "x": 545.2838196286472,
                    "y": 184.4337677125506
                },
                {
                    "x": 633.6127320954907,
                    "y": 184.4337677125506
                },
                {
                    "x": 633.6127320954907,
                    "y": 206.81838309716596
                },
                {
                    "x": 545.2838196286472,
                    "y": 206.81838309716596
                }
            ]
        },
        {
            "id": "aBBcn5q-f",
            "type": "RECTANGLE",
            "tags": [
                "empty"
            ],
            "boundingBox": {
                "height": 22.384615384615383,
                "width": 77.72944297082228,
                "left": 341.53846153846155,
                "top": 179.72121710526315
            },
            "points": [
                {
                    "x": 341.53846153846155,
                    "y": 179.72121710526315
                },
                {
                    "x": 419.2679045092838,
                    "y": 179.72121710526315
                },
                {
                    "x": 419.2679045092838,
                    "y": 202.10583248987854
                },
                {
                    "x": 341.53846153846155,
                    "y": 202.10583248987854
                }
            ]
        },
        {
            "id": "TISZ4JES4",
            "type": "RECTANGLE",
            "tags": [
                "empty"
            ],
            "boundingBox": {
                "height": 21.740321356275302,
                "width": 91.86206896551724,
                "left": 136.6153846153846,
                "top": 167.93984058704453
            },
            "points": [
                {
                    "x": 136.6153846153846,
                    "y": 167.93984058704453
                },
                {
                    "x": 228.47745358090185,
                    "y": 167.93984058704453
                },
                {
                    "x": 228.47745358090185,
                    "y": 189.68016194331983
                },
                {
                    "x": 136.6153846153846,
                    "y": 189.68016194331983
                }
            ]
        },
        {
            "id": "-6SBJ8fqG",
            "type": "RECTANGLE",
            "tags": [
                "empty"
            ],
            "boundingBox": {
                "height": 25.27473431174092,
                "width": 97.75066312997347,
                "left": 70.6631299734748,
                "top": 159.69287702429145
            },
            "points": [
                {
                    "x": 70.6631299734748,
                    "y": 159.69287702429145
                },
                {
                    "x": 168.41379310344828,
                    "y": 159.69287702429145
                },
                {
                    "x": 168.41379310344828,
                    "y": 184.96761133603238
                },
                {
                    "x": 70.6631299734748,
                    "y": 184.96761133603238
                }
            ]
        },
        {
            "id": "uySQgM_W2",
            "type": "RECTANGLE",
            "tags": [
                "empty"
            ],
            "boundingBox": {
                "height": 25.27473431174089,
                "width": 100.10610079575596,
                "left": 20.021220159151195,
                "top": 150.2677758097166
            },
            "points": [
                {
                    "x": 20.021220159151195,
                    "y": 150.2677758097166
                },
                {
                    "x": 120.12732095490716,
                    "y": 150.2677758097166
                },
                {
                    "x": 120.12732095490716,
                    "y": 175.54251012145747
                },
                {
                    "x": 20.021220159151195,
                    "y": 175.54251012145747
                }
            ]
        },
        {
            "id": "Wrcx93I9Y",
            "type": "RECTANGLE",
            "tags": [
                "empty"
            ],
            "boundingBox": {
                "height": 14.137651821862347,
                "width": 81.26259946949602,
                "left": 174.30238726790452,
                "top": 147.91150050607285
            },
            "points": [
                {
                    "x": 174.30238726790452,
                    "y": 147.91150050607285
                },
                {
                    "x": 255.56498673740052,
                    "y": 147.91150050607285
                },
                {
                    "x": 255.56498673740052,
                    "y": 162.04915232793522
                },
                {
                    "x": 174.30238726790452,
                    "y": 162.04915232793522
                }
            ]
        },
        {
            "id": "NUA2U8kVp",
            "type": "RECTANGLE",
            "tags": [
                "empty"
            ],
            "boundingBox": {
                "height": 28.275303643724694,
                "width": 62.41909814323608,
                "left": 80.08488063660478,
                "top": 132.59571103238866
            },
            "points": [
                {
                    "x": 80.08488063660478,
                    "y": 132.59571103238866
                },
                {
                    "x": 142.50397877984085,
                    "y": 132.59571103238866
                },
                {
                    "x": 142.50397877984085,
                    "y": 160.87101467611336
                },
                {
                    "x": 80.08488063660478,
                    "y": 160.87101467611336
                }
            ]
        },
        {
            "id": "4h4CwoHFc",
            "type": "RECTANGLE",
            "tags": [
                "empty"
            ],
            "boundingBox": {
                "height": 26.563322368421016,
                "width": 75.37400530503979,
                "left": 15.310344827586206,
                "top": 128.41700404858298
            },
            "points": [
                {
                    "x": 15.310344827586206,
                    "y": 128.41700404858298
                },
                {
                    "x": 90.684350132626,
                    "y": 128.41700404858298
                },
                {
                    "x": 90.684350132626,
                    "y": 154.980326417004
                },
                {
                    "x": 15.310344827586206,
                    "y": 154.980326417004
                }
            ]
        },
        {
            "id": "smsFlGvCm",
            "type": "RECTANGLE",
            "tags": [
                "empty"
            ],
            "boundingBox": {
                "height": 20.02834008097166,
                "width": 61.241379310344826,
                "left": 362.737400530504,
                "top": 153.80218876518217
            },
            "points": [
                {
                    "x": 362.737400530504,
                    "y": 153.80218876518217
                },
                {
                    "x": 423.9787798408488,
                    "y": 153.80218876518217
                },
                {
                    "x": 423.9787798408488,
                    "y": 173.83052884615384
                },
                {
                    "x": 362.737400530504,
                    "y": 173.83052884615384
                }
            ]
        },
        {
            "id": "AErIsPPl9",
            "type": "RECTANGLE",
            "tags": [
                "empty"
            ],
            "boundingBox": {
                "height": 24.740890688259107,
                "width": 65.95225464190982,
                "left": 121.3050397877984,
                "top": 140.8426745951417
            },
            "points": [
                {
                    "x": 121.3050397877984,
                    "y": 140.8426745951417
                },
                {
                    "x": 187.25729442970822,
                    "y": 140.8426745951417
                },
                {
                    "x": 187.25729442970822,
                    "y": 165.5835652834008
                },
                {
                    "x": 121.3050397877984,
                    "y": 165.5835652834008
                }
            ]
        },
        {
            "id": "Bur87BLmh",
            "type": "RECTANGLE",
            "tags": [
                "empty"
            ],
            "boundingBox": {
                "height": 24.740890688259107,
                "width": 77.72944297082228,
                "left": 528.7957559681697,
                "top": 163.22728997975707
            },
            "points": [
                {
                    "x": 528.7957559681697,
                    "y": 163.22728997975707
                },
                {
                    "x": 606.525198938992,
                    "y": 163.22728997975707
                },
                {
                    "x": 606.525198938992,
                    "y": 187.96818066801617
                },
                {
                    "x": 528.7957559681697,
                    "y": 187.96818066801617
                }
            ]
        },
        {
            "id": "1AN1ox5IP",
            "type": "RECTANGLE",
            "tags": [
                "empty"
            ],
            "boundingBox": {
                "height": 28.275303643724694,
                "width": 58.88594164456234,
                "left": 694.8541114058355,
                "top": 180.899354757085
            },
            "points": [
                {
                    "x": 694.8541114058355,
                    "y": 180.899354757085
                },
                {
                    "x": 753.7400530503978,
                    "y": 180.899354757085
                },
                {
                    "x": 753.7400530503978,
                    "y": 209.1746584008097
                },
                {
                    "x": 694.8541114058355,
                    "y": 209.1746584008097
                }
            ]
        },
        {
            "id": "J1ly3vmgd",
            "type": "RECTANGLE",
            "tags": [
                "empty"
            ],
            "boundingBox": {
                "height": 15.315789473684209,
                "width": 65.95225464190982,
                "left": 320.3395225464191,
                "top": 127.88316042510121
            },
            "points": [
                {
                    "x": 320.3395225464191,
                    "y": 127.88316042510121
                },
                {
                    "x": 386.2917771883289,
                    "y": 127.88316042510121
                },
                {
                    "x": 386.2917771883289,
                    "y": 143.1989498987854
                },
                {
                    "x": 320.3395225464191,
                    "y": 143.1989498987854
                }
            ]
        },
        {
            "id": "TDrY84Uuf",
            "type": "RECTANGLE",
            "tags": [
                "empty"
            ],
            "boundingBox": {
                "height": 17.672064777327932,
                "width": 77.72944297082228,
                "left": 182.54641909814325,
                "top": 116.10178390688259
            },
            "points": [
                {
                    "x": 182.54641909814325,
                    "y": 116.10178390688259
                },
                {
                    "x": 260.2758620689655,
                    "y": 116.10178390688259
                },
                {
                    "x": 260.2758620689655,
                    "y": 133.77384868421052
                },
                {
                    "x": 182.54641909814325,
                    "y": 133.77384868421052
                }
            ]
        },
        {
            "id": "IHHXQbaYL",
            "type": "RECTANGLE",
            "tags": [
                "empty"
            ],
            "boundingBox": {
                "height": 17.02777074898785,
                "width": 68.30769230769232,
                "left": 138.9708222811671,
                "top": 113.74550860323886
            },
            "points": [
                {
                    "x": 138.9708222811671,
                    "y": 113.74550860323886
                },
                {
                    "x": 207.27851458885942,
                    "y": 113.74550860323886
                },
                {
                    "x": 207.27851458885942,
                    "y": 130.77327935222672
                },
                {
                    "x": 138.9708222811671,
                    "y": 130.77327935222672
                }
            ]
        },
        {
            "id": "eTs-rMahV",
            "type": "RECTANGLE",
            "tags": [
                "empty"
            ],
            "boundingBox": {
                "height": 16.493927125506072,
                "width": 40.04244031830239,
                "left": 524.0848806366048,
                "top": 136.13012398785423
            },
            "points": [
                {
                    "x": 524.0848806366048,
                    "y": 136.13012398785423
                },
                {
                    "x": 564.1273209549072,
                    "y": 136.13012398785423
                },
                {
                    "x": 564.1273209549072,
                    "y": 152.6240511133603
                },
                {
                    "x": 524.0848806366048,
                    "y": 152.6240511133603
                }
            ]
        },
        {
            "id": "dwQyXf_l0",
            "type": "RECTANGLE",
            "tags": [
                "empty"
            ],
            "boundingBox": {
                "height": 14.137651821862347,
                "width": 52.9973474801061,
                "left": 660.7002652519894,
                "top": 140.8426745951417
            },
            "points": [
                {
                    "x": 660.7002652519894,
                    "y": 140.8426745951417
                },
                {
                    "x": 713.6976127320955,
                    "y": 140.8426745951417
                },
                {
                    "x": 713.6976127320955,
                    "y": 154.98032641700402
                },
                {
                    "x": 660.7002652519894,
                    "y": 154.98032641700402
                }
            ]
        },
        {
            "id": "lpx9vIgur",
            "type": "RECTANGLE",
            "tags": [
                "empty"
            ],
            "boundingBox": {
                "height": 10.60323886639676,
                "width": 57.708222811671085,
                "left": 16.488063660477454,
                "top": 104.32040738866397
            },
            "points": [
                {
                    "x": 16.488063660477454,
                    "y": 104.32040738866397
                },
                {
                    "x": 74.19628647214854,
                    "y": 104.32040738866397
                },
                {
                    "x": 74.19628647214854,
                    "y": 114.92364625506072
                },
                {
                    "x": 16.488063660477454,
                    "y": 114.92364625506072
                }
            ]
        },
        {
            "id": "ToXjDtOoV",
            "type": "RECTANGLE",
            "tags": [
                "empty"
            ],
            "boundingBox": {
                "height": 23.562753036437243,
                "width": 45.93103448275862,
                "left": 375.6923076923077,
                "top": 125.52688512145748
            },
            "points": [
                {
                    "x": 375.6923076923077,
                    "y": 125.52688512145748
                },
                {
                    "x": 421.6233421750663,
                    "y": 125.52688512145748
                },
                {
                    "x": 421.6233421750663,
                    "y": 149.0896381578947
                },
                {
                    "x": 375.6923076923077,
                    "y": 149.0896381578947
                }
            ]
        },
        {
            "id": "gHVbIf46L",
            "type": "RECTANGLE",
            "tags": [
                "empty"
            ],
            "boundingBox": {
                "height": 40.05668016194332,
                "width": 142.50397877984085,
                "left": 863.2679045092838,
                "top": 223.31231022267204
            },
            "points": [
                {
                    "x": 863.2679045092838,
                    "y": 223.31231022267204
                },
                {
                    "x": 1005.7718832891246,
                    "y": 223.31231022267204
                },
                {
                    "x": 1005.7718832891246,
                    "y": 263.36899038461536
                },
                {
                    "x": 863.2679045092838,
                    "y": 263.36899038461536
                }
            ]
        }
    ],
    "version": "2.2.0"
}