{
    "asset": {
        "format": "PNG",
        "id": "ffaf0f731c118556162bd36b3974b096",
        "name": "Osaka_Kistler1.PNG",
        "path": "file:C:/Users/Conno/Desktop/Parking%20Oracle/Original%20Images/Osaka_Kistler1.PNG",
        "size": {
            "width": 683,
            "height": 402
        },
        "state": 2,
        "type": 1
    },
    "regions": [
        {
            "id": "Y-GMq-6NN",
            "type": "RECTANGLE",
            "tags": [
                "empty"
            ],
            "boundingBox": {
                "height": 168.40540540540542,
                "width": 255.44562334217508,
                "left": 190.22546419098146,
                "top": 207.5453265765766
            },
            "points": [
                {
                    "x": 190.22546419098146,
                    "y": 207.5453265765766
                },
                {
                    "x": 445.67108753315654,
                    "y": 207.5453265765766
                },
                {
                    "x": 445.67108753315654,
                    "y": 375.950731981982
                },
                {
                    "x": 190.22546419098146,
                    "y": 375.950731981982
                }
            ]
        },
        {
            "id": "u9bf6L89Q",
            "type": "RECTANGLE",
            "tags": [
                "empty"
            ],
            "boundingBox": {
                "height": 149.69369369369372,
                "width": 199.8877099911583,
                "left": 62.20070733863838,
                "top": 235.91469594594597
            },
            "points": [
                {
                    "x": 62.20070733863838,
                    "y": 235.91469594594597
                },
                {
                    "x": 262.08841732979664,
                    "y": 235.91469594594597
                },
                {
                    "x": 262.08841732979664,
                    "y": 385.60838963963965
                },
                {
                    "x": 62.20070733863838,
                    "y": 385.60838963963965
                }
            ]
        },
        {
            "id": "uXiRaNN4t",
            "type": "RECTANGLE",
            "tags": [
                "empty"
            ],
            "boundingBox": {
                "height": 178.66666666666669,
                "width": 243.36781609195404,
                "left": 292.8868258178603,
                "top": 178.57235360360363
            },
            "points": [
                {
                    "x": 292.8868258178603,
                    "y": 178.57235360360363
                },
                {
                    "x": 536.2546419098144,
                    "y": 178.57235360360363
                },
                {
                    "x": 536.2546419098144,
                    "y": 357.2390202702703
                },
                {
                    "x": 292.8868258178603,
                    "y": 357.2390202702703
                }
            ]
        },
        {
            "id": "71uyc7On9",
            "type": "RECTANGLE",
            "tags": [
                "empty"
            ],
            "boundingBox": {
                "height": 121.32432432432434,
                "width": 179.95932802829356,
                "left": 373.8081343943413,
                "top": 162.8786599099099
            },
            "points": [
                {
                    "x": 373.8081343943413,
                    "y": 162.8786599099099
                },
                {
                    "x": 553.7674624226349,
                    "y": 162.8786599099099
                },
                {
                    "x": 553.7674624226349,
                    "y": 284.20298423423424
                },
                {
                    "x": 373.8081343943413,
                    "y": 284.20298423423424
                }
            ]
        },
        {
            "id": "8vnyk5Avo",
            "type": "RECTANGLE",
            "tags": [
                "empty"
            ],
            "boundingBox": {
                "height": 35.612612612612615,
                "width": 73.67462422634837,
                "left": 219.816091954023,
                "top": 66.90568693693695
            },
            "points": [
                {
                    "x": 219.816091954023,
                    "y": 66.90568693693695
                },
                {
                    "x": 293.49071618037135,
                    "y": 66.90568693693695
                },
                {
                    "x": 293.49071618037135,
                    "y": 102.51829954954955
                },
                {
                    "x": 219.816091954023,
                    "y": 102.51829954954955
                }
            ]
        },
        {
            "id": "NpyeHASFf",
            "type": "RECTANGLE",
            "tags": [
                "empty"
            ],
            "boundingBox": {
                "height": 44.66666666666667,
                "width": 48.311229000884175,
                "left": 182.97877984084883,
                "top": 59.662443693693696
            },
            "points": [
                {
                    "x": 182.97877984084883,
                    "y": 59.662443693693696
                },
                {
                    "x": 231.290008841733,
                    "y": 59.662443693693696
                },
                {
                    "x": 231.290008841733,
                    "y": 104.32911036036037
                },
                {
                    "x": 182.97877984084883,
                    "y": 104.32911036036037
                }
            ]
        },
        {
            "id": "VvoiS6lXJ",
            "type": "RECTANGLE",
            "tags": [
                "empty"
            ],
            "boundingBox": {
                "height": 49.4954954954955,
                "width": 56.16180371352785,
                "left": 123.79752431476571,
                "top": 63.284065315315324
            },
            "points": [
                {
                    "x": 123.79752431476571,
                    "y": 63.284065315315324
                },
                {
                    "x": 179.95932802829356,
                    "y": 63.284065315315324
                },
                {
                    "x": 179.95932802829356,
                    "y": 112.77956081081082
                },
                {
                    "x": 123.79752431476571,
                    "y": 112.77956081081082
                }
            ]
        },
        {
            "id": "0r6VQce85",
            "type": "RECTANGLE",
            "tags": [
                "car"
            ],
            "boundingBox": {
                "height": 56.13513513513514,
                "width": 46.49955791335102,
                "left": 78.50574712643679,
                "top": 48.19397522522523
            },
            "points": [
                {
                    "x": 78.50574712643679,
                    "y": 48.19397522522523
                },
                {
                    "x": 125.00530503978781,
                    "y": 48.19397522522523
                },
                {
                    "x": 125.00530503978781,
                    "y": 104.32911036036037
                },
                {
                    "x": 78.50574712643679,
                    "y": 104.32911036036037
                }
            ]
        }
    ],
    "version": "2.2.0"
}