{
    "asset": {
        "format": "PNG",
        "id": "2d4ddfb9a7aed778f82f1ac7221428dc",
        "name": "Montreal_Kistler2.PNG",
        "path": "file:C:/Users/Conno/Desktop/Parking%20Oracle/Original%20Images/Montreal_Kistler2.PNG",
        "size": {
            "width": 713,
            "height": 497
        },
        "state": 2,
        "type": 1
    },
    "regions": [
        {
            "id": "6vMgDvSgJ",
            "type": "RECTANGLE",
            "tags": [
                "car"
            ],
            "boundingBox": {
                "height": 254.20535714285714,
                "width": 316.8888888888889,
                "left": 285.75455555555556,
                "top": 236.45535714285714
            },
            "points": [
                {
                    "x": 285.75455555555556,
                    "y": 236.45535714285714
                },
                {
                    "x": 602.6434444444444,
                    "y": 236.45535714285714
                },
                {
                    "x": 602.6434444444444,
                    "y": 490.6607142857143
                },
                {
                    "x": 285.75455555555556,
                    "y": 490.6607142857143
                }
            ]
        },
        {
            "id": "2Gi-1smmJ",
            "type": "RECTANGLE",
            "tags": [
                "car"
            ],
            "boundingBox": {
                "height": 164.82142857142856,
                "width": 299.8561111111111,
                "left": 115.26833333333333,
                "top": 189.54464285714286
            },
            "points": [
                {
                    "x": 115.26833333333333,
                    "y": 189.54464285714286
                },
                {
                    "x": 415.12444444444446,
                    "y": 189.54464285714286
                },
                {
                    "x": 415.12444444444446,
                    "y": 354.3660714285714
                },
                {
                    "x": 115.26833333333333,
                    "y": 354.3660714285714
                }
            ]
        },
        {
            "id": "pUxlMBl3c",
            "type": "RECTANGLE",
            "tags": [
                "car"
            ],
            "boundingBox": {
                "height": 96.99107142857143,
                "width": 141.96622222222223,
                "left": 48.721666666666664,
                "top": 144.53571428571428
            },
            "points": [
                {
                    "x": 48.721666666666664,
                    "y": 144.53571428571428
                },
                {
                    "x": 190.6878888888889,
                    "y": 144.53571428571428
                },
                {
                    "x": 190.6878888888889,
                    "y": 241.5267857142857
                },
                {
                    "x": 48.721666666666664,
                    "y": 241.5267857142857
                }
            ]
        },
        {
            "id": "x8migmLDO",
            "type": "RECTANGLE",
            "tags": [
                "empty"
            ],
            "boundingBox": {
                "height": 89.38392857142857,
                "width": 169.21866666666668,
                "left": 51.89055555555556,
                "top": 196.51785714285714
            },
            "points": [
                {
                    "x": 51.89055555555556,
                    "y": 196.51785714285714
                },
                {
                    "x": 221.10922222222223,
                    "y": 196.51785714285714
                },
                {
                    "x": 221.10922222222223,
                    "y": 285.9017857142857
                },
                {
                    "x": 51.89055555555556,
                    "y": 285.9017857142857
                }
            ]
        },
        {
            "id": "eScSwZYlB",
            "type": "RECTANGLE",
            "tags": [
                "empty"
            ],
            "boundingBox": {
                "height": 190.8125,
                "width": 166.04977777777776,
                "left": 537.9981111111111,
                "top": 296.04464285714283
            },
            "points": [
                {
                    "x": 537.9981111111111,
                    "y": 296.04464285714283
                },
                {
                    "x": 704.0478888888889,
                    "y": 296.04464285714283
                },
                {
                    "x": 704.0478888888889,
                    "y": 486.85714285714283
                },
                {
                    "x": 537.9981111111111,
                    "y": 486.85714285714283
                }
            ]
        },
        {
            "id": "gQlCfYUP4",
            "type": "RECTANGLE",
            "tags": [
                "empty"
            ],
            "boundingBox": {
                "height": 60.857142857142854,
                "width": 73.51822222222222,
                "left": 587.4327777777778,
                "top": 185.74107142857142
            },
            "points": [
                {
                    "x": 587.4327777777778,
                    "y": 185.74107142857142
                },
                {
                    "x": 660.951,
                    "y": 185.74107142857142
                },
                {
                    "x": 660.951,
                    "y": 246.59821428571428
                },
                {
                    "x": 587.4327777777778,
                    "y": 246.59821428571428
                }
            ]
        },
        {
            "id": "ec6pQDj1I",
            "type": "RECTANGLE",
            "tags": [
                "empty"
            ],
            "boundingBox": {
                "height": 51.348214285714285,
                "width": 58.94133333333333,
                "left": 646.3741111111111,
                "top": 204.125
            },
            "points": [
                {
                    "x": 646.3741111111111,
                    "y": 204.125
                },
                {
                    "x": 705.3154444444444,
                    "y": 204.125
                },
                {
                    "x": 705.3154444444444,
                    "y": 255.47321428571428
                },
                {
                    "x": 646.3741111111111,
                    "y": 255.47321428571428
                }
            ]
        },
        {
            "id": "LTNiKqooN",
            "type": "RECTANGLE",
            "tags": [
                "car"
            ],
            "boundingBox": {
                "height": 56.419642857142854,
                "width": 88.09511111111111,
                "left": 516.4496666666666,
                "top": 161.01785714285714
            },
            "points": [
                {
                    "x": 516.4496666666666,
                    "y": 161.01785714285714
                },
                {
                    "x": 604.5447777777778,
                    "y": 161.01785714285714
                },
                {
                    "x": 604.5447777777778,
                    "y": 217.4375
                },
                {
                    "x": 516.4496666666666,
                    "y": 217.4375
                }
            ]
        },
        {
            "id": "CdQ6VZk1S",
            "type": "RECTANGLE",
            "tags": [
                "empty"
            ],
            "boundingBox": {
                "height": 40.571428571428605,
                "width": 117.24888888888889,
                "left": 420.7492222222222,
                "top": 170.52678571428567
            },
            "points": [
                {
                    "x": 420.7492222222222,
                    "y": 170.52678571428567
                },
                {
                    "x": 537.9981111111111,
                    "y": 170.52678571428567
                },
                {
                    "x": 537.9981111111111,
                    "y": 211.09821428571428
                },
                {
                    "x": 420.7492222222222,
                    "y": 211.09821428571428
                }
            ]
        },
        {
            "id": "FSjdvoZtX",
            "type": "RECTANGLE",
            "tags": [
                "empty"
            ],
            "boundingBox": {
                "height": 36.76785714285716,
                "width": 129.29066666666665,
                "left": 353.56877777777777,
                "top": 159.74999999999997
            },
            "points": [
                {
                    "x": 353.56877777777777,
                    "y": 159.74999999999997
                },
                {
                    "x": 482.8594444444444,
                    "y": 159.74999999999997
                },
                {
                    "x": 482.8594444444444,
                    "y": 196.51785714285714
                },
                {
                    "x": 353.56877777777777,
                    "y": 196.51785714285714
                }
            ]
        },
        {
            "id": "ydWBQkqM6",
            "type": "RECTANGLE",
            "tags": [
                "empty"
            ],
            "boundingBox": {
                "height": 31.696428571428605,
                "width": 122.95288888888889,
                "left": 304.7678888888889,
                "top": 152.77678571428567
            },
            "points": [
                {
                    "x": 304.7678888888889,
                    "y": 152.77678571428567
                },
                {
                    "x": 427.72077777777776,
                    "y": 152.77678571428567
                },
                {
                    "x": 427.72077777777776,
                    "y": 184.47321428571428
                },
                {
                    "x": 304.7678888888889,
                    "y": 184.47321428571428
                }
            ]
        },
        {
            "id": "MyeJphyvz",
            "type": "RECTANGLE",
            "tags": [
                "car"
            ],
            "boundingBox": {
                "height": 47.544642857142854,
                "width": 94.43288888888888,
                "left": 276.2478888888889,
                "top": 126.15178571428571
            },
            "points": [
                {
                    "x": 276.2478888888889,
                    "y": 126.15178571428571
                },
                {
                    "x": 370.6807777777778,
                    "y": 126.15178571428571
                },
                {
                    "x": 370.6807777777778,
                    "y": 173.69642857142856
                },
                {
                    "x": 276.2478888888889,
                    "y": 173.69642857142856
                }
            ]
        }
    ],
    "version": "2.2.0"
}