{
    "asset": {
        "format": "PNG",
        "id": "76c03eef77395d807696d79a66e4e525",
        "name": "Tokyo_Kistler1.PNG",
        "path": "file:C:/Users/Conno/Desktop/Parking%20Oracle/Original%20Images/Tokyo_Kistler1.PNG",
        "size": {
            "width": 740,
            "height": 426
        },
        "state": 2,
        "type": 1
    },
    "regions": [
        {
            "id": "LM5wq-3FE",
            "type": "RECTANGLE",
            "tags": [
                "car"
            ],
            "boundingBox": {
                "height": 119.75115207373273,
                "width": 81.78603006189212,
                "left": 54.30592396109637,
                "top": 107.0214573732719
            },
            "points": [
                {
                    "x": 54.30592396109637,
                    "y": 107.0214573732719
                },
                {
                    "x": 136.0919540229885,
                    "y": 107.0214573732719
                },
                {
                    "x": 136.0919540229885,
                    "y": 226.77260944700464
                },
                {
                    "x": 54.30592396109637,
                    "y": 226.77260944700464
                }
            ]
        },
        {
            "id": "nLJHgiQPT",
            "type": "RECTANGLE",
            "tags": [
                "car"
            ],
            "boundingBox": {
                "height": 121.0599078341014,
                "width": 88.32891246684349,
                "left": 155.7206012378426,
                "top": 89.35325460829493
            },
            "points": [
                {
                    "x": 155.7206012378426,
                    "y": 89.35325460829493
                },
                {
                    "x": 244.0495137046861,
                    "y": 89.35325460829493
                },
                {
                    "x": 244.0495137046861,
                    "y": 210.41316244239633
                },
                {
                    "x": 155.7206012378426,
                    "y": 210.41316244239633
                }
            ]
        },
        {
            "id": "jvWNlB-bB",
            "type": "RECTANGLE",
            "tags": [
                "car"
            ],
            "boundingBox": {
                "height": 71.9815668202765,
                "width": 106.64898320070733,
                "left": 357.2413793103448,
                "top": 98.51454493087559
            },
            "points": [
                {
                    "x": 357.2413793103448,
                    "y": 98.51454493087559
                },
                {
                    "x": 463.89036251105216,
                    "y": 98.51454493087559
                },
                {
                    "x": 463.89036251105216,
                    "y": 170.49611175115209
                },
                {
                    "x": 357.2413793103448,
                    "y": 170.49611175115209
                }
            ]
        },
        {
            "id": "QPMAFS_R4",
            "type": "RECTANGLE",
            "tags": [
                "car"
            ],
            "boundingBox": {
                "height": 71.32718894009217,
                "width": 95.52608311229001,
                "left": 446.87886825817856,
                "top": 96.55141129032259
            },
            "points": [
                {
                    "x": 446.87886825817856,
                    "y": 96.55141129032259
                },
                {
                    "x": 542.4049513704686,
                    "y": 96.55141129032259
                },
                {
                    "x": 542.4049513704686,
                    "y": 167.87860023041475
                },
                {
                    "x": 446.87886825817856,
                    "y": 167.87860023041475
                }
            ]
        },
        {
            "id": "9VXPEMbio",
            "type": "RECTANGLE",
            "tags": [
                "car"
            ],
            "boundingBox": {
                "height": 59.5483870967742,
                "width": 72.62599469496021,
                "left": 529.3191865605659,
                "top": 105.71270161290323
            },
            "points": [
                {
                    "x": 529.3191865605659,
                    "y": 105.71270161290323
                },
                {
                    "x": 601.945181255526,
                    "y": 105.71270161290323
                },
                {
                    "x": 601.945181255526,
                    "y": 165.26108870967744
                },
                {
                    "x": 529.3191865605659,
                    "y": 165.26108870967744
                }
            ]
        },
        {
            "id": "kH5X8r1B7",
            "type": "RECTANGLE",
            "tags": [
                "car"
            ],
            "boundingBox": {
                "height": 51.041474654377886,
                "width": 73.93457117595048,
                "left": 567.2679045092838,
                "top": 109.63896889400922
            },
            "points": [
                {
                    "x": 567.2679045092838,
                    "y": 109.63896889400922
                },
                {
                    "x": 641.2024756852343,
                    "y": 109.63896889400922
                },
                {
                    "x": 641.2024756852343,
                    "y": 160.6804435483871
                },
                {
                    "x": 567.2679045092838,
                    "y": 160.6804435483871
                }
            ]
        },
        {
            "id": "qkX77zJwZ",
            "type": "RECTANGLE",
            "tags": [
                "car"
            ],
            "boundingBox": {
                "height": 48.423963133640555,
                "width": 64.12024756852342,
                "left": 613.0680813439434,
                "top": 107.0214573732719
            },
            "points": [
                {
                    "x": 613.0680813439434,
                    "y": 107.0214573732719
                },
                {
                    "x": 677.1883289124668,
                    "y": 107.0214573732719
                },
                {
                    "x": 677.1883289124668,
                    "y": 155.44542050691246
                },
                {
                    "x": 613.0680813439434,
                    "y": 155.44542050691246
                }
            ]
        },
        {
            "id": "tUhn3ESjY",
            "type": "RECTANGLE",
            "tags": [
                "empty"
            ],
            "boundingBox": {
                "height": 88.3410138248848,
                "width": 140.67197170645446,
                "left": 240.1237842617153,
                "top": 102.44081221198158
            },
            "points": [
                {
                    "x": 240.1237842617153,
                    "y": 102.44081221198158
                },
                {
                    "x": 380.7957559681697,
                    "y": 102.44081221198158
                },
                {
                    "x": 380.7957559681697,
                    "y": 190.78182603686636
                },
                {
                    "x": 240.1237842617153,
                    "y": 190.78182603686636
                }
            ]
        },
        {
            "id": "qQsx6szOp",
            "type": "RECTANGLE",
            "tags": [
                "car"
            ],
            "boundingBox": {
                "height": 66.74654377880185,
                "width": 77.8603006189213,
                "left": 600.6366047745357,
                "top": 227.42698732718895
            },
            "points": [
                {
                    "x": 600.6366047745357,
                    "y": 227.42698732718895
                },
                {
                    "x": 678.496905393457,
                    "y": 227.42698732718895
                },
                {
                    "x": 678.496905393457,
                    "y": 294.17353110599083
                },
                {
                    "x": 600.6366047745357,
                    "y": 294.17353110599083
                }
            ]
        },
        {
            "id": "Yz8ponYz8",
            "type": "RECTANGLE",
            "tags": [
                "car"
            ],
            "boundingBox": {
                "height": 94.88479262672811,
                "width": 293.1211317418214,
                "left": 200.21220159151193,
                "top": 288.28413018433184
            },
            "points": [
                {
                    "x": 200.21220159151193,
                    "y": 288.28413018433184
                },
                {
                    "x": 493.3333333333333,
                    "y": 288.28413018433184
                },
                {
                    "x": 493.3333333333333,
                    "y": 383.16892281105993
                },
                {
                    "x": 200.21220159151193,
                    "y": 383.16892281105993
                }
            ]
        }
    ],
    "version": "2.2.0"
}