{
    "asset": {
        "format": "jpg",
        "id": "7d5bdad328a6470a576efeb5f6e6b093",
        "name": "Sacramento_Kistler.jpg",
        "path": "file:C:/Users/Conno/Desktop/Parking%20Oracle/Original%20Images/Sacramento_Kistler.jpg",
        "size": {
            "width": 550,
            "height": 413
        },
        "state": 2,
        "type": 1
    },
    "regions": [
        {
            "id": "hztXql-R-",
            "type": "RECTANGLE",
            "tags": [
                "car"
            ],
            "boundingBox": {
                "height": 189.11607142857144,
                "width": 99.85707016283526,
                "left": 0,
                "top": 184.375
            },
            "points": [
                {
                    "x": 0,
                    "y": 184.375
                },
                {
                    "x": 99.85707016283526,
                    "y": 184.375
                },
                {
                    "x": 99.85707016283526,
                    "y": 373.49107142857144
                },
                {
                    "x": 0,
                    "y": 373.49107142857144
                }
            ]
        },
        {
            "id": "5Kx23gwYN",
            "type": "RECTANGLE",
            "tags": [
                "car"
            ],
            "boundingBox": {
                "height": 132.22321428571428,
                "width": 189.6551724137931,
                "left": 84.57929238505747,
                "top": 209.6607142857143
            },
            "points": [
                {
                    "x": 84.57929238505747,
                    "y": 209.6607142857143
                },
                {
                    "x": 274.2344647988506,
                    "y": 209.6607142857143
                },
                {
                    "x": 274.2344647988506,
                    "y": 341.88392857142856
                },
                {
                    "x": 84.57929238505747,
                    "y": 341.88392857142856
                }
            ]
        },
        {
            "id": "7TvXYwBPv",
            "type": "RECTANGLE",
            "tags": [
                "car"
            ],
            "boundingBox": {
                "height": 118,
                "width": 209.14750957854406,
                "left": 246.8398287835249,
                "top": 207.02678571428572
            },
            "points": [
                {
                    "x": 246.8398287835249,
                    "y": 207.02678571428572
                },
                {
                    "x": 455.98733836206895,
                    "y": 207.02678571428572
                },
                {
                    "x": 455.98733836206895,
                    "y": 325.0267857142857
                },
                {
                    "x": 246.8398287835249,
                    "y": 325.0267857142857
                }
            ]
        },
        {
            "id": "5YCDAp_py",
            "type": "RECTANGLE",
            "tags": [
                "car"
            ],
            "boundingBox": {
                "height": 112.73214285714286,
                "width": 114.84674329501915,
                "left": 417.5294839559387,
                "top": 202.28571428571428
            },
            "points": [
                {
                    "x": 417.5294839559387,
                    "y": 202.28571428571428
                },
                {
                    "x": 532.3762272509579,
                    "y": 202.28571428571428
                },
                {
                    "x": 532.3762272509579,
                    "y": 315.01785714285717
                },
                {
                    "x": 417.5294839559387,
                    "y": 315.01785714285717
                }
            ]
        }
    ],
    "version": "2.2.0"
}