{
    "asset": {
        "format": "jpg",
        "id": "d5f7fa49f62cb00feadf9e1b7ddcc864",
        "name": "Unknown_Kistler3.jpg",
        "path": "file:C:/Users/Conno/Desktop/Parking%20Oracle/Original%20Images/Unknown_Kistler3.jpg",
        "size": {
            "width": 512,
            "height": 343
        },
        "state": 2,
        "type": 1
    },
    "regions": [
        {
            "id": "NRhateLdM",
            "type": "RECTANGLE",
            "tags": [
                "car"
            ],
            "boundingBox": {
                "height": 39.36807387862797,
                "width": 68.35720601237843,
                "left": 0,
                "top": 205.8197971635884
            },
            "points": [
                {
                    "x": 0,
                    "y": 205.8197971635884
                },
                {
                    "x": 68.35720601237843,
                    "y": 205.8197971635884
                },
                {
                    "x": 68.35720601237843,
                    "y": 245.18787104221636
                },
                {
                    "x": 0,
                    "y": 245.18787104221636
                }
            ]
        },
        {
            "id": "n_HDTKQqZ",
            "type": "RECTANGLE",
            "tags": [
                "car"
            ],
            "boundingBox": {
                "height": 39.82058047493403,
                "width": 95.51900972590627,
                "left": 244.45623342175065,
                "top": 217.58496866754618
            },
            "points": [
                {
                    "x": 244.45623342175065,
                    "y": 217.58496866754618
                },
                {
                    "x": 339.9752431476569,
                    "y": 217.58496866754618
                },
                {
                    "x": 339.9752431476569,
                    "y": 257.4055491424802
                },
                {
                    "x": 244.45623342175065,
                    "y": 257.4055491424802
                }
            ]
        },
        {
            "id": "voALLyVOq",
            "type": "RECTANGLE",
            "tags": [
                "car"
            ],
            "boundingBox": {
                "height": 52.943271767810025,
                "width": 70.1679929266136,
                "left": 440.47391688770995,
                "top": 224.3725676121372
            },
            "points": [
                {
                    "x": 440.47391688770995,
                    "y": 224.3725676121372
                },
                {
                    "x": 510.6419098143236,
                    "y": 224.3725676121372
                },
                {
                    "x": 510.6419098143236,
                    "y": 277.31583937994725
                },
                {
                    "x": 440.47391688770995,
                    "y": 277.31583937994725
                }
            ]
        },
        {
            "id": "Co5YAn3A-",
            "type": "RECTANGLE",
            "tags": [
                "car"
            ],
            "boundingBox": {
                "height": 20.815303430079155,
                "width": 60.661361626878865,
                "left": 373.92749778956676,
                "top": 217.1324620712401
            },
            "points": [
                {
                    "x": 373.92749778956676,
                    "y": 217.1324620712401
                },
                {
                    "x": 434.5888594164456,
                    "y": 217.1324620712401
                },
                {
                    "x": 434.5888594164456,
                    "y": 237.94776550131925
                },
                {
                    "x": 373.92749778956676,
                    "y": 237.94776550131925
                }
            ]
        },
        {
            "id": "5uo7Ra0fX",
            "type": "RECTANGLE",
            "tags": [
                "car"
            ],
            "boundingBox": {
                "height": 37.105540897097626,
                "width": 53.41821396993811,
                "left": 304.2122015915119,
                "top": 205.3672905672823
            },
            "points": [
                {
                    "x": 304.2122015915119,
                    "y": 205.3672905672823
                },
                {
                    "x": 357.63041556145004,
                    "y": 205.3672905672823
                },
                {
                    "x": 357.63041556145004,
                    "y": 242.47283146437994
                },
                {
                    "x": 304.2122015915119,
                    "y": 242.47283146437994
                }
            ]
        },
        {
            "id": "dzdmmcNDU",
            "type": "RECTANGLE",
            "tags": [
                "car"
            ],
            "boundingBox": {
                "height": 28.50791556728232,
                "width": 67.45181255526083,
                "left": 199.6392572944297,
                "top": 213.51240930079155
            },
            "points": [
                {
                    "x": 199.6392572944297,
                    "y": 213.51240930079155
                },
                {
                    "x": 267.09106984969054,
                    "y": 213.51240930079155
                },
                {
                    "x": 267.09106984969054,
                    "y": 242.02032486807389
                },
                {
                    "x": 199.6392572944297,
                    "y": 242.02032486807389
                }
            ]
        },
        {
            "id": "HIgWD-bpz",
            "type": "RECTANGLE",
            "tags": [
                "car"
            ],
            "boundingBox": {
                "height": 25.79287598944591,
                "width": 58.39787798408488,
                "left": 160.7073386383731,
                "top": 209.892356530343
            },
            "points": [
                {
                    "x": 160.7073386383731,
                    "y": 209.892356530343
                },
                {
                    "x": 219.105216622458,
                    "y": 209.892356530343
                },
                {
                    "x": 219.105216622458,
                    "y": 235.6852325197889
                },
                {
                    "x": 160.7073386383731,
                    "y": 235.6852325197889
                }
            ]
        },
        {
            "id": "IfGDhZCL_",
            "type": "RECTANGLE",
            "tags": [
                "car"
            ],
            "boundingBox": {
                "height": 14.932717678100264,
                "width": 13.128205128205128,
                "left": 361.70468611847923,
                "top": 215.32243568601584
            },
            "points": [
                {
                    "x": 361.70468611847923,
                    "y": 215.32243568601584
                },
                {
                    "x": 374.8328912466843,
                    "y": 215.32243568601584
                },
                {
                    "x": 374.8328912466843,
                    "y": 230.2551533641161
                },
                {
                    "x": 361.70468611847923,
                    "y": 230.2551533641161
                }
            ]
        },
        {
            "id": "8PJ821C7P",
            "type": "RECTANGLE",
            "tags": [
                "empty"
            ],
            "boundingBox": {
                "height": 33.485488126649074,
                "width": 172.02475685234305,
                "left": 337.7117595048629,
                "top": 271.4332536279683
            },
            "points": [
                {
                    "x": 337.7117595048629,
                    "y": 271.4332536279683
                },
                {
                    "x": 509.73651635720597,
                    "y": 271.4332536279683
                },
                {
                    "x": 509.73651635720597,
                    "y": 304.91874175461743
                },
                {
                    "x": 337.7117595048629,
                    "y": 304.91874175461743
                }
            ]
        },
        {
            "id": "DK0zkyuIK",
            "type": "RECTANGLE",
            "tags": [
                "empty"
            ],
            "boundingBox": {
                "height": 26.24538258575198,
                "width": 145.7683465959328,
                "left": 269.3545534924845,
                "top": 256.048029353562
            },
            "points": [
                {
                    "x": 269.3545534924845,
                    "y": 256.048029353562
                },
                {
                    "x": 415.1229000884173,
                    "y": 256.048029353562
                },
                {
                    "x": 415.1229000884173,
                    "y": 282.29341193931396
                },
                {
                    "x": 269.3545534924845,
                    "y": 282.29341193931396
                }
            ]
        },
        {
            "id": "_647pIwe_",
            "type": "RECTANGLE",
            "tags": [
                "empty"
            ],
            "boundingBox": {
                "height": 25.34036939313984,
                "width": 59.303271441202476,
                "left": 380.2652519893899,
                "top": 244.73536444591028
            },
            "points": [
                {
                    "x": 380.2652519893899,
                    "y": 244.73536444591028
                },
                {
                    "x": 439.5685234305924,
                    "y": 244.73536444591028
                },
                {
                    "x": 439.5685234305924,
                    "y": 270.07573383905014
                },
                {
                    "x": 380.2652519893899,
                    "y": 270.07573383905014
                }
            ]
        },
        {
            "id": "Rl3Cj4uSz",
            "type": "RECTANGLE",
            "tags": [
                "empty"
            ],
            "boundingBox": {
                "height": 16.29023746701847,
                "width": 70.1679929266136,
                "left": 0,
                "top": 244.28285784960423
            },
            "points": [
                {
                    "x": 0,
                    "y": 244.28285784960423
                },
                {
                    "x": 70.1679929266136,
                    "y": 244.28285784960423
                },
                {
                    "x": 70.1679929266136,
                    "y": 260.5730953166227
                },
                {
                    "x": 0,
                    "y": 260.5730953166227
                }
            ]
        },
        {
            "id": "IlHrLxDqP",
            "type": "RECTANGLE",
            "tags": [
                "empty"
            ],
            "boundingBox": {
                "height": 13.504493733509234,
                "width": 49.79664014146775,
                "left": 190.5853227232537,
                "top": 243.4485488126649
            },
            "points": [
                {
                    "x": 190.5853227232537,
                    "y": 243.4485488126649
                },
                {
                    "x": 240.3819628647215,
                    "y": 243.4485488126649
                },
                {
                    "x": 240.3819628647215,
                    "y": 256.9530425461741
                },
                {
                    "x": 190.5853227232537,
                    "y": 256.9530425461741
                }
            ]
        }
    ],
    "version": "2.2.0"
}