{
    "asset": {
        "format": "jpg",
        "id": "f00de8c2f627c37c1eff3c4ed85234d9",
        "name": "Unknown_Kistler1.jpg",
        "path": "file:C:/Users/Conno/Desktop/Parking%20Oracle/Original%20Images/Unknown_Kistler1.jpg",
        "size": {
            "width": 720,
            "height": 540
        },
        "state": 2,
        "type": 1
    },
    "regions": [
        {
            "id": "RBnNH6M8J",
            "type": "RECTANGLE",
            "tags": [
                "car"
            ],
            "boundingBox": {
                "height": 55.79081632653062,
                "width": 116.44019138755982,
                "left": 204.061004784689,
                "top": 279.64285714285717
            },
            "points": [
                {
                    "x": 204.061004784689,
                    "y": 279.64285714285717
                },
                {
                    "x": 320.5011961722488,
                    "y": 279.64285714285717
                },
                {
                    "x": 320.5011961722488,
                    "y": 335.43367346938777
                },
                {
                    "x": 204.061004784689,
                    "y": 335.43367346938777
                }
            ]
        },
        {
            "id": "FVl11dd6Z",
            "type": "RECTANGLE",
            "tags": [
                "car"
            ],
            "boundingBox": {
                "height": 81.27551020408164,
                "width": 105.29784688995215,
                "left": 323.25717703349284,
                "top": 286.53061224489795
            },
            "points": [
                {
                    "x": 323.25717703349284,
                    "y": 286.53061224489795
                },
                {
                    "x": 428.555023923445,
                    "y": 286.53061224489795
                },
                {
                    "x": 428.555023923445,
                    "y": 367.80612244897964
                },
                {
                    "x": 323.25717703349284,
                    "y": 367.80612244897964
                }
            ]
        },
        {
            "id": "yfAY8oqDC",
            "type": "RECTANGLE",
            "tags": [
                "car"
            ],
            "boundingBox": {
                "height": 62.67857142857143,
                "width": 96.45933014354068,
                "left": 481.72607655502395,
                "top": 276.19897959183675
            },
            "points": [
                {
                    "x": 481.72607655502395,
                    "y": 276.19897959183675
                },
                {
                    "x": 578.1854066985646,
                    "y": 276.19897959183675
                },
                {
                    "x": 578.1854066985646,
                    "y": 338.8775510204082
                },
                {
                    "x": 481.72607655502395,
                    "y": 338.8775510204082
                }
            ]
        },
        {
            "id": "mw3XssJ3h",
            "type": "RECTANGLE",
            "tags": [
                "car"
            ],
            "boundingBox": {
                "height": 67.5,
                "width": 87.50239234449761,
                "left": 547.1806220095694,
                "top": 304.4387755102041
            },
            "points": [
                {
                    "x": 547.1806220095694,
                    "y": 304.4387755102041
                },
                {
                    "x": 634.683014354067,
                    "y": 304.4387755102041
                },
                {
                    "x": 634.683014354067,
                    "y": 371.9387755102041
                },
                {
                    "x": 547.1806220095694,
                    "y": 371.9387755102041
                }
            ]
        },
        {
            "id": "k9xD3jjG5",
            "type": "RECTANGLE",
            "tags": [
                "car"
            ],
            "boundingBox": {
                "height": 68.87755102040816,
                "width": 97.7188995215311,
                "left": 622.2811004784689,
                "top": 318.9030612244898
            },
            "points": [
                {
                    "x": 622.2811004784689,
                    "y": 318.9030612244898
                },
                {
                    "x": 720,
                    "y": 318.9030612244898
                },
                {
                    "x": 720,
                    "y": 387.780612244898
                },
                {
                    "x": 622.2811004784689,
                    "y": 387.780612244898
                }
            ]
        },
        {
            "id": "CSbvUUdkH",
            "type": "RECTANGLE",
            "tags": [
                "car"
            ],
            "boundingBox": {
                "height": 69.56632653061224,
                "width": 79.92344497607655,
                "left": 434.18540669856463,
                "top": 252.09183673469389
            },
            "points": [
                {
                    "x": 434.18540669856463,
                    "y": 252.09183673469389
                },
                {
                    "x": 514.1088516746412,
                    "y": 252.09183673469389
                },
                {
                    "x": 514.1088516746412,
                    "y": 321.65816326530614
                },
                {
                    "x": 434.18540669856463,
                    "y": 321.65816326530614
                }
            ]
        },
        {
            "id": "Y670m0Eq-",
            "type": "RECTANGLE",
            "tags": [
                "car"
            ],
            "boundingBox": {
                "height": 28.23979591836735,
                "width": 65.45454545454545,
                "left": 558.8935406698565,
                "top": 219.71938775510205
            },
            "points": [
                {
                    "x": 558.8935406698565,
                    "y": 219.71938775510205
                },
                {
                    "x": 624.3480861244019,
                    "y": 219.71938775510205
                },
                {
                    "x": 624.3480861244019,
                    "y": 247.9591836734694
                },
                {
                    "x": 558.8935406698565,
                    "y": 247.9591836734694
                }
            ]
        },
        {
            "id": "sorq1TFPv",
            "type": "RECTANGLE",
            "tags": [
                "car"
            ],
            "boundingBox": {
                "height": 26.173469387755105,
                "width": 71.6555023923445,
                "left": 425.91746411483257,
                "top": 195.6122448979592
            },
            "points": [
                {
                    "x": 425.91746411483257,
                    "y": 195.6122448979592
                },
                {
                    "x": 497.57296650717706,
                    "y": 195.6122448979592
                },
                {
                    "x": 497.57296650717706,
                    "y": 221.7857142857143
                },
                {
                    "x": 425.91746411483257,
                    "y": 221.7857142857143
                }
            ]
        },
        {
            "id": "IFQdmZA58",
            "type": "RECTANGLE",
            "tags": [
                "car"
            ],
            "boundingBox": {
                "height": 33.06122448979592,
                "width": 66.14354066985646,
                "left": 359.7739234449761,
                "top": 174.26020408163265
            },
            "points": [
                {
                    "x": 359.7739234449761,
                    "y": 174.26020408163265
                },
                {
                    "x": 425.91746411483257,
                    "y": 174.26020408163265
                },
                {
                    "x": 425.91746411483257,
                    "y": 207.32142857142858
                },
                {
                    "x": 359.7739234449761,
                    "y": 207.32142857142858
                }
            ]
        },
        {
            "id": "zK7qSSX7t",
            "type": "RECTANGLE",
            "tags": [
                "car"
            ],
            "boundingBox": {
                "height": 28.92857142857143,
                "width": 56.49760765550236,
                "left": 318.43421052631584,
                "top": 175.6377551020408
            },
            "points": [
                {
                    "x": 318.43421052631584,
                    "y": 175.6377551020408
                },
                {
                    "x": 374.9318181818182,
                    "y": 175.6377551020408
                },
                {
                    "x": 374.9318181818182,
                    "y": 204.56632653061226
                },
                {
                    "x": 318.43421052631584,
                    "y": 204.56632653061226
                }
            ]
        },
        {
            "id": "CEPnZD2Rd",
            "type": "RECTANGLE",
            "tags": [
                "car"
            ],
            "boundingBox": {
                "height": 30.306122448979593,
                "width": 55.80861244019139,
                "left": 260.5586124401914,
                "top": 166.68367346938777
            },
            "points": [
                {
                    "x": 260.5586124401914,
                    "y": 166.68367346938777
                },
                {
                    "x": 316.3672248803828,
                    "y": 166.68367346938777
                },
                {
                    "x": 316.3672248803828,
                    "y": 196.98979591836735
                },
                {
                    "x": 260.5586124401914,
                    "y": 196.98979591836735
                }
            ]
        },
        {
            "id": "KbsEfxLzF",
            "type": "RECTANGLE",
            "tags": [
                "car"
            ],
            "boundingBox": {
                "height": 27.551020408163268,
                "width": 50.985645933014354,
                "left": 220.59688995215313,
                "top": 157.04081632653063
            },
            "points": [
                {
                    "x": 220.59688995215313,
                    "y": 157.04081632653063
                },
                {
                    "x": 271.5825358851675,
                    "y": 157.04081632653063
                },
                {
                    "x": 271.5825358851675,
                    "y": 184.59183673469389
                },
                {
                    "x": 220.59688995215313,
                    "y": 184.59183673469389
                }
            ]
        },
        {
            "id": "tfVyfmRpA",
            "type": "RECTANGLE",
            "tags": [
                "car"
            ],
            "boundingBox": {
                "height": 29.617346938775512,
                "width": 55.119617224880386,
                "left": 186.83612440191388,
                "top": 147.3979591836735
            },
            "points": [
                {
                    "x": 186.83612440191388,
                    "y": 147.3979591836735
                },
                {
                    "x": 241.95574162679426,
                    "y": 147.3979591836735
                },
                {
                    "x": 241.95574162679426,
                    "y": 177.015306122449
                },
                {
                    "x": 186.83612440191388,
                    "y": 177.015306122449
                }
            ]
        },
        {
            "id": "RJo0BcbhH",
            "type": "RECTANGLE",
            "tags": [
                "car"
            ],
            "boundingBox": {
                "height": 39.26020408163266,
                "width": 88.88038277511963,
                "left": 227.48684210526318,
                "top": 230.73979591836735
            },
            "points": [
                {
                    "x": 227.48684210526318,
                    "y": 230.73979591836735
                },
                {
                    "x": 316.3672248803828,
                    "y": 230.73979591836735
                },
                {
                    "x": 316.3672248803828,
                    "y": 270
                },
                {
                    "x": 227.48684210526318,
                    "y": 270
                }
            ]
        },
        {
            "id": "Y12rLCwWq",
            "type": "RECTANGLE",
            "tags": [
                "car"
            ],
            "boundingBox": {
                "height": 52.34693877551021,
                "width": 96.45933014354068,
                "left": 148.94138755980862,
                "top": 199.0561224489796
            },
            "points": [
                {
                    "x": 148.94138755980862,
                    "y": 199.0561224489796
                },
                {
                    "x": 245.4007177033493,
                    "y": 199.0561224489796
                },
                {
                    "x": 245.4007177033493,
                    "y": 251.40306122448982
                },
                {
                    "x": 148.94138755980862,
                    "y": 251.40306122448982
                }
            ]
        },
        {
            "id": "ks-eDyiet",
            "type": "RECTANGLE",
            "tags": [
                "car"
            ],
            "boundingBox": {
                "height": 45.45918367346939,
                "width": 81.99043062200957,
                "left": 119.31459330143541,
                "top": 196.30102040816328
            },
            "points": [
                {
                    "x": 119.31459330143541,
                    "y": 196.30102040816328
                },
                {
                    "x": 201.305023923445,
                    "y": 196.30102040816328
                },
                {
                    "x": 201.305023923445,
                    "y": 241.76020408163268
                },
                {
                    "x": 119.31459330143541,
                    "y": 241.76020408163268
                }
            ]
        },
        {
            "id": "5-tnF3ekn",
            "type": "RECTANGLE",
            "tags": [
                "car"
            ],
            "boundingBox": {
                "height": 32.37244897959184,
                "width": 55.80861244019139,
                "left": 102.0897129186603,
                "top": 195.6122448979592
            },
            "points": [
                {
                    "x": 102.0897129186603,
                    "y": 195.6122448979592
                },
                {
                    "x": 157.89832535885168,
                    "y": 195.6122448979592
                },
                {
                    "x": 157.89832535885168,
                    "y": 227.98469387755102
                },
                {
                    "x": 102.0897129186603,
                    "y": 227.98469387755102
                }
            ]
        },
        {
            "id": "9ThkwL81k",
            "type": "RECTANGLE",
            "tags": [
                "car"
            ],
            "boundingBox": {
                "height": 35.12755102040816,
                "width": 79.92344497607655,
                "left": 15.96531100478469,
                "top": 214.8979591836735
            },
            "points": [
                {
                    "x": 15.96531100478469,
                    "y": 214.8979591836735
                },
                {
                    "x": 95.88875598086125,
                    "y": 214.8979591836735
                },
                {
                    "x": 95.88875598086125,
                    "y": 250.02551020408166
                },
                {
                    "x": 15.96531100478469,
                    "y": 250.02551020408166
                }
            ]
        },
        {
            "id": "CsWV-89E1",
            "type": "RECTANGLE",
            "tags": [
                "car"
            ],
            "boundingBox": {
                "height": 41.3265306122449,
                "width": 61.32057416267943,
                "left": 80.04186602870814,
                "top": 180.4591836734694
            },
            "points": [
                {
                    "x": 80.04186602870814,
                    "y": 180.4591836734694
                },
                {
                    "x": 141.36244019138758,
                    "y": 180.4591836734694
                },
                {
                    "x": 141.36244019138758,
                    "y": 221.7857142857143
                },
                {
                    "x": 80.04186602870814,
                    "y": 221.7857142857143
                }
            ]
        },
        {
            "id": "JZWsOb1ho",
            "type": "RECTANGLE",
            "tags": [
                "car"
            ],
            "boundingBox": {
                "height": 39.94897959183674,
                "width": 64.07655502392345,
                "left": 30.43421052631579,
                "top": 170.12755102040816
            },
            "points": [
                {
                    "x": 30.43421052631579,
                    "y": 170.12755102040816
                },
                {
                    "x": 94.51076555023924,
                    "y": 170.12755102040816
                },
                {
                    "x": 94.51076555023924,
                    "y": 210.0765306122449
                },
                {
                    "x": 30.43421052631579,
                    "y": 210.0765306122449
                }
            ]
        },
        {
            "id": "RuJ9IIAIH",
            "type": "RECTANGLE",
            "tags": [
                "car"
            ],
            "boundingBox": {
                "height": 29.617346938775512,
                "width": 23.425837320574164,
                "left": 0.11842105263157895,
                "top": 196.30102040816328
            },
            "points": [
                {
                    "x": 0.11842105263157895,
                    "y": 196.30102040816328
                },
                {
                    "x": 23.544258373205743,
                    "y": 196.30102040816328
                },
                {
                    "x": 23.544258373205743,
                    "y": 225.9183673469388
                },
                {
                    "x": 0.11842105263157895,
                    "y": 225.9183673469388
                }
            ]
        },
        {
            "id": "sEoZTqCng",
            "type": "RECTANGLE",
            "tags": [
                "car"
            ],
            "boundingBox": {
                "height": 30.994897959183696,
                "width": 43.288277511961724,
                "left": 2.874401913875598,
                "top": 154.9744897959184
            },
            "points": [
                {
                    "x": 2.874401913875598,
                    "y": 154.9744897959184
                },
                {
                    "x": 46.162679425837325,
                    "y": 154.9744897959184
                },
                {
                    "x": 46.162679425837325,
                    "y": 185.9693877551021
                },
                {
                    "x": 2.874401913875598,
                    "y": 185.9693877551021
                }
            ]
        },
        {
            "id": "0KALNMxrK",
            "type": "RECTANGLE",
            "tags": [
                "empty"
            ],
            "boundingBox": {
                "height": 35.12755102040816,
                "width": 118.50717703349284,
                "left": 141.36244019138758,
                "top": 278.265306122449
            },
            "points": [
                {
                    "x": 141.36244019138758,
                    "y": 278.265306122449
                },
                {
                    "x": 259.8696172248804,
                    "y": 278.265306122449
                },
                {
                    "x": 259.8696172248804,
                    "y": 313.39285714285717
                },
                {
                    "x": 141.36244019138758,
                    "y": 313.39285714285717
                }
            ]
        },
        {
            "id": "-3OKms-cd",
            "type": "RECTANGLE",
            "tags": [
                "empty"
            ],
            "boundingBox": {
                "height": 40.63775510204082,
                "width": 110.92822966507178,
                "left": 244.7117224880383,
                "top": 307.1938775510204
            },
            "points": [
                {
                    "x": 244.7117224880383,
                    "y": 307.1938775510204
                },
                {
                    "x": 355.6399521531101,
                    "y": 307.1938775510204
                },
                {
                    "x": 355.6399521531101,
                    "y": 347.83163265306126
                },
                {
                    "x": 244.7117224880383,
                    "y": 347.83163265306126
                }
            ]
        },
        {
            "id": "7-ZcDIWBB",
            "type": "RECTANGLE",
            "tags": [
                "empty"
            ],
            "boundingBox": {
                "height": 46.83673469387755,
                "width": 104.03827751196172,
                "left": 116.5586124401914,
                "top": 269.31122448979596
            },
            "points": [
                {
                    "x": 116.5586124401914,
                    "y": 269.31122448979596
                },
                {
                    "x": 220.59688995215313,
                    "y": 269.31122448979596
                },
                {
                    "x": 220.59688995215313,
                    "y": 316.14795918367355
                },
                {
                    "x": 116.5586124401914,
                    "y": 316.14795918367355
                }
            ]
        },
        {
            "id": "79G2cu_aH",
            "type": "RECTANGLE",
            "tags": [
                "empty"
            ],
            "boundingBox": {
                "height": 27.551020408163268,
                "width": 119.88516746411484,
                "left": 74.5299043062201,
                "top": 258.2908163265306
            },
            "points": [
                {
                    "x": 74.5299043062201,
                    "y": 258.2908163265306
                },
                {
                    "x": 194.41507177033495,
                    "y": 258.2908163265306
                },
                {
                    "x": 194.41507177033495,
                    "y": 285.8418367346939
                },
                {
                    "x": 74.5299043062201,
                    "y": 285.8418367346939
                }
            ]
        },
        {
            "id": "S6azcbBUC",
            "type": "RECTANGLE",
            "tags": [
                "empty"
            ],
            "boundingBox": {
                "height": 29.617346938775512,
                "width": 99.2153110047847,
                "left": 56.616028708133975,
                "top": 250.02551020408166
            },
            "points": [
                {
                    "x": 56.616028708133975,
                    "y": 250.02551020408166
                },
                {
                    "x": 155.83133971291866,
                    "y": 250.02551020408166
                },
                {
                    "x": 155.83133971291866,
                    "y": 279.64285714285717
                },
                {
                    "x": 56.616028708133975,
                    "y": 279.64285714285717
                }
            ]
        },
        {
            "id": "NdJTCr0n2",
            "type": "RECTANGLE",
            "tags": [
                "empty"
            ],
            "boundingBox": {
                "height": 24.107142857142858,
                "width": 110.92822966507178,
                "left": 14.58732057416268,
                "top": 237.6275510204082
            },
            "points": [
                {
                    "x": 14.58732057416268,
                    "y": 237.6275510204082
                },
                {
                    "x": 125.51555023923446,
                    "y": 237.6275510204082
                },
                {
                    "x": 125.51555023923446,
                    "y": 261.734693877551
                },
                {
                    "x": 14.58732057416268,
                    "y": 261.734693877551
                }
            ]
        },
        {
            "id": "uRT8LqdZh",
            "type": "RECTANGLE",
            "tags": [
                "empty"
            ],
            "boundingBox": {
                "height": 21.352040816326532,
                "width": 92.32535885167465,
                "left": 279.16148325358853,
                "top": 260.3571428571429
            },
            "points": [
                {
                    "x": 279.16148325358853,
                    "y": 260.3571428571429
                },
                {
                    "x": 371.4868421052632,
                    "y": 260.3571428571429
                },
                {
                    "x": 371.4868421052632,
                    "y": 281.7091836734694
                },
                {
                    "x": 279.16148325358853,
                    "y": 281.7091836734694
                }
            ]
        },
        {
            "id": "WKjd6026-",
            "type": "RECTANGLE",
            "tags": [
                "empty"
            ],
            "boundingBox": {
                "height": 28.92857142857143,
                "width": 110.23923444976077,
                "left": 310.1662679425838,
                "top": 274.1326530612245
            },
            "points": [
                {
                    "x": 310.1662679425838,
                    "y": 274.1326530612245
                },
                {
                    "x": 420.40550239234454,
                    "y": 274.1326530612245
                },
                {
                    "x": 420.40550239234454,
                    "y": 303.06122448979596
                },
                {
                    "x": 310.1662679425838,
                    "y": 303.06122448979596
                }
            ]
        },
        {
            "id": "_CMK_Okl8",
            "type": "RECTANGLE",
            "tags": [
                "empty"
            ],
            "boundingBox": {
                "height": 40.63775510204078,
                "width": 104.72727272727273,
                "left": 614.7021531100479,
                "top": 244.51530612244903
            },
            "points": [
                {
                    "x": 614.7021531100479,
                    "y": 244.51530612244903
                },
                {
                    "x": 719.4294258373207,
                    "y": 244.51530612244903
                },
                {
                    "x": 719.4294258373207,
                    "y": 285.1530612244898
                },
                {
                    "x": 614.7021531100479,
                    "y": 285.1530612244898
                }
            ]
        },
        {
            "id": "TFp-6jkDH",
            "type": "RECTANGLE",
            "tags": [
                "empty"
            ],
            "boundingBox": {
                "height": 30.994897959183675,
                "width": 27.441387559808614,
                "left": 692.5586124401914,
                "top": 222.47448979591837
            },
            "points": [
                {
                    "x": 692.5586124401914,
                    "y": 222.47448979591837
                },
                {
                    "x": 720,
                    "y": 222.47448979591837
                },
                {
                    "x": 720,
                    "y": 253.46938775510205
                },
                {
                    "x": 692.5586124401914,
                    "y": 253.46938775510205
                }
            ]
        },
        {
            "id": "xdAQPdNQd",
            "type": "RECTANGLE",
            "tags": [
                "empty"
            ],
            "boundingBox": {
                "height": 18.596938775510207,
                "width": 70.2775119617225,
                "left": 602.9892344497608,
                "top": 215.58673469387756
            },
            "points": [
                {
                    "x": 602.9892344497608,
                    "y": 215.58673469387756
                },
                {
                    "x": 673.2667464114833,
                    "y": 215.58673469387756
                },
                {
                    "x": 673.2667464114833,
                    "y": 234.18367346938777
                },
                {
                    "x": 602.9892344497608,
                    "y": 234.18367346938777
                }
            ]
        },
        {
            "id": "1dWFbn84y",
            "type": "RECTANGLE",
            "tags": [
                "empty"
            ],
            "boundingBox": {
                "height": 19.28571428571429,
                "width": 66.14354066985646,
                "left": 555.4485645933015,
                "top": 207.32142857142858
            },
            "points": [
                {
                    "x": 555.4485645933015,
                    "y": 207.32142857142858
                },
                {
                    "x": 621.5921052631579,
                    "y": 207.32142857142858
                },
                {
                    "x": 621.5921052631579,
                    "y": 226.60714285714286
                },
                {
                    "x": 555.4485645933015,
                    "y": 226.60714285714286
                }
            ]
        },
        {
            "id": "cBmkFbTqh",
            "type": "RECTANGLE",
            "tags": [
                "empty"
            ],
            "boundingBox": {
                "height": 21.352040816326532,
                "width": 72.34449760765551,
                "left": 498.95095693779905,
                "top": 221.0969387755102
            },
            "points": [
                {
                    "x": 498.95095693779905,
                    "y": 221.0969387755102
                },
                {
                    "x": 571.2954545454546,
                    "y": 221.0969387755102
                },
                {
                    "x": 571.2954545454546,
                    "y": 242.44897959183675
                },
                {
                    "x": 498.95095693779905,
                    "y": 242.44897959183675
                }
            ]
        },
        {
            "id": "WM8qUWa0Q",
            "type": "RECTANGLE",
            "tags": [
                "empty"
            ],
            "boundingBox": {
                "height": 21.352040816326532,
                "width": 86.1244019138756,
                "left": 456.92224880382776,
                "top": 213.52040816326533
            },
            "points": [
                {
                    "x": 456.92224880382776,
                    "y": 213.52040816326533
                },
                {
                    "x": 543.0466507177034,
                    "y": 213.52040816326533
                },
                {
                    "x": 543.0466507177034,
                    "y": 234.87244897959184
                },
                {
                    "x": 456.92224880382776,
                    "y": 234.87244897959184
                }
            ]
        },
        {
            "id": "gFcFAQU2-",
            "type": "RECTANGLE",
            "tags": [
                "empty"
            ],
            "boundingBox": {
                "height": 34.43877551020408,
                "width": 44.21411483253597,
                "left": 523.6363636363636,
                "top": 190.10204081632654
            },
            "points": [
                {
                    "x": 523.6363636363636,
                    "y": 190.10204081632654
                },
                {
                    "x": 567.8504784688996,
                    "y": 190.10204081632654
                },
                {
                    "x": 567.8504784688996,
                    "y": 224.54081632653063
                },
                {
                    "x": 523.6363636363636,
                    "y": 224.54081632653063
                }
            ]
        },
        {
            "id": "uG6FtV4WH",
            "type": "RECTANGLE",
            "tags": [
                "empty"
            ],
            "boundingBox": {
                "height": 19.97448979591837,
                "width": 55.80861244019139,
                "left": 383.19976076555025,
                "top": 201.12244897959184
            },
            "points": [
                {
                    "x": 383.19976076555025,
                    "y": 201.12244897959184
                },
                {
                    "x": 439.00837320574163,
                    "y": 201.12244897959184
                },
                {
                    "x": 439.00837320574163,
                    "y": 221.0969387755102
                },
                {
                    "x": 383.19976076555025,
                    "y": 221.0969387755102
                }
            ]
        },
        {
            "id": "PqEE-QDif",
            "type": "RECTANGLE",
            "tags": [
                "empty"
            ],
            "boundingBox": {
                "height": 25.48469387755102,
                "width": 37.776315789473685,
                "left": 489.994019138756,
                "top": 186.65816326530617
            },
            "points": [
                {
                    "x": 489.994019138756,
                    "y": 186.65816326530617
                },
                {
                    "x": 527.7703349282297,
                    "y": 186.65816326530617
                },
                {
                    "x": 527.7703349282297,
                    "y": 212.1428571428572
                },
                {
                    "x": 489.994019138756,
                    "y": 212.1428571428572
                }
            ]
        },
        {
            "id": "gRknFr2vQ",
            "type": "RECTANGLE",
            "tags": [
                "empty"
            ],
            "boundingBox": {
                "height": 13.775510204081634,
                "width": 62.00956937799043,
                "left": 415.5825358851675,
                "top": 181.83673469387756
            },
            "points": [
                {
                    "x": 415.5825358851675,
                    "y": 181.83673469387756
                },
                {
                    "x": 477.5921052631579,
                    "y": 181.83673469387756
                },
                {
                    "x": 477.5921052631579,
                    "y": 195.6122448979592
                },
                {
                    "x": 415.5825358851675,
                    "y": 195.6122448979592
                }
            ]
        }
    ],
    "version": "2.2.0"
}