{
    "asset": {
        "format": "JPG",
        "id": "40804d3317d5f581e789d037922c8a2c",
        "name": "Week2Lot6_Mike%20Moser.JPG",
        "path": "file:C:/Users/Michael/Documents/Spring2021/CSC%20354/Lot%20Images/Week%202%20Shots_Mike%20Moser/Week2Lot6_Mike%20Moser.JPG",
        "size": {
            "width": 662,
            "height": 373
        },
        "state": 2,
        "type": 1
    },
    "regions": [
        {
            "id": "eR-Yv1UEo",
            "type": "RECTANGLE",
            "tags": [
                "empty"
            ],
            "boundingBox": {
                "height": 81.57057654075547,
                "width": 34.1390134529148,
                "left": 472.75112107623323,
                "top": 115.90205641153082
            },
            "points": [
                {
                    "x": 472.75112107623323,
                    "y": 115.90205641153082
                },
                {
                    "x": 506.890134529148,
                    "y": 115.90205641153082
                },
                {
                    "x": 506.890134529148,
                    "y": 197.4726329522863
                },
                {
                    "x": 472.75112107623323,
                    "y": 197.4726329522863
                }
            ]
        },
        {
            "id": "l7wRPj0ia",
            "type": "RECTANGLE",
            "tags": [
                "car"
            ],
            "boundingBox": {
                "height": 103.07554671968191,
                "width": 42.30269058295973,
                "left": 433.41704035874443,
                "top": 93.65553553677933
            },
            "points": [
                {
                    "x": 433.41704035874443,
                    "y": 93.65553553677933
                },
                {
                    "x": 475.71973094170414,
                    "y": 93.65553553677933
                },
                {
                    "x": 475.71973094170414,
                    "y": 196.73108225646124
                },
                {
                    "x": 433.41704035874443,
                    "y": 196.73108225646124
                }
            ]
        },
        {
            "id": "KGMjSN1xh",
            "type": "RECTANGLE",
            "tags": [
                "car"
            ],
            "boundingBox": {
                "height": 97.88469184890657,
                "width": 44.52914798206278,
                "left": 398.5358744394619,
                "top": 86.24002857852884
            },
            "points": [
                {
                    "x": 398.5358744394619,
                    "y": 86.24002857852884
                },
                {
                    "x": 443.0650224215247,
                    "y": 86.24002857852884
                },
                {
                    "x": 443.0650224215247,
                    "y": 184.1247204274354
                },
                {
                    "x": 398.5358744394619,
                    "y": 184.1247204274354
                }
            ]
        },
        {
            "id": "6LCwkClqf",
            "type": "RECTANGLE",
            "tags": [
                "car"
            ],
            "boundingBox": {
                "height": 84.53677932405567,
                "width": 40.818385650224215,
                "left": 363.6547085201794,
                "top": 84.01537649105369
            },
            "points": [
                {
                    "x": 363.6547085201794,
                    "y": 84.01537649105369
                },
                {
                    "x": 404.4730941704036,
                    "y": 84.01537649105369
                },
                {
                    "x": 404.4730941704036,
                    "y": 168.55215581510936
                },
                {
                    "x": 363.6547085201794,
                    "y": 168.55215581510936
                }
            ]
        },
        {
            "id": "BdWkpogVk",
            "type": "RECTANGLE",
            "tags": [
                "car"
            ],
            "boundingBox": {
                "height": 97.88469184890657,
                "width": 37.10762331838565,
                "left": 506.1479820627804,
                "top": 113.67740432405567
            },
            "points": [
                {
                    "x": 506.1479820627804,
                    "y": 113.67740432405567
                },
                {
                    "x": 543.255605381166,
                    "y": 113.67740432405567
                },
                {
                    "x": 543.255605381166,
                    "y": 211.56209617296224
                },
                {
                    "x": 506.1479820627804,
                    "y": 211.56209617296224
                }
            ]
        },
        {
            "id": "gl5Q6dnlu",
            "type": "RECTANGLE",
            "tags": [
                "car"
            ],
            "boundingBox": {
                "height": 82.31212723658052,
                "width": 43.78699551569507,
                "left": 326.5470852017937,
                "top": 81.79072440357854
            },
            "points": [
                {
                    "x": 326.5470852017937,
                    "y": 81.79072440357854
                },
                {
                    "x": 370.3340807174888,
                    "y": 81.79072440357854
                },
                {
                    "x": 370.3340807174888,
                    "y": 164.10285164015906
                },
                {
                    "x": 326.5470852017937,
                    "y": 164.10285164015906
                }
            ]
        },
        {
            "id": "jxDM-BSrf",
            "type": "RECTANGLE",
            "tags": [
                "car"
            ],
            "boundingBox": {
                "height": 100.85089463220676,
                "width": 41.56053811659193,
                "left": 292.4080717488789,
                "top": 60.28575422465209
            },
            "points": [
                {
                    "x": 292.4080717488789,
                    "y": 60.28575422465209
                },
                {
                    "x": 333.96860986547085,
                    "y": 60.28575422465209
                },
                {
                    "x": 333.96860986547085,
                    "y": 161.13664885685884
                },
                {
                    "x": 292.4080717488789,
                    "y": 161.13664885685884
                }
            ]
        },
        {
            "id": "dKzrySQV3",
            "type": "RECTANGLE",
            "tags": [
                "car"
            ],
            "boundingBox": {
                "height": 90.46918489065607,
                "width": 45.271300448430495,
                "left": 248.62107623318386,
                "top": 58.80265283300199
            },
            "points": [
                {
                    "x": 248.62107623318386,
                    "y": 58.80265283300199
                },
                {
                    "x": 293.89237668161434,
                    "y": 58.80265283300199
                },
                {
                    "x": 293.89237668161434,
                    "y": 149.27183772365805
                },
                {
                    "x": 248.62107623318386,
                    "y": 149.27183772365805
                }
            ]
        },
        {
            "id": "KBUTN3iJe",
            "type": "RECTANGLE",
            "tags": [
                "car"
            ],
            "boundingBox": {
                "height": 88.98608349900597,
                "width": 41.56053811659193,
                "left": 218.19282511210764,
                "top": 55.09489935387674
            },
            "points": [
                {
                    "x": 218.19282511210764,
                    "y": 55.09489935387674
                },
                {
                    "x": 259.7533632286996,
                    "y": 55.09489935387674
                },
                {
                    "x": 259.7533632286996,
                    "y": 144.0809828528827
                },
                {
                    "x": 218.19282511210764,
                    "y": 144.0809828528827
                }
            ]
        },
        {
            "id": "oxYOsmPOG",
            "type": "RECTANGLE",
            "tags": [
                "car"
            ],
            "boundingBox": {
                "height": 89.72763419483101,
                "width": 40.81838565022422,
                "left": 183.31165919282515,
                "top": 46.9378416998012
            },
            "points": [
                {
                    "x": 183.31165919282515,
                    "y": 46.9378416998012
                },
                {
                    "x": 224.13004484304938,
                    "y": 46.9378416998012
                },
                {
                    "x": 224.13004484304938,
                    "y": 136.66547589463224
                },
                {
                    "x": 183.31165919282515,
                    "y": 136.66547589463224
                }
            ]
        },
        {
            "id": "dAoZ1iv7W",
            "type": "RECTANGLE",
            "tags": [
                "car"
            ],
            "boundingBox": {
                "height": 87.50298210735586,
                "width": 48.23991031390135,
                "left": 143.97757847533632,
                "top": 35.81458126242545
            },
            "points": [
                {
                    "x": 143.97757847533632,
                    "y": 35.81458126242545
                },
                {
                    "x": 192.21748878923768,
                    "y": 35.81458126242545
                },
                {
                    "x": 192.21748878923768,
                    "y": 123.31756336978131
                },
                {
                    "x": 143.97757847533632,
                    "y": 123.31756336978131
                }
            ]
        },
        {
            "id": "1FTOkheOR",
            "type": "RECTANGLE",
            "tags": [
                "car"
            ],
            "boundingBox": {
                "height": 89.72763419483101,
                "width": 47.497757847533634,
                "left": 105.38565022421525,
                "top": 29.88217569582505
            },
            "points": [
                {
                    "x": 105.38565022421525,
                    "y": 29.88217569582505
                },
                {
                    "x": 152.88340807174887,
                    "y": 29.88217569582505
                },
                {
                    "x": 152.88340807174887,
                    "y": 119.60980989065607
                },
                {
                    "x": 105.38565022421525,
                    "y": 119.60980989065607
                }
            ]
        },
        {
            "id": "q_WAvZlo7",
            "type": "RECTANGLE",
            "tags": [
                "car"
            ],
            "boundingBox": {
                "height": 88.98608349900597,
                "width": 41.560538116591935,
                "left": 543.9977578475338,
                "top": 124.80066476143142
            },
            "points": [
                {
                    "x": 543.9977578475338,
                    "y": 124.80066476143142
                },
                {
                    "x": 585.5582959641257,
                    "y": 124.80066476143142
                },
                {
                    "x": 585.5582959641257,
                    "y": 213.78674826043738
                },
                {
                    "x": 543.9977578475338,
                    "y": 213.78674826043738
                }
            ]
        },
        {
            "id": "1hTVJJebE",
            "type": "RECTANGLE",
            "tags": [
                "car"
            ],
            "boundingBox": {
                "height": 88.98608349900597,
                "width": 44.52914798206278,
                "left": 70.50448430493275,
                "top": 20.242016650099405
            },
            "points": [
                {
                    "x": 70.50448430493275,
                    "y": 20.242016650099405
                },
                {
                    "x": 115.03363228699553,
                    "y": 20.242016650099405
                },
                {
                    "x": 115.03363228699553,
                    "y": 109.22810014910537
                },
                {
                    "x": 70.50448430493275,
                    "y": 109.22810014910537
                }
            ]
        },
        {
            "id": "rAFGW9pQ7",
            "type": "RECTANGLE",
            "tags": [
                "car"
            ],
            "boundingBox": {
                "height": 91.21073558648112,
                "width": 46.75560538116592,
                "left": 31.170403587443946,
                "top": 11.343408300198808
            },
            "points": [
                {
                    "x": 31.170403587443946,
                    "y": 11.343408300198808
                },
                {
                    "x": 77.92600896860986,
                    "y": 11.343408300198808
                },
                {
                    "x": 77.92600896860986,
                    "y": 102.55414388667992
                },
                {
                    "x": 31.170403587443946,
                    "y": 102.55414388667992
                }
            ]
        },
        {
            "id": "cgI-2_7VZ",
            "type": "RECTANGLE",
            "tags": [
                "car"
            ],
            "boundingBox": {
                "height": 90.46918489065607,
                "width": 40.818385650224215,
                "left": 2.968609865470852,
                "top": 5.411002733598409
            },
            "points": [
                {
                    "x": 2.968609865470852,
                    "y": 5.411002733598409
                },
                {
                    "x": 43.78699551569507,
                    "y": 5.411002733598409
                },
                {
                    "x": 43.78699551569507,
                    "y": 95.88018762425448
                },
                {
                    "x": 2.968609865470852,
                    "y": 95.88018762425448
                }
            ]
        },
        {
            "id": "N-RPrS0ff",
            "type": "RECTANGLE",
            "tags": [
                "car"
            ],
            "boundingBox": {
                "height": 88.24453280318092,
                "width": 37.10762331838565,
                "left": 581.847533632287,
                "top": 131.47462102385686
            },
            "points": [
                {
                    "x": 581.847533632287,
                    "y": 131.47462102385686
                },
                {
                    "x": 618.9551569506726,
                    "y": 131.47462102385686
                },
                {
                    "x": 618.9551569506726,
                    "y": 219.7191538270378
                },
                {
                    "x": 581.847533632287,
                    "y": 219.7191538270378
                }
            ]
        },
        {
            "id": "EfjX1g186",
            "type": "RECTANGLE",
            "tags": [
                "car"
            ],
            "boundingBox": {
                "height": 92.69383697813122,
                "width": 40.0762331838565,
                "left": 609.3071748878924,
                "top": 132.95772241550696
            },
            "points": [
                {
                    "x": 609.3071748878924,
                    "y": 132.95772241550696
                },
                {
                    "x": 649.3834080717489,
                    "y": 132.95772241550696
                },
                {
                    "x": 649.3834080717489,
                    "y": 225.65155939363817
                },
                {
                    "x": 609.3071748878924,
                    "y": 225.65155939363817
                }
            ]
        },
        {
            "id": "OebQ3zI32",
            "type": "RECTANGLE",
            "tags": [
                "car"
            ],
            "boundingBox": {
                "height": 91.21073558648112,
                "width": 34.881165919282516,
                "left": 625.6345291479821,
                "top": 226.39311008946322
            },
            "points": [
                {
                    "x": 625.6345291479821,
                    "y": 226.39311008946322
                },
                {
                    "x": 660.5156950672646,
                    "y": 226.39311008946322
                },
                {
                    "x": 660.5156950672646,
                    "y": 317.60384567594434
                },
                {
                    "x": 625.6345291479821,
                    "y": 317.60384567594434
                }
            ]
        },
        {
            "id": "65-OEQgD5",
            "type": "RECTANGLE",
            "tags": [
                "car"
            ],
            "boundingBox": {
                "height": 91.95228628230616,
                "width": 43.04484304932736,
                "left": 593.7219730941704,
                "top": 221.94380591451292
            },
            "points": [
                {
                    "x": 593.7219730941704,
                    "y": 221.94380591451292
                },
                {
                    "x": 636.7668161434977,
                    "y": 221.94380591451292
                },
                {
                    "x": 636.7668161434977,
                    "y": 313.89609219681915
                },
                {
                    "x": 593.7219730941704,
                    "y": 313.89609219681915
                }
            ]
        },
        {
            "id": "oBx49pR7x",
            "type": "RECTANGLE",
            "tags": [
                "car"
            ],
            "boundingBox": {
                "height": 93.43538767395627,
                "width": 60.11434977578475,
                "left": 549.1928251121077,
                "top": 208.59589338966202
            },
            "points": [
                {
                    "x": 549.1928251121077,
                    "y": 208.59589338966202
                },
                {
                    "x": 609.3071748878924,
                    "y": 208.59589338966202
                },
                {
                    "x": 609.3071748878924,
                    "y": 302.03128106361834
                },
                {
                    "x": 549.1928251121077,
                    "y": 302.03128106361834
                }
            ]
        },
        {
            "id": "9aFm5x13v",
            "type": "RECTANGLE",
            "tags": [
                "car"
            ],
            "boundingBox": {
                "height": 86.76143141153082,
                "width": 50.46636771300449,
                "left": 519.5067264573992,
                "top": 210.07899478131213
            },
            "points": [
                {
                    "x": 519.5067264573992,
                    "y": 210.07899478131213
                },
                {
                    "x": 569.9730941704036,
                    "y": 210.07899478131213
                },
                {
                    "x": 569.9730941704036,
                    "y": 296.8404261928429
                },
                {
                    "x": 519.5067264573992,
                    "y": 296.8404261928429
                }
            ]
        },
        {
            "id": "SwDicUf3-",
            "type": "RECTANGLE",
            "tags": [
                "car"
            ],
            "boundingBox": {
                "height": 83.05367793240558,
                "width": 60.856502242152466,
                "left": 487.59417040358744,
                "top": 202.66348782306164
            },
            "points": [
                {
                    "x": 487.59417040358744,
                    "y": 202.66348782306164
                },
                {
                    "x": 548.4506726457399,
                    "y": 202.66348782306164
                },
                {
                    "x": 548.4506726457399,
                    "y": 285.7171657554672
                },
                {
                    "x": 487.59417040358744,
                    "y": 285.7171657554672
                }
            ]
        },
        {
            "id": "miVDh_sG-",
            "type": "RECTANGLE",
            "tags": [
                "car"
            ],
            "boundingBox": {
                "height": 91.95228628230616,
                "width": 52.69282511210763,
                "left": 456.42376681614354,
                "top": 189.31557529821075
            },
            "points": [
                {
                    "x": 456.42376681614354,
                    "y": 189.31557529821075
                },
                {
                    "x": 509.1165919282511,
                    "y": 189.31557529821075
                },
                {
                    "x": 509.1165919282511,
                    "y": 281.2678615805169
                },
                {
                    "x": 456.42376681614354,
                    "y": 281.2678615805169
                }
            ]
        },
        {
            "id": "8boLRN66y",
            "type": "RECTANGLE",
            "tags": [
                "car"
            ],
            "boundingBox": {
                "height": 89.72763419483101,
                "width": 46.01345291479821,
                "left": 425.2533632286996,
                "top": 186.34937251491056
            },
            "points": [
                {
                    "x": 425.2533632286996,
                    "y": 186.34937251491056
                },
                {
                    "x": 471.2668161434978,
                    "y": 186.34937251491056
                },
                {
                    "x": 471.2668161434978,
                    "y": 276.07700670974157
                },
                {
                    "x": 425.2533632286996,
                    "y": 276.07700670974157
                }
            ]
        },
        {
            "id": "z5GJaUJSd",
            "type": "RECTANGLE",
            "tags": [
                "car"
            ],
            "boundingBox": {
                "height": 86.76143141153082,
                "width": 52.69282511210763,
                "left": 385.9192825112108,
                "top": 176.7092134691849
            },
            "points": [
                {
                    "x": 385.9192825112108,
                    "y": 176.7092134691849
                },
                {
                    "x": 438.6121076233184,
                    "y": 176.7092134691849
                },
                {
                    "x": 438.6121076233184,
                    "y": 263.4706448807157
                },
                {
                    "x": 385.9192825112108,
                    "y": 263.4706448807157
                }
            ]
        },
        {
            "id": "2U0xBOsw-",
            "type": "RECTANGLE",
            "tags": [
                "car"
            ],
            "boundingBox": {
                "height": 83.79522862823062,
                "width": 48.98206278026906,
                "left": 351.03811659192826,
                "top": 175.2261120775348
            },
            "points": [
                {
                    "x": 351.03811659192826,
                    "y": 175.2261120775348
                },
                {
                    "x": 400.02017937219733,
                    "y": 175.2261120775348
                },
                {
                    "x": 400.02017937219733,
                    "y": 259.0213407057654
                },
                {
                    "x": 351.03811659192826,
                    "y": 259.0213407057654
                }
            ]
        },
        {
            "id": "RlMNKLQms",
            "type": "RECTANGLE",
            "tags": [
                "car"
            ],
            "boundingBox": {
                "height": 91.95228628230616,
                "width": 46.01345291479821,
                "left": 325.0627802690583,
                "top": 161.8781995526839
            },
            "points": [
                {
                    "x": 325.0627802690583,
                    "y": 161.8781995526839
                },
                {
                    "x": 371.0762331838565,
                    "y": 161.8781995526839
                },
                {
                    "x": 371.0762331838565,
                    "y": 253.83048583499007
                },
                {
                    "x": 325.0627802690583,
                    "y": 253.83048583499007
                }
            ]
        },
        {
            "id": "WeqH11zve",
            "type": "RECTANGLE",
            "tags": [
                "car"
            ],
            "boundingBox": {
                "height": 93.43538767395627,
                "width": 52.69282511210767,
                "left": 283.5022421524664,
                "top": 156.68734468190854
            },
            "points": [
                {
                    "x": 283.5022421524664,
                    "y": 156.68734468190854
                },
                {
                    "x": 336.19506726457405,
                    "y": 156.68734468190854
                },
                {
                    "x": 336.19506726457405,
                    "y": 250.12273235586483
                },
                {
                    "x": 283.5022421524664,
                    "y": 250.12273235586483
                }
            ]
        },
        {
            "id": "nuFmdroh8",
            "type": "RECTANGLE",
            "tags": [
                "car"
            ],
            "boundingBox": {
                "height": 87.50298210735586,
                "width": 51.2085201793722,
                "left": 244.9103139013453,
                "top": 150.75493911530816
            },
            "points": [
                {
                    "x": 244.9103139013453,
                    "y": 150.75493911530816
                },
                {
                    "x": 296.1188340807175,
                    "y": 150.75493911530816
                },
                {
                    "x": 296.1188340807175,
                    "y": 238.25792122266404
                },
                {
                    "x": 244.9103139013453,
                    "y": 238.25792122266404
                }
            ]
        },
        {
            "id": "jnEEaCiX_",
            "type": "RECTANGLE",
            "tags": [
                "car"
            ],
            "boundingBox": {
                "height": 82.31212723658052,
                "width": 57.88789237668162,
                "left": 211.51345291479822,
                "top": 145.5640842445328
            },
            "points": [
                {
                    "x": 211.51345291479822,
                    "y": 145.5640842445328
                },
                {
                    "x": 269.40134529147986,
                    "y": 145.5640842445328
                },
                {
                    "x": 269.40134529147986,
                    "y": 227.87621148111333
                },
                {
                    "x": 211.51345291479822,
                    "y": 227.87621148111333
                }
            ]
        },
        {
            "id": "9VvydhPQx",
            "type": "RECTANGLE",
            "tags": [
                "car"
            ],
            "boundingBox": {
                "height": 82.31212723658052,
                "width": 52.69282511210763,
                "left": 181.08520179372198,
                "top": 136.6654758946322
            },
            "points": [
                {
                    "x": 181.08520179372198,
                    "y": 136.6654758946322
                },
                {
                    "x": 233.77802690582962,
                    "y": 136.6654758946322
                },
                {
                    "x": 233.77802690582962,
                    "y": 218.97760313121273
                },
                {
                    "x": 181.08520179372198,
                    "y": 218.97760313121273
                }
            ]
        },
        {
            "id": "7_CWFlIgL",
            "type": "RECTANGLE",
            "tags": [
                "car"
            ],
            "boundingBox": {
                "height": 88.98608349900597,
                "width": 54.177130044843054,
                "left": 143.97757847533632,
                "top": 123.31756336978131
            },
            "points": [
                {
                    "x": 143.97757847533632,
                    "y": 123.31756336978131
                },
                {
                    "x": 198.15470852017938,
                    "y": 123.31756336978131
                },
                {
                    "x": 198.15470852017938,
                    "y": 212.3036468687873
                },
                {
                    "x": 143.97757847533632,
                    "y": 212.3036468687873
                }
            ]
        },
        {
            "id": "Rsnd7aDTU",
            "type": "RECTANGLE",
            "tags": [
                "car"
            ],
            "boundingBox": {
                "height": 85.27833001988071,
                "width": 54.91928251121077,
                "left": 107.6121076233184,
                "top": 115.90205641153082
            },
            "points": [
                {
                    "x": 107.6121076233184,
                    "y": 115.90205641153082
                },
                {
                    "x": 162.53139013452915,
                    "y": 115.90205641153082
                },
                {
                    "x": 162.53139013452915,
                    "y": 201.18038643141153
                },
                {
                    "x": 107.6121076233184,
                    "y": 201.18038643141153
                }
            ]
        },
        {
            "id": "3PbIkszxz",
            "type": "RECTANGLE",
            "tags": [
                "car"
            ],
            "boundingBox": {
                "height": 80.08747514910537,
                "width": 59.37219730941705,
                "left": 75.69955156950672,
                "top": 110.71120154075547
            },
            "points": [
                {
                    "x": 75.69955156950672,
                    "y": 110.71120154075547
                },
                {
                    "x": 135.07174887892378,
                    "y": 110.71120154075547
                },
                {
                    "x": 135.07174887892378,
                    "y": 190.79867668986086
                },
                {
                    "x": 75.69955156950672,
                    "y": 190.79867668986086
                }
            ]
        },
        {
            "id": "lqqFAiUSk",
            "type": "RECTANGLE",
            "tags": [
                "car"
            ],
            "boundingBox": {
                "height": 90.46918489065607,
                "width": 55.66143497757848,
                "left": 36.365470852017935,
                "top": 104.03724527833002
            },
            "points": [
                {
                    "x": 36.365470852017935,
                    "y": 104.03724527833002
                },
                {
                    "x": 92.02690582959642,
                    "y": 104.03724527833002
                },
                {
                    "x": 92.02690582959642,
                    "y": 194.5064301689861
                },
                {
                    "x": 36.365470852017935,
                    "y": 194.5064301689861
                }
            ]
        },
        {
            "id": "ojR1ilMBY",
            "type": "RECTANGLE",
            "tags": [
                "car"
            ],
            "boundingBox": {
                "height": 97.14314115308152,
                "width": 49.724215246636774,
                "left": 11.132286995515695,
                "top": 91.43088344930418
            },
            "points": [
                {
                    "x": 11.132286995515695,
                    "y": 91.43088344930418
                },
                {
                    "x": 60.856502242152466,
                    "y": 91.43088344930418
                },
                {
                    "x": 60.856502242152466,
                    "y": 188.5740246023857
                },
                {
                    "x": 11.132286995515695,
                    "y": 188.5740246023857
                }
            ]
        },
        {
            "id": "LDjnsis4Z",
            "type": "RECTANGLE",
            "tags": [
                "car"
            ],
            "boundingBox": {
                "height": 97.88469184890657,
                "width": 35.62331838565022,
                "left": 0,
                "top": 249.38118166003977
            },
            "points": [
                {
                    "x": 0,
                    "y": 249.38118166003977
                },
                {
                    "x": 35.62331838565022,
                    "y": 249.38118166003977
                },
                {
                    "x": 35.62331838565022,
                    "y": 347.26587350894636
                },
                {
                    "x": 0,
                    "y": 347.26587350894636
                }
            ]
        },
        {
            "id": "PKp7yxmdd",
            "type": "RECTANGLE",
            "tags": [
                "car"
            ],
            "boundingBox": {
                "height": 94.17693836978131,
                "width": 53.43497757847534,
                "left": 20.780269058295964,
                "top": 250.86428305168988
            },
            "points": [
                {
                    "x": 20.780269058295964,
                    "y": 250.86428305168988
                },
                {
                    "x": 74.2152466367713,
                    "y": 250.86428305168988
                },
                {
                    "x": 74.2152466367713,
                    "y": 345.04122142147116
                },
                {
                    "x": 20.780269058295964,
                    "y": 345.04122142147116
                }
            ]
        },
        {
            "id": "XbbmsNax0",
            "type": "RECTANGLE",
            "tags": [
                "car"
            ],
            "boundingBox": {
                "height": 102.33399602385687,
                "width": 57.14573991031391,
                "left": 51.2085201793722,
                "top": 257.53823931411534
            },
            "points": [
                {
                    "x": 51.2085201793722,
                    "y": 257.53823931411534
                },
                {
                    "x": 108.35426008968611,
                    "y": 257.53823931411534
                },
                {
                    "x": 108.35426008968611,
                    "y": 359.8722353379722
                },
                {
                    "x": 51.2085201793722,
                    "y": 359.8722353379722
                }
            ]
        },
        {
            "id": "n5h9-B1kk",
            "type": "RECTANGLE",
            "tags": [
                "car"
            ],
            "boundingBox": {
                "height": 108.26640159045726,
                "width": 45.271300448430495,
                "left": 95.73766816143498,
                "top": 254.57203653081513
            },
            "points": [
                {
                    "x": 95.73766816143498,
                    "y": 254.57203653081513
                },
                {
                    "x": 141.0089686098655,
                    "y": 254.57203653081513
                },
                {
                    "x": 141.0089686098655,
                    "y": 362.83843812127236
                },
                {
                    "x": 95.73766816143498,
                    "y": 362.83843812127236
                }
            ]
        },
        {
            "id": "FgaqXPOv3",
            "type": "RECTANGLE",
            "tags": [
                "car"
            ],
            "boundingBox": {
                "height": 95.66003976143142,
                "width": 54.91928251121077,
                "left": 121.71300448430493,
                "top": 272.3692532306163
            },
            "points": [
                {
                    "x": 121.71300448430493,
                    "y": 272.3692532306163
                },
                {
                    "x": 176.6322869955157,
                    "y": 272.3692532306163
                },
                {
                    "x": 176.6322869955157,
                    "y": 368.0292929920477
                },
                {
                    "x": 121.71300448430493,
                    "y": 368.0292929920477
                }
            ]
        },
        {
            "id": "p65Us1wTY",
            "type": "RECTANGLE",
            "tags": [
                "car"
            ],
            "boundingBox": {
                "height": 84.53677932405567,
                "width": 60.11434977578475,
                "left": 159.5627802690583,
                "top": 287.9418178429424
            },
            "points": [
                {
                    "x": 159.5627802690583,
                    "y": 287.9418178429424
                },
                {
                    "x": 219.67713004484307,
                    "y": 287.9418178429424
                },
                {
                    "x": 219.67713004484307,
                    "y": 372.47859716699804
                },
                {
                    "x": 159.5627802690583,
                    "y": 372.47859716699804
                }
            ]
        },
        {
            "id": "jE05OTvK5",
            "type": "RECTANGLE",
            "tags": [
                "car"
            ],
            "boundingBox": {
                "height": 77.64267519880715,
                "width": 52.69282511210763,
                "left": 198.8968609865471,
                "top": 295.3573248011929
            },
            "points": [
                {
                    "x": 198.8968609865471,
                    "y": 295.3573248011929
                },
                {
                    "x": 251.5896860986547,
                    "y": 295.3573248011929
                },
                {
                    "x": 251.5896860986547,
                    "y": 373
                },
                {
                    "x": 198.8968609865471,
                    "y": 373
                }
            ]
        },
        {
            "id": "3nybbQx5I",
            "type": "RECTANGLE",
            "tags": [
                "car"
            ],
            "boundingBox": {
                "height": 70.22716824055667,
                "width": 52.69282511210763,
                "left": 233.77802690582962,
                "top": 302.77283175944336
            },
            "points": [
                {
                    "x": 233.77802690582962,
                    "y": 302.77283175944336
                },
                {
                    "x": 286.4708520179372,
                    "y": 302.77283175944336
                },
                {
                    "x": 286.4708520179372,
                    "y": 373
                },
                {
                    "x": 233.77802690582962,
                    "y": 373
                }
            ]
        },
        {
            "id": "JRywggVqx",
            "type": "RECTANGLE",
            "tags": [
                "car"
            ],
            "boundingBox": {
                "height": 59.845458499005964,
                "width": 53.43497757847534,
                "left": 270.14349775784757,
                "top": 313.15454150099407
            },
            "points": [
                {
                    "x": 270.14349775784757,
                    "y": 313.15454150099407
                },
                {
                    "x": 323.57847533632287,
                    "y": 313.15454150099407
                },
                {
                    "x": 323.57847533632287,
                    "y": 373
                },
                {
                    "x": 270.14349775784757,
                    "y": 373
                }
            ]
        },
        {
            "id": "Qw7MTGgCb",
            "type": "RECTANGLE",
            "tags": [
                "car"
            ],
            "boundingBox": {
                "height": 65.77786406560637,
                "width": 38.59192825112112,
                "left": 319.8677130044843,
                "top": 307.22213593439363
            },
            "points": [
                {
                    "x": 319.8677130044843,
                    "y": 307.22213593439363
                },
                {
                    "x": 358.45964125560545,
                    "y": 307.22213593439363
                },
                {
                    "x": 358.45964125560545,
                    "y": 373
                },
                {
                    "x": 319.8677130044843,
                    "y": 373
                }
            ]
        }
    ],
    "version": "2.2.0"
}