{
    "asset": {
        "format": "JPG",
        "id": "4b0372dc97e990b4eb16ee6a7d945512",
        "name": "Week2Lot8_Mike%20Moser.JPG",
        "path": "file:C:/Users/Michael/Documents/Spring2021/CSC%20354/Lot%20Images/Week%202%20Shots_Mike%20Moser/Week2Lot8_Mike%20Moser.JPG",
        "size": {
            "width": 661,
            "height": 372
        },
        "state": 2,
        "type": 1
    },
    "regions": [
        {
            "id": "EMmzf0Fql",
            "type": "RECTANGLE",
            "tags": [
                "car"
            ],
            "boundingBox": {
                "height": 42.836363636363636,
                "width": 27.071672354948806,
                "left": 436.1547212741752,
                "top": 288.08863636363634
            },
            "points": [
                {
                    "x": 436.1547212741752,
                    "y": 288.08863636363634
                },
                {
                    "x": 463.226393629124,
                    "y": 288.08863636363634
                },
                {
                    "x": 463.226393629124,
                    "y": 330.92499999999995
                },
                {
                    "x": 436.1547212741752,
                    "y": 330.92499999999995
                }
            ]
        },
        {
            "id": "UCwgsFk1f",
            "type": "RECTANGLE",
            "tags": [
                "car"
            ],
            "boundingBox": {
                "height": 50.35151515151515,
                "width": 28.575654152445964,
                "left": 467.7383390216155,
                "top": 285.08257575757574
            },
            "points": [
                {
                    "x": 467.7383390216155,
                    "y": 285.08257575757574
                },
                {
                    "x": 496.31399317406147,
                    "y": 285.08257575757574
                },
                {
                    "x": 496.31399317406147,
                    "y": 335.4340909090909
                },
                {
                    "x": 467.7383390216155,
                    "y": 335.4340909090909
                }
            ]
        },
        {
            "id": "U0De7jN-J",
            "type": "RECTANGLE",
            "tags": [
                "empty"
            ],
            "boundingBox": {
                "height": 51.1030303030303,
                "width": 30.831626848691695,
                "left": 499.32195676905576,
                "top": 284.3310606060606
            },
            "points": [
                {
                    "x": 499.32195676905576,
                    "y": 284.3310606060606
                },
                {
                    "x": 530.1535836177475,
                    "y": 284.3310606060606
                },
                {
                    "x": 530.1535836177475,
                    "y": 335.4340909090909
                },
                {
                    "x": 499.32195676905576,
                    "y": 335.4340909090909
                }
            ]
        },
        {
            "id": "n1_kOUNIm",
            "type": "RECTANGLE",
            "tags": [
                "car"
            ],
            "boundingBox": {
                "height": 47.345454545454544,
                "width": 31.58361774744027,
                "left": 532.4095563139932,
                "top": 290.3431818181818
            },
            "points": [
                {
                    "x": 532.4095563139932,
                    "y": 290.3431818181818
                },
                {
                    "x": 563.9931740614335,
                    "y": 290.3431818181818
                },
                {
                    "x": 563.9931740614335,
                    "y": 337.68863636363636
                },
                {
                    "x": 532.4095563139932,
                    "y": 337.68863636363636
                }
            ]
        },
        {
            "id": "KrdWGABKw",
            "type": "RECTANGLE",
            "tags": [
                "empty"
            ],
            "boundingBox": {
                "height": 51.85454545454545,
                "width": 31.58361774744027,
                "left": 561.7372013651877,
                "top": 291.0946969696969
            },
            "points": [
                {
                    "x": 561.7372013651877,
                    "y": 291.0946969696969
                },
                {
                    "x": 593.320819112628,
                    "y": 291.0946969696969
                },
                {
                    "x": 593.320819112628,
                    "y": 342.94924242424236
                },
                {
                    "x": 561.7372013651877,
                    "y": 342.94924242424236
                }
            ]
        },
        {
            "id": "XZ796Xi-4",
            "type": "RECTANGLE",
            "tags": [
                "empty"
            ],
            "boundingBox": {
                "height": 47.345454545454544,
                "width": 25.567690557451648,
                "left": 594.8248009101252,
                "top": 291.8462121212121
            },
            "points": [
                {
                    "x": 594.8248009101252,
                    "y": 291.8462121212121
                },
                {
                    "x": 620.3924914675767,
                    "y": 291.8462121212121
                },
                {
                    "x": 620.3924914675767,
                    "y": 339.19166666666666
                },
                {
                    "x": 594.8248009101252,
                    "y": 339.19166666666666
                }
            ]
        },
        {
            "id": "m7aD9e2U5",
            "type": "RECTANGLE",
            "tags": [
                "empty"
            ],
            "boundingBox": {
                "height": 46.593939393939394,
                "width": 25.567690557451648,
                "left": 620.3924914675767,
                "top": 295.60378787878784
            },
            "points": [
                {
                    "x": 620.3924914675767,
                    "y": 295.60378787878784
                },
                {
                    "x": 645.9601820250284,
                    "y": 295.60378787878784
                },
                {
                    "x": 645.9601820250284,
                    "y": 342.19772727272726
                },
                {
                    "x": 620.3924914675767,
                    "y": 342.19772727272726
                }
            ]
        },
        {
            "id": "N6n53Y9Bi",
            "type": "RECTANGLE",
            "tags": [
                "empty"
            ],
            "boundingBox": {
                "height": 36.82424242424242,
                "width": 24.063708759954494,
                "left": 411.3390216154721,
                "top": 290.3431818181818
            },
            "points": [
                {
                    "x": 411.3390216154721,
                    "y": 290.3431818181818
                },
                {
                    "x": 435.40273037542664,
                    "y": 290.3431818181818
                },
                {
                    "x": 435.40273037542664,
                    "y": 327.1674242424242
                },
                {
                    "x": 411.3390216154721,
                    "y": 327.1674242424242
                }
            ]
        },
        {
            "id": "3MvFjcvmm",
            "type": "RECTANGLE",
            "tags": [
                "empty"
            ],
            "boundingBox": {
                "height": 40.58181818181817,
                "width": 22.55972696245734,
                "left": 387.27531285551754,
                "top": 288.08863636363634
            },
            "points": [
                {
                    "x": 387.27531285551754,
                    "y": 288.08863636363634
                },
                {
                    "x": 409.835039817975,
                    "y": 288.08863636363634
                },
                {
                    "x": 409.835039817975,
                    "y": 328.6704545454545
                },
                {
                    "x": 387.27531285551754,
                    "y": 328.6704545454545
                }
            ]
        },
        {
            "id": "tFVxG4iwN",
            "type": "RECTANGLE",
            "tags": [
                "empty"
            ],
            "boundingBox": {
                "height": 48.096969696969694,
                "width": 35.34357224118316,
                "left": 357.19567690557454,
                "top": 278.3189393939394
            },
            "points": [
                {
                    "x": 357.19567690557454,
                    "y": 278.3189393939394
                },
                {
                    "x": 392.5392491467577,
                    "y": 278.3189393939394
                },
                {
                    "x": 392.5392491467577,
                    "y": 326.41590909090905
                },
                {
                    "x": 357.19567690557454,
                    "y": 326.41590909090905
                }
            ]
        },
        {
            "id": "-Xfp7vKq-",
            "type": "RECTANGLE",
            "tags": [
                "empty"
            ],
            "boundingBox": {
                "height": 30.06060606060606,
                "width": 24.063708759954494,
                "left": 442.17064846416383,
                "top": 236.98560606060605
            },
            "points": [
                {
                    "x": 442.17064846416383,
                    "y": 236.98560606060605
                },
                {
                    "x": 466.2343572241183,
                    "y": 236.98560606060605
                },
                {
                    "x": 466.2343572241183,
                    "y": 267.0462121212121
                },
                {
                    "x": 442.17064846416383,
                    "y": 267.0462121212121
                }
            ]
        },
        {
            "id": "b0J_SzB-n",
            "type": "RECTANGLE",
            "tags": [
                "empty"
            ],
            "boundingBox": {
                "height": 33.06666666666666,
                "width": 27.071672354948806,
                "left": 463.226393629124,
                "top": 232.47651515151514
            },
            "points": [
                {
                    "x": 463.226393629124,
                    "y": 232.47651515151514
                },
                {
                    "x": 490.2980659840728,
                    "y": 232.47651515151514
                },
                {
                    "x": 490.2980659840728,
                    "y": 265.5431818181818
                },
                {
                    "x": 463.226393629124,
                    "y": 265.5431818181818
                }
            ]
        },
        {
            "id": "pS7ApDism",
            "type": "RECTANGLE",
            "tags": [
                "empty"
            ],
            "boundingBox": {
                "height": 35.32121212121212,
                "width": 17.295790671217294,
                "left": 494.0580204778157,
                "top": 233.2280303030303
            },
            "points": [
                {
                    "x": 494.0580204778157,
                    "y": 233.2280303030303
                },
                {
                    "x": 511.353811149033,
                    "y": 233.2280303030303
                },
                {
                    "x": 511.353811149033,
                    "y": 268.54924242424244
                },
                {
                    "x": 494.0580204778157,
                    "y": 268.54924242424244
                }
            ]
        },
        {
            "id": "OrMSFFZbN",
            "type": "RECTANGLE",
            "tags": [
                "car"
            ],
            "boundingBox": {
                "height": 36.824242424242414,
                "width": 21.05574516496018,
                "left": 512.85779294653,
                "top": 229.4704545454545
            },
            "points": [
                {
                    "x": 512.85779294653,
                    "y": 229.4704545454545
                },
                {
                    "x": 533.9135381114903,
                    "y": 229.4704545454545
                },
                {
                    "x": 533.9135381114903,
                    "y": 266.29469696969693
                },
                {
                    "x": 512.85779294653,
                    "y": 266.29469696969693
                }
            ]
        },
        {
            "id": "htfO6Yc8d",
            "type": "RECTANGLE",
            "tags": [
                "empty"
            ],
            "boundingBox": {
                "height": 34.56969696969697,
                "width": 29.32764505119454,
                "left": 536.1695108077361,
                "top": 234.7310606060606
            },
            "points": [
                {
                    "x": 536.1695108077361,
                    "y": 234.7310606060606
                },
                {
                    "x": 565.4971558589306,
                    "y": 234.7310606060606
                },
                {
                    "x": 565.4971558589306,
                    "y": 269.3007575757576
                },
                {
                    "x": 536.1695108077361,
                    "y": 269.3007575757576
                }
            ]
        },
        {
            "id": "fXTS-PvVU",
            "type": "RECTANGLE",
            "tags": [
                "empty"
            ],
            "boundingBox": {
                "height": 37.082575757575704,
                "width": 31.583617747440268,
                "left": 556.4732650739477,
                "top": 237.4787878787878
            },
            "points": [
                {
                    "x": 556.4732650739477,
                    "y": 237.4787878787878
                },
                {
                    "x": 588.0568828213878,
                    "y": 237.4787878787878
                },
                {
                    "x": 588.0568828213878,
                    "y": 274.5613636363636
                },
                {
                    "x": 556.4732650739477,
                    "y": 274.5613636363636
                }
            ]
        },
        {
            "id": "SEA0BBbj2",
            "type": "RECTANGLE",
            "tags": [
                "empty"
            ],
            "boundingBox": {
                "height": 35.32121212121211,
                "width": 27.82366325369738,
                "left": 583.5449374288964,
                "top": 239.2401515151514
            },
            "points": [
                {
                    "x": 583.5449374288964,
                    "y": 239.2401515151514
                },
                {
                    "x": 611.3686006825939,
                    "y": 239.2401515151514
                },
                {
                    "x": 611.3686006825939,
                    "y": 274.5613636363636
                },
                {
                    "x": 583.5449374288964,
                    "y": 274.5613636363636
                }
            ]
        },
        {
            "id": "CpzwQ9dLU",
            "type": "RECTANGLE",
            "tags": [
                "empty"
            ],
            "boundingBox": {
                "height": 35.32121212121212,
                "width": 17.295790671217294,
                "left": 377.4994311717861,
                "top": 187.38560606060605
            },
            "points": [
                {
                    "x": 377.4994311717861,
                    "y": 187.38560606060605
                },
                {
                    "x": 394.79522184300345,
                    "y": 187.38560606060605
                },
                {
                    "x": 394.79522184300345,
                    "y": 222.70681818181816
                },
                {
                    "x": 377.4994311717861,
                    "y": 222.70681818181816
                }
            ]
        },
        {
            "id": "QTZqHxhyQ",
            "type": "RECTANGLE",
            "tags": [
                "empty"
            ],
            "boundingBox": {
                "height": 35.32121212121212,
                "width": 17.295790671217294,
                "left": 559.8572241183163,
                "top": 199.78560606060606
            },
            "points": [
                {
                    "x": 559.8572241183163,
                    "y": 199.78560606060606
                },
                {
                    "x": 577.1530147895336,
                    "y": 199.78560606060606
                },
                {
                    "x": 577.1530147895336,
                    "y": 235.10681818181817
                },
                {
                    "x": 559.8572241183163,
                    "y": 235.10681818181817
                }
            ]
        },
        {
            "id": "ZYysD43Bu",
            "type": "RECTANGLE",
            "tags": [
                "empty"
            ],
            "boundingBox": {
                "height": 35.32121212121212,
                "width": 17.295790671217294,
                "left": 539.5534698521046,
                "top": 195.27651515151513
            },
            "points": [
                {
                    "x": 539.5534698521046,
                    "y": 195.27651515151513
                },
                {
                    "x": 556.849260523322,
                    "y": 195.27651515151513
                },
                {
                    "x": 556.849260523322,
                    "y": 230.59772727272727
                },
                {
                    "x": 539.5534698521046,
                    "y": 230.59772727272727
                }
            ]
        },
        {
            "id": "mmkcP1zeZ",
            "type": "RECTANGLE",
            "tags": [
                "empty"
            ],
            "boundingBox": {
                "height": 35.32121212121212,
                "width": 17.295790671217294,
                "left": 517.7457337883959,
                "top": 196.02803030303028
            },
            "points": [
                {
                    "x": 517.7457337883959,
                    "y": 196.02803030303028
                },
                {
                    "x": 535.0415244596132,
                    "y": 196.02803030303028
                },
                {
                    "x": 535.0415244596132,
                    "y": 231.34924242424242
                },
                {
                    "x": 517.7457337883959,
                    "y": 231.34924242424242
                }
            ]
        },
        {
            "id": "3l3vM_J-d",
            "type": "RECTANGLE",
            "tags": [
                "empty"
            ],
            "boundingBox": {
                "height": 35.32121212121212,
                "width": 17.295790671217294,
                "left": 494.43401592719,
                "top": 196.02803030303028
            },
            "points": [
                {
                    "x": 494.43401592719,
                    "y": 196.02803030303028
                },
                {
                    "x": 511.72980659840727,
                    "y": 196.02803030303028
                },
                {
                    "x": 511.72980659840727,
                    "y": 231.34924242424242
                },
                {
                    "x": 494.43401592719,
                    "y": 231.34924242424242
                }
            ]
        },
        {
            "id": "H93I_qL97",
            "type": "RECTANGLE",
            "tags": [
                "empty"
            ],
            "boundingBox": {
                "height": 35.32121212121212,
                "width": 17.295790671217294,
                "left": 477.1382252559727,
                "top": 192.27045454545453
            },
            "points": [
                {
                    "x": 477.1382252559727,
                    "y": 192.27045454545453
                },
                {
                    "x": 494.43401592719,
                    "y": 192.27045454545453
                },
                {
                    "x": 494.43401592719,
                    "y": 227.59166666666664
                },
                {
                    "x": 477.1382252559727,
                    "y": 227.59166666666664
                }
            ]
        },
        {
            "id": "Xbzb9kNjy",
            "type": "RECTANGLE",
            "tags": [
                "empty"
            ],
            "boundingBox": {
                "height": 35.32121212121212,
                "width": 17.295790671217294,
                "left": 456.8344709897611,
                "top": 193.02196969696968
            },
            "points": [
                {
                    "x": 456.8344709897611,
                    "y": 193.02196969696968
                },
                {
                    "x": 474.1302616609784,
                    "y": 193.02196969696968
                },
                {
                    "x": 474.1302616609784,
                    "y": 228.3431818181818
                },
                {
                    "x": 456.8344709897611,
                    "y": 228.3431818181818
                }
            ]
        },
        {
            "id": "njPo_hFtX",
            "type": "RECTANGLE",
            "tags": [
                "empty"
            ],
            "boundingBox": {
                "height": 35.32121212121212,
                "width": 17.295790671217294,
                "left": 435.7787258248009,
                "top": 191.51893939393938
            },
            "points": [
                {
                    "x": 435.7787258248009,
                    "y": 191.51893939393938
                },
                {
                    "x": 453.0745164960182,
                    "y": 191.51893939393938
                },
                {
                    "x": 453.0745164960182,
                    "y": 226.8401515151515
                },
                {
                    "x": 435.7787258248009,
                    "y": 226.8401515151515
                }
            ]
        },
        {
            "id": "pUGvqRY33",
            "type": "RECTANGLE",
            "tags": [
                "empty"
            ],
            "boundingBox": {
                "height": 35.32121212121212,
                "width": 17.295790671217294,
                "left": 417.73094425483504,
                "top": 192.27045454545453
            },
            "points": [
                {
                    "x": 417.73094425483504,
                    "y": 192.27045454545453
                },
                {
                    "x": 435.0267349260523,
                    "y": 192.27045454545453
                },
                {
                    "x": 435.0267349260523,
                    "y": 227.59166666666664
                },
                {
                    "x": 417.73094425483504,
                    "y": 227.59166666666664
                }
            ]
        },
        {
            "id": "iMUXyf7zB",
            "type": "RECTANGLE",
            "tags": [
                "empty"
            ],
            "boundingBox": {
                "height": 35.32121212121212,
                "width": 17.295790671217294,
                "left": 396.67519908987487,
                "top": 190.01590909090908
            },
            "points": [
                {
                    "x": 396.67519908987487,
                    "y": 190.01590909090908
                },
                {
                    "x": 413.97098976109214,
                    "y": 190.01590909090908
                },
                {
                    "x": 413.97098976109214,
                    "y": 225.3371212121212
                },
                {
                    "x": 396.67519908987487,
                    "y": 225.3371212121212
                }
            ]
        },
        {
            "id": "_n7qj-Nn_",
            "type": "RECTANGLE",
            "tags": [
                "empty"
            ],
            "boundingBox": {
                "height": 35.32121212121212,
                "width": 17.295790671217294,
                "left": 383.1393629124005,
                "top": 155.4462121212121
            },
            "points": [
                {
                    "x": 383.1393629124005,
                    "y": 155.4462121212121
                },
                {
                    "x": 400.43515358361776,
                    "y": 155.4462121212121
                },
                {
                    "x": 400.43515358361776,
                    "y": 190.76742424242423
                },
                {
                    "x": 383.1393629124005,
                    "y": 190.76742424242423
                }
            ]
        },
        {
            "id": "V08yExzvP",
            "type": "RECTANGLE",
            "tags": [
                "empty"
            ],
            "boundingBox": {
                "height": 35.32121212121212,
                "width": 17.295790671217294,
                "left": 595.2007963594995,
                "top": 166.7189393939394
            },
            "points": [
                {
                    "x": 595.2007963594995,
                    "y": 166.7189393939394
                },
                {
                    "x": 612.4965870307167,
                    "y": 166.7189393939394
                },
                {
                    "x": 612.4965870307167,
                    "y": 202.0401515151515
                },
                {
                    "x": 595.2007963594995,
                    "y": 202.0401515151515
                }
            ]
        },
        {
            "id": "jTJzhGjMV",
            "type": "RECTANGLE",
            "tags": [
                "empty"
            ],
            "boundingBox": {
                "height": 35.32121212121212,
                "width": 17.295790671217294,
                "left": 576.401023890785,
                "top": 166.7189393939394
            },
            "points": [
                {
                    "x": 576.401023890785,
                    "y": 166.7189393939394
                },
                {
                    "x": 593.6968145620023,
                    "y": 166.7189393939394
                },
                {
                    "x": 593.6968145620023,
                    "y": 202.0401515151515
                },
                {
                    "x": 576.401023890785,
                    "y": 202.0401515151515
                }
            ]
        },
        {
            "id": "FzN0QUknx",
            "type": "RECTANGLE",
            "tags": [
                "empty"
            ],
            "boundingBox": {
                "height": 35.32121212121212,
                "width": 17.295790671217294,
                "left": 561.3612059158135,
                "top": 166.7189393939394
            },
            "points": [
                {
                    "x": 561.3612059158135,
                    "y": 166.7189393939394
                },
                {
                    "x": 578.6569965870307,
                    "y": 166.7189393939394
                },
                {
                    "x": 578.6569965870307,
                    "y": 202.0401515151515
                },
                {
                    "x": 561.3612059158135,
                    "y": 202.0401515151515
                }
            ]
        },
        {
            "id": "6gOvDz49y",
            "type": "RECTANGLE",
            "tags": [
                "empty"
            ],
            "boundingBox": {
                "height": 35.32121212121212,
                "width": 17.295790671217294,
                "left": 545.5693970420933,
                "top": 164.46439393939394
            },
            "points": [
                {
                    "x": 545.5693970420933,
                    "y": 164.46439393939394
                },
                {
                    "x": 562.8651877133105,
                    "y": 164.46439393939394
                },
                {
                    "x": 562.8651877133105,
                    "y": 199.78560606060606
                },
                {
                    "x": 545.5693970420933,
                    "y": 199.78560606060606
                }
            ]
        },
        {
            "id": "-5ViXkSGb",
            "type": "RECTANGLE",
            "tags": [
                "empty"
            ],
            "boundingBox": {
                "height": 35.32121212121212,
                "width": 17.295790671217294,
                "left": 531.2815699658703,
                "top": 162.96136363636361
            },
            "points": [
                {
                    "x": 531.2815699658703,
                    "y": 162.96136363636361
                },
                {
                    "x": 548.5773606370876,
                    "y": 162.96136363636361
                },
                {
                    "x": 548.5773606370876,
                    "y": 198.28257575757576
                },
                {
                    "x": 531.2815699658703,
                    "y": 198.28257575757576
                }
            ]
        },
        {
            "id": "3J9iDJj39",
            "type": "RECTANGLE",
            "tags": [
                "empty"
            ],
            "boundingBox": {
                "height": 35.32121212121212,
                "width": 17.295790671217294,
                "left": 512.4817974971559,
                "top": 162.96136363636361
            },
            "points": [
                {
                    "x": 512.4817974971559,
                    "y": 162.96136363636361
                },
                {
                    "x": 529.7775881683732,
                    "y": 162.96136363636361
                },
                {
                    "x": 529.7775881683732,
                    "y": 198.28257575757576
                },
                {
                    "x": 512.4817974971559,
                    "y": 198.28257575757576
                }
            ]
        },
        {
            "id": "gOuRXB0H4",
            "type": "RECTANGLE",
            "tags": [
                "empty"
            ],
            "boundingBox": {
                "height": 35.32121212121212,
                "width": 17.295790671217294,
                "left": 494.43401592719,
                "top": 161.45833333333331
            },
            "points": [
                {
                    "x": 494.43401592719,
                    "y": 161.45833333333331
                },
                {
                    "x": 511.72980659840727,
                    "y": 161.45833333333331
                },
                {
                    "x": 511.72980659840727,
                    "y": 196.77954545454546
                },
                {
                    "x": 494.43401592719,
                    "y": 196.77954545454546
                }
            ]
        },
        {
            "id": "g0qtI5Qwd",
            "type": "RECTANGLE",
            "tags": [
                "empty"
            ],
            "boundingBox": {
                "height": 35.32121212121212,
                "width": 17.295790671217294,
                "left": 479.39419795221846,
                "top": 162.96136363636361
            },
            "points": [
                {
                    "x": 479.39419795221846,
                    "y": 162.96136363636361
                },
                {
                    "x": 496.68998862343574,
                    "y": 162.96136363636361
                },
                {
                    "x": 496.68998862343574,
                    "y": 198.28257575757576
                },
                {
                    "x": 479.39419795221846,
                    "y": 198.28257575757576
                }
            ]
        },
        {
            "id": "cndjp1CSg",
            "type": "RECTANGLE",
            "tags": [
                "empty"
            ],
            "boundingBox": {
                "height": 35.32121212121212,
                "width": 17.295790671217294,
                "left": 463.6023890784983,
                "top": 160.70681818181816
            },
            "points": [
                {
                    "x": 463.6023890784983,
                    "y": 160.70681818181816
                },
                {
                    "x": 480.8981797497156,
                    "y": 160.70681818181816
                },
                {
                    "x": 480.8981797497156,
                    "y": 196.02803030303028
                },
                {
                    "x": 463.6023890784983,
                    "y": 196.02803030303028
                }
            ]
        },
        {
            "id": "V2pF9xrVo",
            "type": "RECTANGLE",
            "tags": [
                "empty"
            ],
            "boundingBox": {
                "height": 35.32121212121211,
                "width": 17.295790671217294,
                "left": 444.05062571103525,
                "top": 160.70681818181816
            },
            "points": [
                {
                    "x": 444.05062571103525,
                    "y": 160.70681818181816
                },
                {
                    "x": 461.34641638225247,
                    "y": 160.70681818181816
                },
                {
                    "x": 461.34641638225247,
                    "y": 196.02803030303028
                },
                {
                    "x": 444.05062571103525,
                    "y": 196.02803030303028
                }
            ]
        },
        {
            "id": "AFGsyDKPh",
            "type": "RECTANGLE",
            "tags": [
                "empty"
            ],
            "boundingBox": {
                "height": 35.32121212121212,
                "width": 17.295790671217294,
                "left": 432.7707622298066,
                "top": 160.70681818181816
            },
            "points": [
                {
                    "x": 432.7707622298066,
                    "y": 160.70681818181816
                },
                {
                    "x": 450.0665529010239,
                    "y": 160.70681818181816
                },
                {
                    "x": 450.0665529010239,
                    "y": 196.02803030303028
                },
                {
                    "x": 432.7707622298066,
                    "y": 196.02803030303028
                }
            ]
        },
        {
            "id": "VFqEpsJUy",
            "type": "RECTANGLE",
            "tags": [
                "empty"
            ],
            "boundingBox": {
                "height": 35.32121212121212,
                "width": 17.295790671217294,
                "left": 413.97098976109214,
                "top": 159.20378787878786
            },
            "points": [
                {
                    "x": 413.97098976109214,
                    "y": 159.20378787878786
                },
                {
                    "x": 431.2667804323095,
                    "y": 159.20378787878786
                },
                {
                    "x": 431.2667804323095,
                    "y": 194.52499999999998
                },
                {
                    "x": 413.97098976109214,
                    "y": 194.52499999999998
                }
            ]
        },
        {
            "id": "7bMbuNwUo",
            "type": "RECTANGLE",
            "tags": [
                "empty"
            ],
            "boundingBox": {
                "height": 35.32121212121212,
                "width": 17.295790671217294,
                "left": 395.92320819112626,
                "top": 159.20378787878786
            },
            "points": [
                {
                    "x": 395.92320819112626,
                    "y": 159.20378787878786
                },
                {
                    "x": 413.2189988623436,
                    "y": 159.20378787878786
                },
                {
                    "x": 413.2189988623436,
                    "y": 194.52499999999998
                },
                {
                    "x": 395.92320819112626,
                    "y": 194.52499999999998
                }
            ]
        }
    ],
    "version": "2.2.0"
}