{
    "asset": {
        "format": "JPG",
        "id": "85f97ed05dbf1a0f23905803b15fd0ad",
        "name": "Week2Lot7_Mike%20Moser.JPG",
        "path": "file:C:/Users/Michael/Documents/Spring2021/CSC%20354/Lot%20Images/Week%202%20Shots_Mike%20Moser/Week2Lot7_Mike%20Moser.JPG",
        "size": {
            "width": 663,
            "height": 374
        },
        "state": 2,
        "type": 1
    },
    "regions": [
        {
            "id": "WNUfyQfew",
            "type": "RECTANGLE",
            "tags": [
                "car"
            ],
            "boundingBox": {
                "height": 86.66658266129032,
                "width": 54.3071672354949,
                "left": 131.9965870307167,
                "top": 156.08467741935485
            },
            "points": [
                {
                    "x": 131.9965870307167,
                    "y": 156.08467741935485
                },
                {
                    "x": 186.3037542662116,
                    "y": 156.08467741935485
                },
                {
                    "x": 186.3037542662116,
                    "y": 242.75126008064515
                },
                {
                    "x": 131.9965870307167,
                    "y": 242.75126008064515
                }
            ]
        },
        {
            "id": "KXOBezLJr",
            "type": "RECTANGLE",
            "tags": [
                "car"
            ],
            "boundingBox": {
                "height": 82.94354838709677,
                "width": 54.30716723549488,
                "left": 194.60068259385665,
                "top": 153.02142137096774
            },
            "points": [
                {
                    "x": 194.60068259385665,
                    "y": 153.02142137096774
                },
                {
                    "x": 248.90784982935153,
                    "y": 153.02142137096774
                },
                {
                    "x": 248.90784982935153,
                    "y": 235.9649697580645
                },
                {
                    "x": 194.60068259385665,
                    "y": 235.9649697580645
                }
            ]
        },
        {
            "id": "TSJzPugid",
            "type": "RECTANGLE",
            "tags": [
                "car"
            ],
            "boundingBox": {
                "height": 70.125,
                "width": 42.23890784982935,
                "left": 255.6962457337884,
                "top": 167.34803427419354
            },
            "points": [
                {
                    "x": 255.6962457337884,
                    "y": 167.34803427419354
                },
                {
                    "x": 297.93515358361776,
                    "y": 167.34803427419354
                },
                {
                    "x": 297.93515358361776,
                    "y": 237.47303427419354
                },
                {
                    "x": 255.6962457337884,
                    "y": 237.47303427419354
                }
            ]
        },
        {
            "id": "isn-3b3aB",
            "type": "RECTANGLE",
            "tags": [
                "car"
            ],
            "boundingBox": {
                "height": 76.91129032258064,
                "width": 53.55290102389078,
                "left": 310.75767918088735,
                "top": 153.77545362903226
            },
            "points": [
                {
                    "x": 310.75767918088735,
                    "y": 153.77545362903226
                },
                {
                    "x": 364.31058020477815,
                    "y": 153.77545362903226
                },
                {
                    "x": 364.31058020477815,
                    "y": 230.6867439516129
                },
                {
                    "x": 310.75767918088735,
                    "y": 230.6867439516129
                }
            ]
        },
        {
            "id": "b2XKy4WXX",
            "type": "RECTANGLE",
            "tags": [
                "empty"
            ],
            "boundingBox": {
                "height": 60.275453629032256,
                "width": 58.07849829351536,
                "left": 234.57679180887374,
                "top": 114.61290322580645
            },
            "points": [
                {
                    "x": 234.57679180887374,
                    "y": 114.61290322580645
                },
                {
                    "x": 292.6552901023891,
                    "y": 114.61290322580645
                },
                {
                    "x": 292.6552901023891,
                    "y": 174.88835685483872
                },
                {
                    "x": 234.57679180887374,
                    "y": 174.88835685483872
                }
            ]
        },
        {
            "id": "aNrJwwfVT",
            "type": "RECTANGLE",
            "tags": [
                "empty"
            ],
            "boundingBox": {
                "height": 55.04435483870968,
                "width": 51.29010238907854,
                "left": 365.8191126279863,
                "top": 49.71900201612903
            },
            "points": [
                {
                    "x": 365.8191126279863,
                    "y": 49.71900201612903
                },
                {
                    "x": 417.10921501706486,
                    "y": 49.71900201612903
                },
                {
                    "x": 417.10921501706486,
                    "y": 104.7633568548387
                },
                {
                    "x": 365.8191126279863,
                    "y": 104.7633568548387
                }
            ]
        },
        {
            "id": "7NYFIAH4A",
            "type": "RECTANGLE",
            "tags": [
                "empty"
            ],
            "boundingBox": {
                "height": 55.75126008064516,
                "width": 51.2901023890785,
                "left": 458.5938566552901,
                "top": 46.75
            },
            "points": [
                {
                    "x": 458.5938566552901,
                    "y": 46.75
                },
                {
                    "x": 509.8839590443686,
                    "y": 46.75
                },
                {
                    "x": 509.8839590443686,
                    "y": 102.50126008064517
                },
                {
                    "x": 458.5938566552901,
                    "y": 102.50126008064517
                }
            ]
        },
        {
            "id": "S_9-uFtXo",
            "type": "RECTANGLE",
            "tags": [
                "empty"
            ],
            "boundingBox": {
                "height": 58.060483870967744,
                "width": 56.569965870307165,
                "left": 511.3924914675768,
                "top": 43.686743951612904
            },
            "points": [
                {
                    "x": 511.3924914675768,
                    "y": 43.686743951612904
                },
                {
                    "x": 567.962457337884,
                    "y": 43.686743951612904
                },
                {
                    "x": 567.962457337884,
                    "y": 101.74722782258064
                },
                {
                    "x": 511.3924914675768,
                    "y": 101.74722782258064
                }
            ]
        },
        {
            "id": "a1DSc06_E",
            "type": "RECTANGLE",
            "tags": [
                "car"
            ],
            "boundingBox": {
                "height": 77.66532258064517,
                "width": 78.44368600682594,
                "left": 580.7849829351536,
                "top": 144.72706653225805
            },
            "points": [
                {
                    "x": 580.7849829351536,
                    "y": 144.72706653225805
                },
                {
                    "x": 659.2286689419795,
                    "y": 144.72706653225805
                },
                {
                    "x": 659.2286689419795,
                    "y": 222.39238911290323
                },
                {
                    "x": 580.7849829351536,
                    "y": 222.39238911290323
                }
            ]
        },
        {
            "id": "3c32f36MT",
            "type": "RECTANGLE",
            "tags": [
                "car"
            ],
            "boundingBox": {
                "height": 68.61693548387096,
                "width": 64.11262798634813,
                "left": 523.4607508532423,
                "top": 148.49722782258064
            },
            "points": [
                {
                    "x": 523.4607508532423,
                    "y": 148.49722782258064
                },
                {
                    "x": 587.5733788395904,
                    "y": 148.49722782258064
                },
                {
                    "x": 587.5733788395904,
                    "y": 217.11416330645162
                },
                {
                    "x": 523.4607508532423,
                    "y": 217.11416330645162
                }
            ]
        },
        {
            "id": "pYSMykAFD",
            "type": "RECTANGLE",
            "tags": [
                "car"
            ],
            "boundingBox": {
                "height": 73.89516129032258,
                "width": 64.86689419795222,
                "left": 67.1296928327645,
                "top": 160.5617439516129
            },
            "points": [
                {
                    "x": 67.1296928327645,
                    "y": 160.5617439516129
                },
                {
                    "x": 131.9965870307167,
                    "y": 160.5617439516129
                },
                {
                    "x": 131.9965870307167,
                    "y": 234.4569052419355
                },
                {
                    "x": 67.1296928327645,
                    "y": 234.4569052419355
                }
            ]
        },
        {
            "id": "UGH-50m9e",
            "type": "RECTANGLE",
            "tags": [
                "car"
            ],
            "boundingBox": {
                "height": 73.14112903225806,
                "width": 58.83276450511946,
                "left": 14.331058020477816,
                "top": 173.38029233870967
            },
            "points": [
                {
                    "x": 14.331058020477816,
                    "y": 173.38029233870967
                },
                {
                    "x": 73.16382252559727,
                    "y": 173.38029233870967
                },
                {
                    "x": 73.16382252559727,
                    "y": 246.52142137096774
                },
                {
                    "x": 14.331058020477816,
                    "y": 246.52142137096774
                }
            ]
        },
        {
            "id": "7xXa_aimm",
            "type": "RECTANGLE",
            "tags": [
                "car"
            ],
            "boundingBox": {
                "height": 49.766129032258064,
                "width": 48.27303754266212,
                "left": 18.85665529010239,
                "top": 134.17061491935485
            },
            "points": [
                {
                    "x": 18.85665529010239,
                    "y": 134.17061491935485
                },
                {
                    "x": 67.1296928327645,
                    "y": 134.17061491935485
                },
                {
                    "x": 67.1296928327645,
                    "y": 183.9367439516129
                },
                {
                    "x": 18.85665529010239,
                    "y": 183.9367439516129
                }
            ]
        },
        {
            "id": "iOXBk2BkS",
            "type": "RECTANGLE",
            "tags": [
                "car"
            ],
            "boundingBox": {
                "height": 49.766129032258064,
                "width": 61.84982935153584,
                "left": 70.1467576791809,
                "top": 135.67867943548387
            },
            "points": [
                {
                    "x": 70.1467576791809,
                    "y": 135.67867943548387
                },
                {
                    "x": 131.9965870307167,
                    "y": 135.67867943548387
                },
                {
                    "x": 131.9965870307167,
                    "y": 185.44480846774192
                },
                {
                    "x": 70.1467576791809,
                    "y": 185.44480846774192
                }
            ]
        },
        {
            "id": "QPSZspCl7",
            "type": "RECTANGLE",
            "tags": [
                "car"
            ],
            "boundingBox": {
                "height": 50.520161290322584,
                "width": 50.5358361774744,
                "left": 128.22525597269626,
                "top": 130.40045362903226
            },
            "points": [
                {
                    "x": 128.22525597269626,
                    "y": 130.40045362903226
                },
                {
                    "x": 178.76109215017064,
                    "y": 130.40045362903226
                },
                {
                    "x": 178.76109215017064,
                    "y": 180.92061491935485
                },
                {
                    "x": 128.22525597269626,
                    "y": 180.92061491935485
                }
            ]
        },
        {
            "id": "vdvRTH4DH",
            "type": "RECTANGLE",
            "tags": [
                "car"
            ],
            "boundingBox": {
                "height": 50.520161290322584,
                "width": 65.62116040955631,
                "left": 178.00682593856655,
                "top": 119.84400201612902
            },
            "points": [
                {
                    "x": 178.00682593856655,
                    "y": 119.84400201612902
                },
                {
                    "x": 243.62798634812287,
                    "y": 119.84400201612902
                },
                {
                    "x": 243.62798634812287,
                    "y": 170.36416330645162
                },
                {
                    "x": 178.00682593856655,
                    "y": 170.36416330645162
                }
            ]
        },
        {
            "id": "cGgvfmDMW",
            "type": "RECTANGLE",
            "tags": [
                "car"
            ],
            "boundingBox": {
                "height": 63.33870967741935,
                "width": 47.51877133105802,
                "left": 294.91808873720134,
                "top": 118.3359375
            },
            "points": [
                {
                    "x": 294.91808873720134,
                    "y": 118.3359375
                },
                {
                    "x": 342.43686006825936,
                    "y": 118.3359375
                },
                {
                    "x": 342.43686006825936,
                    "y": 181.67464717741936
                },
                {
                    "x": 294.91808873720134,
                    "y": 181.67464717741936
                }
            ]
        },
        {
            "id": "r-DmbYHOy",
            "type": "RECTANGLE",
            "tags": [
                "car"
            ],
            "boundingBox": {
                "height": 55.79838709677419,
                "width": 50.5358361774744,
                "left": 348.47098976109214,
                "top": 122.10609879032258
            },
            "points": [
                {
                    "x": 348.47098976109214,
                    "y": 122.10609879032258
                },
                {
                    "x": 399.0068259385666,
                    "y": 122.10609879032258
                },
                {
                    "x": 399.0068259385666,
                    "y": 177.90448588709677
                },
                {
                    "x": 348.47098976109214,
                    "y": 177.90448588709677
                }
            ]
        },
        {
            "id": "lFQ3LFO8O",
            "type": "RECTANGLE",
            "tags": [
                "car"
            ],
            "boundingBox": {
                "height": 66.35483870967742,
                "width": 64.11262798634813,
                "left": 396.74402730375425,
                "top": 110.04158266129032
            },
            "points": [
                {
                    "x": 396.74402730375425,
                    "y": 110.04158266129032
                },
                {
                    "x": 460.85665529010237,
                    "y": 110.04158266129032
                },
                {
                    "x": 460.85665529010237,
                    "y": 176.39642137096774
                },
                {
                    "x": 396.74402730375425,
                    "y": 176.39642137096774
                }
            ]
        },
        {
            "id": "7vJ8YyPmY",
            "type": "RECTANGLE",
            "tags": [
                "car"
            ],
            "boundingBox": {
                "height": 70.125,
                "width": 56.569965870307165,
                "left": 457.839590443686,
                "top": 110.04158266129032
            },
            "points": [
                {
                    "x": 457.839590443686,
                    "y": 110.04158266129032
                },
                {
                    "x": 514.4095563139932,
                    "y": 110.04158266129032
                },
                {
                    "x": 514.4095563139932,
                    "y": 180.16658266129033
                },
                {
                    "x": 457.839590443686,
                    "y": 180.16658266129033
                }
            ]
        },
        {
            "id": "1lut1r1Zj",
            "type": "RECTANGLE",
            "tags": [
                "car"
            ],
            "boundingBox": {
                "height": 82.94354838709677,
                "width": 59.58703071672355,
                "left": 476.6962457337884,
                "top": 149.25126008064515
            },
            "points": [
                {
                    "x": 476.6962457337884,
                    "y": 149.25126008064515
                },
                {
                    "x": 536.283276450512,
                    "y": 149.25126008064515
                },
                {
                    "x": 536.283276450512,
                    "y": 232.19480846774192
                },
                {
                    "x": 476.6962457337884,
                    "y": 232.19480846774192
                }
            ]
        },
        {
            "id": "T0RRKM685",
            "type": "RECTANGLE",
            "tags": [
                "car"
            ],
            "boundingBox": {
                "height": 74.6491935483871,
                "width": 67.1296928327645,
                "left": 419.3720136518771,
                "top": 150.7593245967742
            },
            "points": [
                {
                    "x": 419.3720136518771,
                    "y": 150.7593245967742
                },
                {
                    "x": 486.50170648464166,
                    "y": 150.7593245967742
                },
                {
                    "x": 486.50170648464166,
                    "y": 225.40851814516128
                },
                {
                    "x": 419.3720136518771,
                    "y": 225.40851814516128
                }
            ]
        },
        {
            "id": "bITgPgC_2",
            "type": "RECTANGLE",
            "tags": [
                "car"
            ],
            "boundingBox": {
                "height": 82.18951612903226,
                "width": 59.58703071672355,
                "left": 367.32764505119457,
                "top": 154.52948588709677
            },
            "points": [
                {
                    "x": 367.32764505119457,
                    "y": 154.52948588709677
                },
                {
                    "x": 426.9146757679181,
                    "y": 154.52948588709677
                },
                {
                    "x": 426.9146757679181,
                    "y": 236.71900201612902
                },
                {
                    "x": 367.32764505119457,
                    "y": 236.71900201612902
                }
            ]
        },
        {
            "id": "pQCYndIe6",
            "type": "RECTANGLE",
            "tags": [
                "car"
            ],
            "boundingBox": {
                "height": 61.83064516129032,
                "width": 58.83276450511946,
                "left": 508.37542662116044,
                "top": 105.51738911290323
            },
            "points": [
                {
                    "x": 508.37542662116044,
                    "y": 105.51738911290323
                },
                {
                    "x": 567.2081911262799,
                    "y": 105.51738911290323
                },
                {
                    "x": 567.2081911262799,
                    "y": 167.34803427419354
                },
                {
                    "x": 508.37542662116044,
                    "y": 167.34803427419354
                }
            ]
        },
        {
            "id": "Rhy9DYTEX",
            "type": "RECTANGLE",
            "tags": [
                "car"
            ],
            "boundingBox": {
                "height": 64.09274193548387,
                "width": 62.604095563139936,
                "left": 558.1569965870307,
                "top": 104.00932459677419
            },
            "points": [
                {
                    "x": 558.1569965870307,
                    "y": 104.00932459677419
                },
                {
                    "x": 620.7610921501706,
                    "y": 104.00932459677419
                },
                {
                    "x": 620.7610921501706,
                    "y": 168.10206653225805
                },
                {
                    "x": 558.1569965870307,
                    "y": 168.10206653225805
                }
            ]
        },
        {
            "id": "5rcEpW4um",
            "type": "RECTANGLE",
            "tags": [
                "car"
            ],
            "boundingBox": {
                "height": 57.306451612903224,
                "width": 45.255972696245735,
                "left": 616.9897610921502,
                "top": 111.54964717741936
            },
            "points": [
                {
                    "x": 616.9897610921502,
                    "y": 111.54964717741936
                },
                {
                    "x": 662.2457337883959,
                    "y": 111.54964717741936
                },
                {
                    "x": 662.2457337883959,
                    "y": 168.8560987903226
                },
                {
                    "x": 616.9897610921502,
                    "y": 168.8560987903226
                }
            ]
        },
        {
            "id": "F6x7JAT7n",
            "type": "RECTANGLE",
            "tags": [
                "empty"
            ],
            "boundingBox": {
                "height": 57.25932459677419,
                "width": 55.815699658703075,
                "left": 51.2901023890785,
                "top": 15.834677419354838
            },
            "points": [
                {
                    "x": 51.2901023890785,
                    "y": 15.834677419354838
                },
                {
                    "x": 107.10580204778157,
                    "y": 15.834677419354838
                },
                {
                    "x": 107.10580204778157,
                    "y": 73.09400201612902
                },
                {
                    "x": 51.2901023890785,
                    "y": 73.09400201612902
                }
            ]
        },
        {
            "id": "PV8t9yksJ",
            "type": "RECTANGLE",
            "tags": [
                "car"
            ],
            "boundingBox": {
                "height": 60.32258064516129,
                "width": 48.27303754266212,
                "left": 8.296928327645052,
                "top": 11.26335685483871
            },
            "points": [
                {
                    "x": 8.296928327645052,
                    "y": 11.26335685483871
                },
                {
                    "x": 56.569965870307165,
                    "y": 11.26335685483871
                },
                {
                    "x": 56.569965870307165,
                    "y": 71.5859375
                },
                {
                    "x": 8.296928327645052,
                    "y": 71.5859375
                }
            ]
        },
        {
            "id": "Z3sD2McQV",
            "type": "RECTANGLE",
            "tags": [
                "car"
            ],
            "boundingBox": {
                "height": 53.53629032258065,
                "width": 56.569965870307165,
                "left": 6.034129692832765,
                "top": 56.50529233870968
            },
            "points": [
                {
                    "x": 6.034129692832765,
                    "y": 56.50529233870968
                },
                {
                    "x": 62.604095563139936,
                    "y": 56.50529233870968
                },
                {
                    "x": 62.604095563139936,
                    "y": 110.04158266129032
                },
                {
                    "x": 6.034129692832765,
                    "y": 110.04158266129032
                }
            ]
        },
        {
            "id": "dlSqJhzi9",
            "type": "RECTANGLE",
            "tags": [
                "car"
            ],
            "boundingBox": {
                "height": 61.87777217741935,
                "width": 59.58703071672355,
                "left": 59.58703071672355,
                "top": 48.96496975806451
            },
            "points": [
                {
                    "x": 59.58703071672355,
                    "y": 48.96496975806451
                },
                {
                    "x": 119.1740614334471,
                    "y": 48.96496975806451
                },
                {
                    "x": 119.1740614334471,
                    "y": 110.84274193548387
                },
                {
                    "x": 59.58703071672355,
                    "y": 110.84274193548387
                }
            ]
        },
        {
            "id": "wrcdX7cGL",
            "type": "RECTANGLE",
            "tags": [
                "car"
            ],
            "boundingBox": {
                "height": 57.306451612903224,
                "width": 59.58703071672355,
                "left": 113.89419795221843,
                "top": 46.70287298387097
            },
            "points": [
                {
                    "x": 113.89419795221843,
                    "y": 46.70287298387097
                },
                {
                    "x": 173.48122866894198,
                    "y": 46.70287298387097
                },
                {
                    "x": 173.48122866894198,
                    "y": 104.00932459677419
                },
                {
                    "x": 113.89419795221843,
                    "y": 104.00932459677419
                }
            ]
        },
        {
            "id": "OZxwBNCGQ",
            "type": "RECTANGLE",
            "tags": [
                "car"
            ],
            "boundingBox": {
                "height": 45.24193548387097,
                "width": 59.58703071672355,
                "left": 169.7098976109215,
                "top": 54.99722782258065
            },
            "points": [
                {
                    "x": 169.7098976109215,
                    "y": 54.99722782258065
                },
                {
                    "x": 229.29692832764505,
                    "y": 54.99722782258065
                },
                {
                    "x": 229.29692832764505,
                    "y": 100.23916330645162
                },
                {
                    "x": 169.7098976109215,
                    "y": 100.23916330645162
                }
            ]
        },
        {
            "id": "QiE1Q9oCg",
            "type": "RECTANGLE",
            "tags": [
                "empty"
            ],
            "boundingBox": {
                "height": 36.94758064516129,
                "width": 50.5358361774744,
                "left": 248.15358361774744,
                "top": 29.360131048387096
            },
            "points": [
                {
                    "x": 248.15358361774744,
                    "y": 29.360131048387096
                },
                {
                    "x": 298.68941979522185,
                    "y": 29.360131048387096
                },
                {
                    "x": 298.68941979522185,
                    "y": 66.30771169354838
                },
                {
                    "x": 248.15358361774744,
                    "y": 66.30771169354838
                }
            ]
        },
        {
            "id": "4PZS13sCT",
            "type": "RECTANGLE",
            "tags": [
                "car"
            ],
            "boundingBox": {
                "height": 45.24193548387097,
                "width": 55.815699658703075,
                "left": 200.63481228668942,
                "top": 20.311743951612904
            },
            "points": [
                {
                    "x": 200.63481228668942,
                    "y": 20.311743951612904
                },
                {
                    "x": 256.4505119453925,
                    "y": 20.311743951612904
                },
                {
                    "x": 256.4505119453925,
                    "y": 65.55367943548387
                },
                {
                    "x": 200.63481228668942,
                    "y": 65.55367943548387
                }
            ]
        },
        {
            "id": "Kk8ZDzsTq",
            "type": "RECTANGLE",
            "tags": [
                "car"
            ],
            "boundingBox": {
                "height": 49.01209677419355,
                "width": 69.39249146757679,
                "left": 145.57337883959045,
                "top": 17.29561491935484
            },
            "points": [
                {
                    "x": 145.57337883959045,
                    "y": 17.29561491935484
                },
                {
                    "x": 214.96587030716725,
                    "y": 17.29561491935484
                },
                {
                    "x": 214.96587030716725,
                    "y": 66.30771169354838
                },
                {
                    "x": 145.57337883959045,
                    "y": 66.30771169354838
                }
            ]
        },
        {
            "id": "vI3wMfk2J",
            "type": "RECTANGLE",
            "tags": [
                "car"
            ],
            "boundingBox": {
                "height": 45.24193548387097,
                "width": 46.76450511945392,
                "left": 108.61433447098976,
                "top": 21.06577620967742
            },
            "points": [
                {
                    "x": 108.61433447098976,
                    "y": 21.06577620967742
                },
                {
                    "x": 155.37883959044368,
                    "y": 21.06577620967742
                },
                {
                    "x": 155.37883959044368,
                    "y": 66.30771169354838
                },
                {
                    "x": 108.61433447098976,
                    "y": 66.30771169354838
                }
            ]
        },
        {
            "id": "3pGTzZZ7V",
            "type": "RECTANGLE",
            "tags": [
                "car"
            ],
            "boundingBox": {
                "height": 47.50403225806451,
                "width": 65.62116040955631,
                "left": 286.6211604095563,
                "top": 12.017389112903226
            },
            "points": [
                {
                    "x": 286.6211604095563,
                    "y": 12.017389112903226
                },
                {
                    "x": 352.24232081911265,
                    "y": 12.017389112903226
                },
                {
                    "x": 352.24232081911265,
                    "y": 59.521421370967744
                },
                {
                    "x": 286.6211604095563,
                    "y": 59.521421370967744
                }
            ]
        },
        {
            "id": "wiMbh5bAN",
            "type": "RECTANGLE",
            "tags": [
                "car"
            ],
            "boundingBox": {
                "height": 43.733870967741936,
                "width": 62.604095563139936,
                "left": 214.21160409556313,
                "top": 50.47303427419355
            },
            "points": [
                {
                    "x": 214.21160409556313,
                    "y": 50.47303427419355
                },
                {
                    "x": 276.81569965870307,
                    "y": 50.47303427419355
                },
                {
                    "x": 276.81569965870307,
                    "y": 94.20690524193549
                },
                {
                    "x": 214.21160409556313,
                    "y": 94.20690524193549
                }
            ]
        },
        {
            "id": "elzWtPO0c",
            "type": "RECTANGLE",
            "tags": [
                "car"
            ],
            "boundingBox": {
                "height": 59.568548387096776,
                "width": 64.86689419795222,
                "left": 257.2047781569966,
                "top": 43.686743951612904
            },
            "points": [
                {
                    "x": 257.2047781569966,
                    "y": 43.686743951612904
                },
                {
                    "x": 322.0716723549488,
                    "y": 43.686743951612904
                },
                {
                    "x": 322.0716723549488,
                    "y": 103.25529233870968
                },
                {
                    "x": 257.2047781569966,
                    "y": 103.25529233870968
                }
            ]
        },
        {
            "id": "hAgPNIKYV",
            "type": "RECTANGLE",
            "tags": [
                "car"
            ],
            "boundingBox": {
                "height": 57.353578629032256,
                "width": 58.8327645051195,
                "left": 310.75767918088735,
                "top": 48.2109375
            },
            "points": [
                {
                    "x": 310.75767918088735,
                    "y": 48.2109375
                },
                {
                    "x": 369.59044368600684,
                    "y": 48.2109375
                },
                {
                    "x": 369.59044368600684,
                    "y": 105.56451612903226
                },
                {
                    "x": 310.75767918088735,
                    "y": 105.56451612903226
                }
            ]
        },
        {
            "id": "agbY2E5ct",
            "type": "RECTANGLE",
            "tags": [
                "car"
            ],
            "boundingBox": {
                "height": 58.060483870967744,
                "width": 60.341296928327644,
                "left": 409.5665529010239,
                "top": 41.42464717741935
            },
            "points": [
                {
                    "x": 409.5665529010239,
                    "y": 41.42464717741935
                },
                {
                    "x": 469.90784982935156,
                    "y": 41.42464717741935
                },
                {
                    "x": 469.90784982935156,
                    "y": 99.4851310483871
                },
                {
                    "x": 409.5665529010239,
                    "y": 99.4851310483871
                }
            ]
        },
        {
            "id": "ffJcr_lCx",
            "type": "RECTANGLE",
            "tags": [
                "car"
            ],
            "boundingBox": {
                "height": 52.78225806451613,
                "width": 66.37542662116041,
                "left": 555.8941979522184,
                "top": 42.17867943548387
            },
            "points": [
                {
                    "x": 555.8941979522184,
                    "y": 42.17867943548387
                },
                {
                    "x": 622.2696245733788,
                    "y": 42.17867943548387
                },
                {
                    "x": 622.2696245733788,
                    "y": 94.9609375
                },
                {
                    "x": 555.8941979522184,
                    "y": 94.9609375
                }
            ]
        },
        {
            "id": "uoMwzM7jC",
            "type": "RECTANGLE",
            "tags": [
                "car"
            ],
            "boundingBox": {
                "height": 53.53629032258065,
                "width": 43.74744027303754,
                "left": 618.4982935153583,
                "top": 42.932711693548384
            },
            "points": [
                {
                    "x": 618.4982935153583,
                    "y": 42.932711693548384
                },
                {
                    "x": 662.2457337883959,
                    "y": 42.932711693548384
                },
                {
                    "x": 662.2457337883959,
                    "y": 96.46900201612902
                },
                {
                    "x": 618.4982935153583,
                    "y": 96.46900201612902
                }
            ]
        },
        {
            "id": "-wZ93ExJJ",
            "type": "RECTANGLE",
            "tags": [
                "car"
            ],
            "boundingBox": {
                "height": 49.766129032258064,
                "width": 47.51877133105802,
                "left": 348.47098976109214,
                "top": 15.03351814516129
            },
            "points": [
                {
                    "x": 348.47098976109214,
                    "y": 15.03351814516129
                },
                {
                    "x": 395.98976109215016,
                    "y": 15.03351814516129
                },
                {
                    "x": 395.98976109215016,
                    "y": 64.79964717741936
                },
                {
                    "x": 348.47098976109214,
                    "y": 64.79964717741936
                }
            ]
        },
        {
            "id": "lEMxH_VGR",
            "type": "RECTANGLE",
            "tags": [
                "car"
            ],
            "boundingBox": {
                "height": 42.979838709677416,
                "width": 49.027303754266214,
                "left": 396.74402730375425,
                "top": 18.803679435483872
            },
            "points": [
                {
                    "x": 396.74402730375425,
                    "y": 18.803679435483872
                },
                {
                    "x": 445.7713310580205,
                    "y": 18.803679435483872
                },
                {
                    "x": 445.7713310580205,
                    "y": 61.78351814516129
                },
                {
                    "x": 396.74402730375425,
                    "y": 61.78351814516129
                }
            ]
        },
        {
            "id": "ge2_2FNF4",
            "type": "RECTANGLE",
            "tags": [
                "car"
            ],
            "boundingBox": {
                "height": 50.520161290322584,
                "width": 52.79863481228669,
                "left": 447.2798634812287,
                "top": 15.787550403225806
            },
            "points": [
                {
                    "x": 447.2798634812287,
                    "y": 15.787550403225806
                },
                {
                    "x": 500.07849829351534,
                    "y": 15.787550403225806
                },
                {
                    "x": 500.07849829351534,
                    "y": 66.30771169354838
                },
                {
                    "x": 447.2798634812287,
                    "y": 66.30771169354838
                }
            ]
        },
        {
            "id": "1TQOvaf62",
            "type": "RECTANGLE",
            "tags": [
                "car"
            ],
            "boundingBox": {
                "height": 55.79838709677419,
                "width": 49.027303754266214,
                "left": 494.7986348122867,
                "top": 9.755292338709678
            },
            "points": [
                {
                    "x": 494.7986348122867,
                    "y": 9.755292338709678
                },
                {
                    "x": 543.825938566553,
                    "y": 9.755292338709678
                },
                {
                    "x": 543.825938566553,
                    "y": 65.55367943548387
                },
                {
                    "x": 494.7986348122867,
                    "y": 65.55367943548387
                }
            ]
        },
        {
            "id": "cujGCfZYf",
            "type": "RECTANGLE",
            "tags": [
                "car"
            ],
            "boundingBox": {
                "height": 42.979838709677416,
                "width": 50.5358361774744,
                "left": 540.0546075085324,
                "top": 15.03351814516129
            },
            "points": [
                {
                    "x": 540.0546075085324,
                    "y": 15.03351814516129
                },
                {
                    "x": 590.5904436860068,
                    "y": 15.03351814516129
                },
                {
                    "x": 590.5904436860068,
                    "y": 58.01335685483871
                },
                {
                    "x": 540.0546075085324,
                    "y": 58.01335685483871
                }
            ]
        },
        {
            "id": "Rogj_a9il",
            "type": "RECTANGLE",
            "tags": [
                "car"
            ],
            "boundingBox": {
                "height": 43.733870967741936,
                "width": 43.74744027303754,
                "left": 585.3105802047781,
                "top": 11.26335685483871
            },
            "points": [
                {
                    "x": 585.3105802047781,
                    "y": 11.26335685483871
                },
                {
                    "x": 629.0580204778157,
                    "y": 11.26335685483871
                },
                {
                    "x": 629.0580204778157,
                    "y": 54.99722782258065
                },
                {
                    "x": 585.3105802047781,
                    "y": 54.99722782258065
                }
            ]
        },
        {
            "id": "NKT_UifA3",
            "type": "RECTANGLE",
            "tags": [
                "car"
            ],
            "boundingBox": {
                "height": 49.01209677419355,
                "width": 39.97610921501707,
                "left": 623.023890784983,
                "top": 1.4609375
            },
            "points": [
                {
                    "x": 623.023890784983,
                    "y": 1.4609375
                },
                {
                    "x": 663,
                    "y": 1.4609375
                },
                {
                    "x": 663,
                    "y": 50.47303427419355
                },
                {
                    "x": 623.023890784983,
                    "y": 50.47303427419355
                }
            ]
        },
        {
            "id": "c4EjnVRIO",
            "type": "RECTANGLE",
            "tags": [
                "car"
            ],
            "boundingBox": {
                "height": 65.6008064516129,
                "width": 67.1296928327645,
                "left": 23.38225255972696,
                "top": 287.9931955645161
            },
            "points": [
                {
                    "x": 23.38225255972696,
                    "y": 287.9931955645161
                },
                {
                    "x": 90.51194539249147,
                    "y": 287.9931955645161
                },
                {
                    "x": 90.51194539249147,
                    "y": 353.594002016129
                },
                {
                    "x": 23.38225255972696,
                    "y": 353.594002016129
                }
            ]
        },
        {
            "id": "1oIUA4f7l",
            "type": "RECTANGLE",
            "tags": [
                "car"
            ],
            "boundingBox": {
                "height": 75.40322580645162,
                "width": 58.07849829351536,
                "left": 94.28327645051195,
                "top": 281.9609375
            },
            "points": [
                {
                    "x": 94.28327645051195,
                    "y": 281.9609375
                },
                {
                    "x": 152.36177474402731,
                    "y": 281.9609375
                },
                {
                    "x": 152.36177474402731,
                    "y": 357.3641633064516
                },
                {
                    "x": 94.28327645051195,
                    "y": 357.3641633064516
                }
            ]
        },
        {
            "id": "EAybVi97J",
            "type": "RECTANGLE",
            "tags": [
                "car"
            ],
            "boundingBox": {
                "height": 67.10887096774194,
                "width": 61.09556313993174,
                "left": 156.1331058020478,
                "top": 278.94480846774195
            },
            "points": [
                {
                    "x": 156.1331058020478,
                    "y": 278.94480846774195
                },
                {
                    "x": 217.22866894197952,
                    "y": 278.94480846774195
                },
                {
                    "x": 217.22866894197952,
                    "y": 346.05367943548384
                },
                {
                    "x": 156.1331058020478,
                    "y": 346.05367943548384
                }
            ]
        },
        {
            "id": "KpVXX1UWg",
            "type": "RECTANGLE",
            "tags": [
                "car"
            ],
            "boundingBox": {
                "height": 86.71370967741936,
                "width": 55.06143344709898,
                "left": 223.2627986348123,
                "top": 269.89642137096774
            },
            "points": [
                {
                    "x": 223.2627986348123,
                    "y": 269.89642137096774
                },
                {
                    "x": 278.32423208191125,
                    "y": 269.89642137096774
                },
                {
                    "x": 278.32423208191125,
                    "y": 356.6101310483871
                },
                {
                    "x": 223.2627986348123,
                    "y": 356.6101310483871
                }
            ]
        },
        {
            "id": "qcv_XenHG",
            "type": "RECTANGLE",
            "tags": [
                "car"
            ],
            "boundingBox": {
                "height": 83.6975806451613,
                "width": 58.07849829351536,
                "left": 291.1467576791809,
                "top": 259.3399697580645
            },
            "points": [
                {
                    "x": 291.1467576791809,
                    "y": 259.3399697580645
                },
                {
                    "x": 349.22525597269623,
                    "y": 259.3399697580645
                },
                {
                    "x": 349.22525597269623,
                    "y": 343.0375504032258
                },
                {
                    "x": 291.1467576791809,
                    "y": 343.0375504032258
                }
            ]
        },
        {
            "id": "vLqdQ8hom",
            "type": "RECTANGLE",
            "tags": [
                "car"
            ],
            "boundingBox": {
                "height": 67.86290322580645,
                "width": 61.09556313993174,
                "left": 354.5051194539249,
                "top": 266.8802923387097
            },
            "points": [
                {
                    "x": 354.5051194539249,
                    "y": 266.8802923387097
                },
                {
                    "x": 415.6006825938567,
                    "y": 266.8802923387097
                },
                {
                    "x": 415.6006825938567,
                    "y": 334.7431955645161
                },
                {
                    "x": 354.5051194539249,
                    "y": 334.7431955645161
                }
            ]
        },
        {
            "id": "3WhiP2jFY",
            "type": "RECTANGLE",
            "tags": [
                "car"
            ],
            "boundingBox": {
                "height": 70.125,
                "width": 66.37542662116041,
                "left": 416.35494880546077,
                "top": 262.35609879032256
            },
            "points": [
                {
                    "x": 416.35494880546077,
                    "y": 262.35609879032256
                },
                {
                    "x": 482.73037542662115,
                    "y": 262.35609879032256
                },
                {
                    "x": 482.73037542662115,
                    "y": 332.48109879032256
                },
                {
                    "x": 416.35494880546077,
                    "y": 332.48109879032256
                }
            ]
        },
        {
            "id": "zXYjTkc47",
            "type": "RECTANGLE",
            "tags": [
                "car"
            ],
            "boundingBox": {
                "height": 67.86290322580645,
                "width": 53.55290102389078,
                "left": 484.9931740614335,
                "top": 266.8802923387097
            },
            "points": [
                {
                    "x": 484.9931740614335,
                    "y": 266.8802923387097
                },
                {
                    "x": 538.5460750853242,
                    "y": 266.8802923387097
                },
                {
                    "x": 538.5460750853242,
                    "y": 334.7431955645161
                },
                {
                    "x": 484.9931740614335,
                    "y": 334.7431955645161
                }
            ]
        },
        {
            "id": "UCij9ukDx",
            "type": "RECTANGLE",
            "tags": [
                "car"
            ],
            "boundingBox": {
                "height": 79.17338709677419,
                "width": 76.93515358361775,
                "left": 535.5290102389079,
                "top": 248.02948588709677
            },
            "points": [
                {
                    "x": 535.5290102389079,
                    "y": 248.02948588709677
                },
                {
                    "x": 612.4641638225256,
                    "y": 248.02948588709677
                },
                {
                    "x": 612.4641638225256,
                    "y": 327.202872983871
                },
                {
                    "x": 535.5290102389079,
                    "y": 327.202872983871
                }
            ]
        },
        {
            "id": "ZgFBW9AoI",
            "type": "RECTANGLE",
            "tags": [
                "car"
            ],
            "boundingBox": {
                "height": 82.94354838709677,
                "width": 53.55290102389078,
                "left": 605.6757679180887,
                "top": 254.8157762096774
            },
            "points": [
                {
                    "x": 605.6757679180887,
                    "y": 254.8157762096774
                },
                {
                    "x": 659.2286689419795,
                    "y": 254.8157762096774
                },
                {
                    "x": 659.2286689419795,
                    "y": 337.7593245967742
                },
                {
                    "x": 605.6757679180887,
                    "y": 337.7593245967742
                }
            ]
        }
    ],
    "version": "2.2.0"
}