{
    "asset": {
        "format": "JPG",
        "id": "cbdd8dddd96c90750d338232e971f85d",
        "name": "Week2Lot5_Mike%20Moser.JPG",
        "path": "file:C:/Users/Michael/Documents/Spring2021/CSC%20354/Lot%20Images/Week%202%20Shots_Mike%20Moser/Week2Lot5_Mike%20Moser.JPG",
        "size": {
            "width": 662,
            "height": 375
        },
        "state": 2,
        "type": 1
    },
    "regions": [
        {
            "id": "hc5BAaaVh",
            "type": "RECTANGLE",
            "tags": [
                "car"
            ],
            "boundingBox": {
                "height": 33.415841584158414,
                "width": 53.43497757847534,
                "left": 274.59641255605385,
                "top": 89.59622524752476
            },
            "points": [
                {
                    "x": 274.59641255605385,
                    "y": 89.59622524752476
                },
                {
                    "x": 328.03139013452915,
                    "y": 89.59622524752476
                },
                {
                    "x": 328.03139013452915,
                    "y": 123.01206683168317
                },
                {
                    "x": 274.59641255605385,
                    "y": 123.01206683168317
                }
            ]
        },
        {
            "id": "zuBZ8_pG2",
            "type": "RECTANGLE",
            "tags": [
                "car"
            ],
            "boundingBox": {
                "height": 34.15841584158416,
                "width": 61.59865470852018,
                "left": 250.847533632287,
                "top": 97.02196782178218
            },
            "points": [
                {
                    "x": 250.847533632287,
                    "y": 97.02196782178218
                },
                {
                    "x": 312.44618834080717,
                    "y": 97.02196782178218
                },
                {
                    "x": 312.44618834080717,
                    "y": 131.18038366336634
                },
                {
                    "x": 250.847533632287,
                    "y": 131.18038366336634
                }
            ]
        },
        {
            "id": "HbJ5IplBT",
            "type": "RECTANGLE",
            "tags": [
                "car"
            ],
            "boundingBox": {
                "height": 38.613861386138616,
                "width": 61.59865470852018,
                "left": 239.7152466367713,
                "top": 105.93285891089108
            },
            "points": [
                {
                    "x": 239.7152466367713,
                    "y": 105.93285891089108
                },
                {
                    "x": 301.31390134529147,
                    "y": 105.93285891089108
                },
                {
                    "x": 301.31390134529147,
                    "y": 144.5467202970297
                },
                {
                    "x": 239.7152466367713,
                    "y": 144.5467202970297
                }
            ]
        },
        {
            "id": "-BbSd6eWo",
            "type": "RECTANGLE",
            "tags": [
                "car"
            ],
            "boundingBox": {
                "height": 41.584158415841586,
                "width": 66.79372197309418,
                "left": 206.31838565022423,
                "top": 117.07147277227723
            },
            "points": [
                {
                    "x": 206.31838565022423,
                    "y": 117.07147277227723
                },
                {
                    "x": 273.1121076233184,
                    "y": 117.07147277227723
                },
                {
                    "x": 273.1121076233184,
                    "y": 158.6556311881188
                },
                {
                    "x": 206.31838565022423,
                    "y": 158.6556311881188
                }
            ]
        },
        {
            "id": "Jh8mpgvVO",
            "type": "RECTANGLE",
            "tags": [
                "car"
            ],
            "boundingBox": {
                "height": 43.06930693069307,
                "width": 80.152466367713,
                "left": 185.53811659192826,
                "top": 135.63582920792078
            },
            "points": [
                {
                    "x": 185.53811659192826,
                    "y": 135.63582920792078
                },
                {
                    "x": 265.6905829596413,
                    "y": 135.63582920792078
                },
                {
                    "x": 265.6905829596413,
                    "y": 178.70513613861385
                },
                {
                    "x": 185.53811659192826,
                    "y": 178.70513613861385
                }
            ]
        },
        {
            "id": "FDofCGZpw",
            "type": "RECTANGLE",
            "tags": [
                "car"
            ],
            "boundingBox": {
                "height": 49.00990099009901,
                "width": 72.73094170403587,
                "left": 169.21076233183857,
                "top": 151.2298886138614
            },
            "points": [
                {
                    "x": 169.21076233183857,
                    "y": 151.2298886138614
                },
                {
                    "x": 241.94170403587444,
                    "y": 151.2298886138614
                },
                {
                    "x": 241.94170403587444,
                    "y": 200.2397896039604
                },
                {
                    "x": 169.21076233183857,
                    "y": 200.2397896039604
                }
            ]
        },
        {
            "id": "yeg0AlKBX",
            "type": "RECTANGLE",
            "tags": [
                "car"
            ],
            "boundingBox": {
                "height": 47.524752475247524,
                "width": 69.02017937219732,
                "left": 130.6188340807175,
                "top": 171.27939356435644
            },
            "points": [
                {
                    "x": 130.6188340807175,
                    "y": 171.27939356435644
                },
                {
                    "x": 199.63901345291484,
                    "y": 171.27939356435644
                },
                {
                    "x": 199.63901345291484,
                    "y": 218.80414603960395
                },
                {
                    "x": 130.6188340807175,
                    "y": 218.80414603960395
                }
            ]
        },
        {
            "id": "Fp1f9Jlp-",
            "type": "RECTANGLE",
            "tags": [
                "car"
            ],
            "boundingBox": {
                "height": 51.98019801980198,
                "width": 86.08968609865471,
                "left": 100.19058295964126,
                "top": 183.90315594059405
            },
            "points": [
                {
                    "x": 100.19058295964126,
                    "y": 183.90315594059405
                },
                {
                    "x": 186.28026905829597,
                    "y": 183.90315594059405
                },
                {
                    "x": 186.28026905829597,
                    "y": 235.88335396039605
                },
                {
                    "x": 100.19058295964126,
                    "y": 235.88335396039605
                }
            ]
        },
        {
            "id": "9s5Rt_Y8B",
            "type": "RECTANGLE",
            "tags": [
                "car"
            ],
            "boundingBox": {
                "height": 62.37623762376238,
                "width": 84.60538116591928,
                "left": 64.56726457399104,
                "top": 203.21008663366337
            },
            "points": [
                {
                    "x": 64.56726457399104,
                    "y": 203.21008663366337
                },
                {
                    "x": 149.1726457399103,
                    "y": 203.21008663366337
                },
                {
                    "x": 149.1726457399103,
                    "y": 265.58632425742576
                },
                {
                    "x": 64.56726457399104,
                    "y": 265.58632425742576
                }
            ]
        },
        {
            "id": "nGnBlxIr7",
            "type": "RECTANGLE",
            "tags": [
                "car"
            ],
            "boundingBox": {
                "height": 59.4059405940594,
                "width": 90.54260089686099,
                "left": 16.327354260089688,
                "top": 233.6556311881188
            },
            "points": [
                {
                    "x": 16.327354260089688,
                    "y": 233.6556311881188
                },
                {
                    "x": 106.86995515695068,
                    "y": 233.6556311881188
                },
                {
                    "x": 106.86995515695068,
                    "y": 293.0615717821782
                },
                {
                    "x": 16.327354260089688,
                    "y": 293.0615717821782
                }
            ]
        },
        {
            "id": "1BZEFzaD-",
            "type": "RECTANGLE",
            "tags": [
                "car"
            ],
            "boundingBox": {
                "height": 64.6039603960396,
                "width": 74.2152466367713,
                "left": 0,
                "top": 274.49721534653463
            },
            "points": [
                {
                    "x": 0,
                    "y": 274.49721534653463
                },
                {
                    "x": 74.2152466367713,
                    "y": 274.49721534653463
                },
                {
                    "x": 74.2152466367713,
                    "y": 339.10117574257424
                },
                {
                    "x": 0,
                    "y": 339.10117574257424
                }
            ]
        },
        {
            "id": "Itzuvs3LC",
            "type": "RECTANGLE",
            "tags": [
                "car"
            ],
            "boundingBox": {
                "height": 40.84158415841584,
                "width": 67.53587443946189,
                "left": 336.195067264574,
                "top": 97.02196782178218
            },
            "points": [
                {
                    "x": 336.195067264574,
                    "y": 97.02196782178218
                },
                {
                    "x": 403.7309417040359,
                    "y": 97.02196782178218
                },
                {
                    "x": 403.7309417040359,
                    "y": 137.86355198019803
                },
                {
                    "x": 336.195067264574,
                    "y": 137.86355198019803
                }
            ]
        },
        {
            "id": "gZ9SggqwT",
            "type": "RECTANGLE",
            "tags": [
                "car"
            ],
            "boundingBox": {
                "height": 34.9009900990099,
                "width": 69.76233183856503,
                "left": 316.89910313901345,
                "top": 115.58632425742574
            },
            "points": [
                {
                    "x": 316.89910313901345,
                    "y": 115.58632425742574
                },
                {
                    "x": 386.6614349775785,
                    "y": 115.58632425742574
                },
                {
                    "x": 386.6614349775785,
                    "y": 150.48731435643563
                },
                {
                    "x": 316.89910313901345,
                    "y": 150.48731435643563
                }
            ]
        },
        {
            "id": "n5LThE2eO",
            "type": "RECTANGLE",
            "tags": [
                "car"
            ],
            "boundingBox": {
                "height": 44.80971534653465,
                "width": 80.89461883408072,
                "left": 311.70403587443946,
                "top": 125.98236386138613
            },
            "points": [
                {
                    "x": 311.70403587443946,
                    "y": 125.98236386138613
                },
                {
                    "x": 392.5986547085202,
                    "y": 125.98236386138613
                },
                {
                    "x": 392.5986547085202,
                    "y": 170.79207920792078
                },
                {
                    "x": 311.70403587443946,
                    "y": 170.79207920792078
                }
            ]
        },
        {
            "id": "9HYAK_ST9",
            "type": "RECTANGLE",
            "tags": [
                "car"
            ],
            "boundingBox": {
                "height": 46.78217821782178,
                "width": 72.73094170403587,
                "left": 279.79147982062784,
                "top": 139.3487004950495
            },
            "points": [
                {
                    "x": 279.79147982062784,
                    "y": 139.3487004950495
                },
                {
                    "x": 352.5224215246637,
                    "y": 139.3487004950495
                },
                {
                    "x": 352.5224215246637,
                    "y": 186.1308787128713
                },
                {
                    "x": 279.79147982062784,
                    "y": 186.1308787128713
                }
            ]
        },
        {
            "id": "LNDmeuuGP",
            "type": "RECTANGLE",
            "tags": [
                "car"
            ],
            "boundingBox": {
                "height": 46.039603960396036,
                "width": 77.18385650224215,
                "left": 261.237668161435,
                "top": 156.42790841584159
            },
            "points": [
                {
                    "x": 261.237668161435,
                    "y": 156.42790841584159
                },
                {
                    "x": 338.42152466367713,
                    "y": 156.42790841584159
                },
                {
                    "x": 338.42152466367713,
                    "y": 202.46751237623764
                },
                {
                    "x": 261.237668161435,
                    "y": 202.46751237623764
                }
            ]
        },
        {
            "id": "U_KntSea5",
            "type": "RECTANGLE",
            "tags": [
                "car"
            ],
            "boundingBox": {
                "height": 44.554455445544555,
                "width": 73.47309417040358,
                "left": 249.36322869955157,
                "top": 177.96256188118812
            },
            "points": [
                {
                    "x": 249.36322869955157,
                    "y": 177.96256188118812
                },
                {
                    "x": 322.83632286995515,
                    "y": 177.96256188118812
                },
                {
                    "x": 322.83632286995515,
                    "y": 222.51701732673268
                },
                {
                    "x": 249.36322869955157,
                    "y": 222.51701732673268
                }
            ]
        },
        {
            "id": "iOUUnG2bb",
            "type": "RECTANGLE",
            "tags": [
                "car"
            ],
            "boundingBox": {
                "height": 53.46534653465346,
                "width": 69.76233183856503,
                "left": 226.3565022421525,
                "top": 203.9526608910891
            },
            "points": [
                {
                    "x": 226.3565022421525,
                    "y": 203.9526608910891
                },
                {
                    "x": 296.1188340807175,
                    "y": 203.9526608910891
                },
                {
                    "x": 296.1188340807175,
                    "y": 257.4180074257426
                },
                {
                    "x": 226.3565022421525,
                    "y": 257.4180074257426
                }
            ]
        },
        {
            "id": "NlaB2eXUc",
            "type": "RECTANGLE",
            "tags": [
                "car"
            ],
            "boundingBox": {
                "height": 64.6039603960396,
                "width": 77.92600896860986,
                "left": 195.18609865470853,
                "top": 214.3487004950495
            },
            "points": [
                {
                    "x": 195.18609865470853,
                    "y": 214.3487004950495
                },
                {
                    "x": 273.1121076233184,
                    "y": 214.3487004950495
                },
                {
                    "x": 273.1121076233184,
                    "y": 278.9526608910891
                },
                {
                    "x": 195.18609865470853,
                    "y": 278.9526608910891
                }
            ]
        },
        {
            "id": "_gJ8eyZJR",
            "type": "RECTANGLE",
            "tags": [
                "car"
            ],
            "boundingBox": {
                "height": 73.51485148514851,
                "width": 87.57399103139014,
                "left": 149.91479820627802,
                "top": 232.91305693069307
            },
            "points": [
                {
                    "x": 149.91479820627802,
                    "y": 232.91305693069307
                },
                {
                    "x": 237.4887892376682,
                    "y": 232.91305693069307
                },
                {
                    "x": 237.4887892376682,
                    "y": 306.42790841584156
                },
                {
                    "x": 149.91479820627802,
                    "y": 306.42790841584156
                }
            ]
        },
        {
            "id": "1kUmh0Fvz",
            "type": "RECTANGLE",
            "tags": [
                "car"
            ],
            "boundingBox": {
                "height": 69.8019801980198,
                "width": 103.90134529147983,
                "left": 92.76905829596413,
                "top": 270.78434405940595
            },
            "points": [
                {
                    "x": 92.76905829596413,
                    "y": 270.78434405940595
                },
                {
                    "x": 196.67040358744396,
                    "y": 270.78434405940595
                },
                {
                    "x": 196.67040358744396,
                    "y": 340.58632425742576
                },
                {
                    "x": 92.76905829596413,
                    "y": 340.58632425742576
                }
            ]
        },
        {
            "id": "b3dALfUDm",
            "type": "RECTANGLE",
            "tags": [
                "car"
            ],
            "boundingBox": {
                "height": 74.25742574257426,
                "width": 97.96412556053812,
                "left": 63.82511210762332,
                "top": 299.7447400990099
            },
            "points": [
                {
                    "x": 63.82511210762332,
                    "y": 299.7447400990099
                },
                {
                    "x": 161.78923766816143,
                    "y": 299.7447400990099
                },
                {
                    "x": 161.78923766816143,
                    "y": 374.00216584158414
                },
                {
                    "x": 63.82511210762332,
                    "y": 374.00216584158414
                }
            ]
        },
        {
            "id": "nPl7chEQR",
            "type": "RECTANGLE",
            "tags": [
                "car"
            ],
            "boundingBox": {
                "height": 41.584158415841586,
                "width": 125.4237668161435,
                "left": 11.874439461883409,
                "top": 331.67543316831683
            },
            "points": [
                {
                    "x": 11.874439461883409,
                    "y": 331.67543316831683
                },
                {
                    "x": 137.29820627802692,
                    "y": 331.67543316831683
                },
                {
                    "x": 137.29820627802692,
                    "y": 373.2595915841584
                },
                {
                    "x": 11.874439461883409,
                    "y": 373.2595915841584
                }
            ]
        },
        {
            "id": "uo_CISLJl",
            "type": "RECTANGLE",
            "tags": [
                "car"
            ],
            "boundingBox": {
                "height": 60.148514851485146,
                "width": 23.006726457399104,
                "left": 0,
                "top": 311.62592821782175
            },
            "points": [
                {
                    "x": 0,
                    "y": 311.62592821782175
                },
                {
                    "x": 23.006726457399104,
                    "y": 311.62592821782175
                },
                {
                    "x": 23.006726457399104,
                    "y": 371.7744430693069
                },
                {
                    "x": 0,
                    "y": 371.7744430693069
                }
            ]
        },
        {
            "id": "7C89uTpTl",
            "type": "RECTANGLE",
            "tags": [
                "car"
            ],
            "boundingBox": {
                "height": 37.12871287128713,
                "width": 83.86322869955157,
                "left": 477.94618834080717,
                "top": 108.16058168316832
            },
            "points": [
                {
                    "x": 477.94618834080717,
                    "y": 108.16058168316832
                },
                {
                    "x": 561.8094170403588,
                    "y": 108.16058168316832
                },
                {
                    "x": 561.8094170403588,
                    "y": 145.28929455445544
                },
                {
                    "x": 477.94618834080717,
                    "y": 145.28929455445544
                }
            ]
        },
        {
            "id": "6nu6GBsIx",
            "type": "RECTANGLE",
            "tags": [
                "car"
            ],
            "boundingBox": {
                "height": 48.26732673267327,
                "width": 80.89461883408072,
                "left": 577.3946188340807,
                "top": 142.31899752475246
            },
            "points": [
                {
                    "x": 577.3946188340807,
                    "y": 142.31899752475246
                },
                {
                    "x": 658.2892376681615,
                    "y": 142.31899752475246
                },
                {
                    "x": 658.2892376681615,
                    "y": 190.58632425742573
                },
                {
                    "x": 577.3946188340807,
                    "y": 190.58632425742573
                }
            ]
        },
        {
            "id": "Xr0zW5zbs",
            "type": "RECTANGLE",
            "tags": [
                "car"
            ],
            "boundingBox": {
                "height": 61.37840346534658,
                "width": 97.96412556053816,
                "left": 369.59192825112115,
                "top": 303.71287128712873
            },
            "points": [
                {
                    "x": 369.59192825112115,
                    "y": 303.71287128712873
                },
                {
                    "x": 467.5560538116593,
                    "y": 303.71287128712873
                },
                {
                    "x": 467.5560538116593,
                    "y": 365.0912747524753
                },
                {
                    "x": 369.59192825112115,
                    "y": 365.0912747524753
                }
            ]
        },
        {
            "id": "1wpVsBHWX",
            "type": "RECTANGLE",
            "tags": [
                "car"
            ],
            "boundingBox": {
                "height": 49.75247524752475,
                "width": 106.12780269058297,
                "left": 388.1457399103139,
                "top": 284.893254950495
            },
            "points": [
                {
                    "x": 388.1457399103139,
                    "y": 284.893254950495
                },
                {
                    "x": 494.27354260089686,
                    "y": 284.893254950495
                },
                {
                    "x": 494.27354260089686,
                    "y": 334.6457301980198
                },
                {
                    "x": 388.1457399103139,
                    "y": 334.6457301980198
                }
            ]
        },
        {
            "id": "p693CEONe",
            "type": "RECTANGLE",
            "tags": [
                "car"
            ],
            "boundingBox": {
                "height": 38.613861386138616,
                "width": 111.32286995515696,
                "left": 390.37219730941706,
                "top": 255.9328589108911
            },
            "points": [
                {
                    "x": 390.37219730941706,
                    "y": 255.9328589108911
                },
                {
                    "x": 501.695067264574,
                    "y": 255.9328589108911
                },
                {
                    "x": 501.695067264574,
                    "y": 294.5467202970297
                },
                {
                    "x": 390.37219730941706,
                    "y": 294.5467202970297
                }
            ]
        },
        {
            "id": "u0m2qa9-J",
            "type": "RECTANGLE",
            "tags": [
                "car"
            ],
            "boundingBox": {
                "height": 38.613861386138616,
                "width": 95.73766816143498,
                "left": 414.8632286995516,
                "top": 229.20018564356437
            },
            "points": [
                {
                    "x": 414.8632286995516,
                    "y": 229.20018564356437
                },
                {
                    "x": 510.60089686098655,
                    "y": 229.20018564356437
                },
                {
                    "x": 510.60089686098655,
                    "y": 267.814047029703
                },
                {
                    "x": 414.8632286995516,
                    "y": 267.814047029703
                }
            ]
        },
        {
            "id": "-Qex76Y9E",
            "type": "RECTANGLE",
            "tags": [
                "car"
            ],
            "boundingBox": {
                "height": 39.35643564356435,
                "width": 97.96412556053812,
                "left": 437.127802690583,
                "top": 209.15068069306932
            },
            "points": [
                {
                    "x": 437.127802690583,
                    "y": 209.15068069306932
                },
                {
                    "x": 535.0919282511211,
                    "y": 209.15068069306932
                },
                {
                    "x": 535.0919282511211,
                    "y": 248.50711633663366
                },
                {
                    "x": 437.127802690583,
                    "y": 248.50711633663366
                }
            ]
        },
        {
            "id": "igw6Ow-Nc",
            "type": "RECTANGLE",
            "tags": [
                "car"
            ],
            "boundingBox": {
                "height": 42.32673267326733,
                "width": 83.12107623318386,
                "left": 459.3923766816144,
                "top": 186.1308787128713
            },
            "points": [
                {
                    "x": 459.3923766816144,
                    "y": 186.1308787128713
                },
                {
                    "x": 542.5134529147982,
                    "y": 186.1308787128713
                },
                {
                    "x": 542.5134529147982,
                    "y": 228.4576113861386
                },
                {
                    "x": 459.3923766816144,
                    "y": 228.4576113861386
                }
            ]
        },
        {
            "id": "gUCtUf9gk",
            "type": "RECTANGLE",
            "tags": [
                "car"
            ],
            "boundingBox": {
                "height": 36.386138613861384,
                "width": 70.50448430493275,
                "left": 476.46188340807174,
                "top": 164.59622524752476
            },
            "points": [
                {
                    "x": 476.46188340807174,
                    "y": 164.59622524752476
                },
                {
                    "x": 546.9663677130045,
                    "y": 164.59622524752476
                },
                {
                    "x": 546.9663677130045,
                    "y": 200.98236386138615
                },
                {
                    "x": 476.46188340807174,
                    "y": 200.98236386138615
                }
            ]
        },
        {
            "id": "IRvLvjkhp",
            "type": "RECTANGLE",
            "tags": [
                "car"
            ],
            "boundingBox": {
                "height": 37.12871287128713,
                "width": 87.57399103139014,
                "left": 479.4304932735426,
                "top": 149.00216584158414
            },
            "points": [
                {
                    "x": 479.4304932735426,
                    "y": 149.00216584158414
                },
                {
                    "x": 567.0044843049328,
                    "y": 149.00216584158414
                },
                {
                    "x": 567.0044843049328,
                    "y": 186.1308787128713
                },
                {
                    "x": 479.4304932735426,
                    "y": 186.1308787128713
                }
            ]
        },
        {
            "id": "62XYRSWEm",
            "type": "RECTANGLE",
            "tags": [
                "car"
            ],
            "boundingBox": {
                "height": 28.96039603960396,
                "width": 83.12107623318386,
                "left": 489.07847533632287,
                "top": 132.66553217821783
            },
            "points": [
                {
                    "x": 489.07847533632287,
                    "y": 132.66553217821783
                },
                {
                    "x": 572.1995515695068,
                    "y": 132.66553217821783
                },
                {
                    "x": 572.1995515695068,
                    "y": 161.62592821782178
                },
                {
                    "x": 489.07847533632287,
                    "y": 161.62592821782178
                }
            ]
        },
        {
            "id": "7QTFKDmgP",
            "type": "RECTANGLE",
            "tags": [
                "car"
            ],
            "boundingBox": {
                "height": 28.217821782178216,
                "width": 164.7578475336323,
                "left": 472.75112107623323,
                "top": 343.55662128712873
            },
            "points": [
                {
                    "x": 472.75112107623323,
                    "y": 343.55662128712873
                },
                {
                    "x": 637.5089686098655,
                    "y": 343.55662128712873
                },
                {
                    "x": 637.5089686098655,
                    "y": 371.7744430693069
                },
                {
                    "x": 472.75112107623323,
                    "y": 371.7744430693069
                }
            ]
        },
        {
            "id": "KV45Uf_9S",
            "type": "RECTANGLE",
            "tags": [
                "car"
            ],
            "boundingBox": {
                "height": 56.43564356435643,
                "width": 126.90807174887892,
                "left": 495.0156950672646,
                "top": 303.45761138613864
            },
            "points": [
                {
                    "x": 495.0156950672646,
                    "y": 303.45761138613864
                },
                {
                    "x": 621.9237668161435,
                    "y": 303.45761138613864
                },
                {
                    "x": 621.9237668161435,
                    "y": 359.893254950495
                },
                {
                    "x": 495.0156950672646,
                    "y": 359.893254950495
                }
            ]
        },
        {
            "id": "5_I4KTN8G",
            "type": "RECTANGLE",
            "tags": [
                "car"
            ],
            "boundingBox": {
                "height": 42.32673267326733,
                "width": 115.77578475336324,
                "left": 512.085201793722,
                "top": 273.01206683168317
            },
            "points": [
                {
                    "x": 512.085201793722,
                    "y": 273.01206683168317
                },
                {
                    "x": 627.8609865470852,
                    "y": 273.01206683168317
                },
                {
                    "x": 627.8609865470852,
                    "y": 315.3387995049505
                },
                {
                    "x": 512.085201793722,
                    "y": 315.3387995049505
                }
            ]
        },
        {
            "id": "YC6aH7RSA",
            "type": "RECTANGLE",
            "tags": [
                "car"
            ],
            "boundingBox": {
                "height": 39.35643564356435,
                "width": 96.4798206278027,
                "left": 519.5067264573992,
                "top": 252.21998762376236
            },
            "points": [
                {
                    "x": 519.5067264573992,
                    "y": 252.21998762376236
                },
                {
                    "x": 615.9865470852018,
                    "y": 252.21998762376236
                },
                {
                    "x": 615.9865470852018,
                    "y": 291.57642326732673
                },
                {
                    "x": 519.5067264573992,
                    "y": 291.57642326732673
                }
            ]
        },
        {
            "id": "66BRNQsBE",
            "type": "RECTANGLE",
            "tags": [
                "car"
            ],
            "boundingBox": {
                "height": 46.039603960396036,
                "width": 87.57399103139014,
                "left": 549.9349775784754,
                "top": 224.7447400990099
            },
            "points": [
                {
                    "x": 549.9349775784754,
                    "y": 224.7447400990099
                },
                {
                    "x": 637.5089686098655,
                    "y": 224.7447400990099
                },
                {
                    "x": 637.5089686098655,
                    "y": 270.78434405940595
                },
                {
                    "x": 549.9349775784754,
                    "y": 270.78434405940595
                }
            ]
        },
        {
            "id": "_W9pqrAXF",
            "type": "RECTANGLE",
            "tags": [
                "car"
            ],
            "boundingBox": {
                "height": 48.26732673267327,
                "width": 100.93273542600897,
                "left": 541.7713004484306,
                "top": 203.21008663366337
            },
            "points": [
                {
                    "x": 541.7713004484306,
                    "y": 203.21008663366337
                },
                {
                    "x": 642.7040358744395,
                    "y": 203.21008663366337
                },
                {
                    "x": 642.7040358744395,
                    "y": 251.47741336633663
                },
                {
                    "x": 541.7713004484306,
                    "y": 251.47741336633663
                }
            ]
        },
        {
            "id": "pSUzI_hrV",
            "type": "RECTANGLE",
            "tags": [
                "car"
            ],
            "boundingBox": {
                "height": 36.386138613861384,
                "width": 89.80044843049328,
                "left": 558.8408071748879,
                "top": 183.16058168316832
            },
            "points": [
                {
                    "x": 558.8408071748879,
                    "y": 183.16058168316832
                },
                {
                    "x": 648.6412556053812,
                    "y": 183.16058168316832
                },
                {
                    "x": 648.6412556053812,
                    "y": 219.5467202970297
                },
                {
                    "x": 558.8408071748879,
                    "y": 219.5467202970297
                }
            ]
        },
        {
            "id": "9IQT4E2Tl",
            "type": "RECTANGLE",
            "tags": [
                "car"
            ],
            "boundingBox": {
                "height": 33.415841584158414,
                "width": 83.12107623318386,
                "left": 568.4887892376682,
                "top": 165.3387995049505
            },
            "points": [
                {
                    "x": 568.4887892376682,
                    "y": 165.3387995049505
                },
                {
                    "x": 651.609865470852,
                    "y": 165.3387995049505
                },
                {
                    "x": 651.609865470852,
                    "y": 198.7546410891089
                },
                {
                    "x": 568.4887892376682,
                    "y": 198.7546410891089
                }
            ]
        },
        {
            "id": "kwStYLxtg",
            "type": "RECTANGLE",
            "tags": [
                "car"
            ],
            "boundingBox": {
                "height": 33.415841584158414,
                "width": 51.2085201793722,
                "left": 141.0089686098655,
                "top": 60.63582920792079
            },
            "points": [
                {
                    "x": 141.0089686098655,
                    "y": 60.63582920792079
                },
                {
                    "x": 192.21748878923768,
                    "y": 60.63582920792079
                },
                {
                    "x": 192.21748878923768,
                    "y": 94.05167079207921
                },
                {
                    "x": 141.0089686098655,
                    "y": 94.05167079207921
                }
            ]
        },
        {
            "id": "m2In7Gg6C",
            "type": "RECTANGLE",
            "tags": [
                "car"
            ],
            "boundingBox": {
                "height": 29.7029702970297,
                "width": 56.40358744394619,
                "left": 126.16591928251121,
                "top": 76.97246287128714
            },
            "points": [
                {
                    "x": 126.16591928251121,
                    "y": 76.97246287128714
                },
                {
                    "x": 182.5695067264574,
                    "y": 76.97246287128714
                },
                {
                    "x": 182.5695067264574,
                    "y": 106.67543316831683
                },
                {
                    "x": 126.16591928251121,
                    "y": 106.67543316831683
                }
            ]
        },
        {
            "id": "nAxUxCppZ",
            "type": "RECTANGLE",
            "tags": [
                "car"
            ],
            "boundingBox": {
                "height": 40.84158415841584,
                "width": 74.2152466367713,
                "left": 98.70627802690584,
                "top": 76.97246287128714
            },
            "points": [
                {
                    "x": 98.70627802690584,
                    "y": 76.97246287128714
                },
                {
                    "x": 172.92152466367713,
                    "y": 76.97246287128714
                },
                {
                    "x": 172.92152466367713,
                    "y": 117.81404702970296
                },
                {
                    "x": 98.70627802690584,
                    "y": 117.81404702970296
                }
            ]
        },
        {
            "id": "sX1TP-9fG",
            "type": "RECTANGLE",
            "tags": [
                "car"
            ],
            "boundingBox": {
                "height": 46.039603960396036,
                "width": 86.83183856502242,
                "left": 60.11434977578475,
                "top": 87.36850247524752
            },
            "points": [
                {
                    "x": 60.11434977578475,
                    "y": 87.36850247524752
                },
                {
                    "x": 146.94618834080717,
                    "y": 87.36850247524752
                },
                {
                    "x": 146.94618834080717,
                    "y": 133.40810643564356
                },
                {
                    "x": 60.11434977578475,
                    "y": 133.40810643564356
                }
            ]
        },
        {
            "id": "dQ8EieZrL",
            "type": "RECTANGLE",
            "tags": [
                "car"
            ],
            "boundingBox": {
                "height": 43.06930693069307,
                "width": 60.856502242152466,
                "left": 36.365470852017935,
                "top": 102.96256188118812
            },
            "points": [
                {
                    "x": 36.365470852017935,
                    "y": 102.96256188118812
                },
                {
                    "x": 97.22197309417041,
                    "y": 102.96256188118812
                },
                {
                    "x": 97.22197309417041,
                    "y": 146.0318688118812
                },
                {
                    "x": 36.365470852017935,
                    "y": 146.0318688118812
                }
            ]
        },
        {
            "id": "an_H-PfKo",
            "type": "RECTANGLE",
            "tags": [
                "car"
            ],
            "boundingBox": {
                "height": 44.554455445544555,
                "width": 79.41031390134529,
                "left": 8.905829596412556,
                "top": 116.32889851485149
            },
            "points": [
                {
                    "x": 8.905829596412556,
                    "y": 116.32889851485149
                },
                {
                    "x": 88.31614349775785,
                    "y": 116.32889851485149
                },
                {
                    "x": 88.31614349775785,
                    "y": 160.88335396039605
                },
                {
                    "x": 8.905829596412556,
                    "y": 160.88335396039605
                }
            ]
        },
        {
            "id": "x8OeuT9qc",
            "type": "RECTANGLE",
            "tags": [
                "car"
            ],
            "boundingBox": {
                "height": 42.32673267326733,
                "width": 40.818385650224215,
                "left": 0,
                "top": 143.06157178217822
            },
            "points": [
                {
                    "x": 0,
                    "y": 143.06157178217822
                },
                {
                    "x": 40.818385650224215,
                    "y": 143.06157178217822
                },
                {
                    "x": 40.818385650224215,
                    "y": 185.38830445544554
                },
                {
                    "x": 0,
                    "y": 185.38830445544554
                }
            ]
        },
        {
            "id": "GRcMUI__h",
            "type": "RECTANGLE",
            "tags": [
                "car"
            ],
            "boundingBox": {
                "height": 39.35643564356435,
                "width": 60.11434977578475,
                "left": 118.7443946188341,
                "top": 48.75464108910891
            },
            "points": [
                {
                    "x": 118.7443946188341,
                    "y": 48.75464108910891
                },
                {
                    "x": 178.85874439461884,
                    "y": 48.75464108910891
                },
                {
                    "x": 178.85874439461884,
                    "y": 88.11107673267327
                },
                {
                    "x": 118.7443946188341,
                    "y": 88.11107673267327
                }
            ]
        },
        {
            "id": "XdVkQGsEB",
            "type": "RECTANGLE",
            "tags": [
                "car"
            ],
            "boundingBox": {
                "height": 36.386138613861384,
                "width": 63.82511210762332,
                "left": 130.6188340807175,
                "top": 36.13087871287129
            },
            "points": [
                {
                    "x": 130.6188340807175,
                    "y": 36.13087871287129
                },
                {
                    "x": 194.44394618834082,
                    "y": 36.13087871287129
                },
                {
                    "x": 194.44394618834082,
                    "y": 72.51701732673267
                },
                {
                    "x": 130.6188340807175,
                    "y": 72.51701732673267
                }
            ]
        },
        {
            "id": "z3By1lQ8i",
            "type": "RECTANGLE",
            "tags": [
                "car"
            ],
            "boundingBox": {
                "height": 35.64356435643565,
                "width": 62.34080717488789,
                "left": 61.59865470852018,
                "top": 55.43780940594059
            },
            "points": [
                {
                    "x": 61.59865470852018,
                    "y": 55.43780940594059
                },
                {
                    "x": 123.93946188340807,
                    "y": 55.43780940594059
                },
                {
                    "x": 123.93946188340807,
                    "y": 91.08137376237623
                },
                {
                    "x": 61.59865470852018,
                    "y": 91.08137376237623
                }
            ]
        },
        {
            "id": "-mNn12D3O",
            "type": "RECTANGLE",
            "tags": [
                "car"
            ],
            "boundingBox": {
                "height": 28.217821782178216,
                "width": 48.98206278026906,
                "left": 49.724215246636774,
                "top": 72.51701732673267
            },
            "points": [
                {
                    "x": 49.724215246636774,
                    "y": 72.51701732673267
                },
                {
                    "x": 98.70627802690584,
                    "y": 72.51701732673267
                },
                {
                    "x": 98.70627802690584,
                    "y": 100.73483910891089
                },
                {
                    "x": 49.724215246636774,
                    "y": 100.73483910891089
                }
            ]
        },
        {
            "id": "OVL5_62be",
            "type": "RECTANGLE",
            "tags": [
                "car"
            ],
            "boundingBox": {
                "height": 34.9009900990099,
                "width": 69.76233183856503,
                "left": 5.195067264573991,
                "top": 76.97246287128714
            },
            "points": [
                {
                    "x": 5.195067264573991,
                    "y": 76.97246287128714
                },
                {
                    "x": 74.95739910313901,
                    "y": 76.97246287128714
                },
                {
                    "x": 74.95739910313901,
                    "y": 111.87345297029702
                },
                {
                    "x": 5.195067264573991,
                    "y": 111.87345297029702
                }
            ]
        },
        {
            "id": "cRQYbvJxl",
            "type": "RECTANGLE",
            "tags": [
                "car"
            ],
            "boundingBox": {
                "height": 32.67326732673267,
                "width": 43.786995515695075,
                "left": 2.968609865470852,
                "top": 99.99226485148515
            },
            "points": [
                {
                    "x": 2.968609865470852,
                    "y": 99.99226485148515
                },
                {
                    "x": 46.75560538116593,
                    "y": 99.99226485148515
                },
                {
                    "x": 46.75560538116593,
                    "y": 132.66553217821783
                },
                {
                    "x": 2.968609865470852,
                    "y": 132.66553217821783
                }
            ]
        }
    ],
    "version": "2.2.0"
}